node,rpl_staked_total,rpl_staked_megapool,rpl_staked_legacy,eth_bonded,eth_borrowed,megapool_eth_bonded,megapool_eth_borrowed,registration_time,express_tickets,smoothing_pool
0x0000000000a9A823cF72cF7818FB32F38C66ddE3,1000,0,1000,8,24,0,0,1685263979,2,False
0x00265763324F88567D61f10E75aa9b370967EFf0,0,0,0,0,0,0,0,1685443895,20,True
0x00326b76411f884C1602274C69f7bC9B77A280D7,1244.495210148139437153,0,1244.495210148139437153,24,40,0,0,1670811047,6,False
0x00503D8e7b713B199FBD5D58aBd51D00Df5CbA2F,638.533946664398543794,0,638.533946664398543794,8,24,0,0,1688934467,2,True
0x0073c8a7e818C887A68f34055F78B86cbB7C6917,0,0,0,8,56,8,56,1705603103,0,True
0x00CFb7C42392243Eb6849F8c3f06b93Ad2d56B03,2929.197491865491864363,0,2929.197491865491864363,32,96,0,0,1639467768,8,True
0x00DB9B024D1c70127699456DFF5be03CbBCe6222,397.388997353495293523,0,397.388997353495293523,16,16,0,0,1710645599,4,False
0x0123caFe4c792D6255BB94357Bc98AFF2c916A4E,482.914369232333251119,17.450616086123945525,465.463753146209305594,24,72,0,0,1694838011,6,True
0x015992dD2f7eb7bCC72eDcc07d1Eb5099936A26F,934.084012276297382502,0,934.084012276297382502,8,24,0,0,1754162567,2,False
0x01B615877e9425a2dDb1df44B46790f555B00430,0,0,0,0,0,0,0,1688935535,10,False
0x01EE7189Ad3dac344D2FdCa6EE119A6318a677c9,0,0,0,24,168,24,168,1782077423,0,False
0x01dfD216B73A14A4925788DE4100b8340DB1491F,201.960057318963413097,0,201.960057318963413097,16,16,0,0,1656593556,4,True
0x022eb98AB0f3636D6aaD549A786b82a180F32cda,171.377296254370670005,0,171.377296254370670005,16,16,0,0,1658847374,4,True
0x024b058456FBd471Df42f0E0c31F78aBd895686D,405,0,405,16,16,0,0,1647991145,4,False
0x0251087db65a3C736AEAd28F7e84dd1B30086517,3420.939620502415892674,1173.801876201431673006,2247.137744300984219668,32,96,0,0,1636536757,8,True
0x02523F5c440f09ae533600CfC0999ce30df2a523,3350.408883516599103293,144.104074098110901949,3206.304809418488201344,112,496,40,280,1662258356,18,True
0x02Ff0d793eD92d1F29225Ad6eA73b40D6fc6ADa3,5000.000749614521533516,3000,2000.000749614521533516,32,128,8,56,1687631567,4,True
0x0319bCA15291bFB6EED82ba1bDf84B27bdc1b0fC,471.306106937285635818,0,471.306106937285635818,16,48,0,0,1656279827,4,False
0x032a3c209BB58535fFBeD870539F457D8a399003,33715.758355727275398825,9176.320707270698997618,24539.437648456576401207,248,776,8,56,1636418600,58,True
0x03AD192fa0b2cBB67f1913F13CFb60B3E2eBf5CE,2203.691378225701726231,0,2203.691378225701726231,28,100,4,28,1654884899,6,False
0x03E8814632a132A673B7a39EA29Be0d2bDf9921C,205.263527255817879645,0,205.263527255817879645,16,16,0,0,1657363241,4,True
0x03d2634F6b03B24F835bE14F8807B58E6acD14cB,24233.429320218762422203,1085.898967855816154778,23147.530352362946267425,64,192,0,0,1656408157,48,True
0x0436E78190A7865070495eAddD248dE8b4A59465,0,0,0,28,196,28,196,1676243519,1,True
0x0439d135F8eE69C019F524b8538237E93823c1f1,413.518382327090594426,5.53398489700441782,407.984397430086176606,32,96,0,0,1647557417,8,True
0x04591e8486eb106C3D94B58d42a068D60029ded0,614.5796544000562501,0,614.5796544000562501,8,24,0,0,1699310807,2,True
0x04C9B42BD1dEfA88fec165a7c410D111fb3BA818,609.439149451889345843,0,609.439149451889345843,48,144,0,0,1664649419,18,False
0x04D0Dd2647BD05F51096b125F36f0CC8872aa2e1,452,0,452,16,48,0,0,1735420079,4,True
0x050A2aa816F005123F5d2814Da316369A82d8C22,865.146483684923499144,0,865.146483684923499144,88,104,0,0,1667383943,22,True
0x058B4116ceBd39f867A4C20eB16f39270D614183,559.346273643664642233,19.977246550282241511,539.369027093382400722,32,96,0,0,1668718319,8,True
0x05B5d811536b43a0fa1e9D3092990D7D559e5Ed1,23.080578147105839407,23.080578147105839407,0,8,56,8,56,1768622951,0,True
0x05c349423313250d3Ff8a678f948618254dEbe3A,2221.104310257415511136,2221.104310257415511136,0,48,336,48,336,1703985443,0,True
0x0612Bde3d038442858CBFa8508B47a9046F88686,1369.610933959455123857,154.461225606177336039,1215.149708353277787818,16,48,0,0,1636472309,4,True
0x063FD551870A5089726d6836537AE08ecc97F6E0,904.715749653246046853,113.831834122433149214,790.883915530812897639,36,124,4,28,1693673135,7,True
0x06640245eE13d9a4a2d4770019750635d12D38cA,155.795557104839135524,0,155.795557104839135524,32,32,0,0,1664381303,8,False
0x06F102449CB281D9c745b8C93A830E023fbc8485,602.786518045600308305,0,602.786518045600308305,8,24,0,0,1701914075,2,True
0x06Fb9132F2F689e4F8076c712A5515Aa96Fb1879,1594.912384640087825711,0,1594.912384640087825711,96,288,0,0,1648413862,24,True
0x06bC3bd5d558F9aEB38e7f796e2ED88F69f7156E,4446.587905222784142862,0,4446.587905222784142862,24,40,0,0,1640430945,6,True
0x06f2C632410bd68003d7E239a61cB9ebD0d897Fb,0,0,0,0,0,0,0,1730839307,0,True
0x070E932611C1ffE63d540cE62C6ba87c5A427a6b,3470.446457636488938211,0,3470.446457636488938211,168,344,0,0,1668982427,50,False
0x073AA3e73907382e092312b7Ab90365aA0b72E9C,0,0,0,0,0,0,0,1774569503,0,True
0x0770809C41191c00D860bb657E3E351ac5140876,7640.567874980360302933,7640.567874980360302933,0,108,756,108,756,1636534755,0,True
0x0776EACd164Fc2B592320760a3f98CdBfA129ddA,820.114543239764478091,0,820.114543239764478091,32,96,0,0,1699727423,8,True
0x079A9b6992047241e536368016710e7f241eA311,193.49276572075226928,0,193.49276572075226928,8,24,0,0,1682366627,2,False
0x07CBC9D6E3bBa3F2Ef992648c636a0DCF8046BAd,1232.019734723877610031,79.388981518082902871,1152.63075320579470716,16,48,0,0,1673433935,4,True
0x07D94E2285b1b0722A262E9e3d4D3c1d302bC292,1422.100346616076847965,187.713791193642285343,1234.386555422434562622,24,40,0,0,1645080609,6,True
0x07f771B6C79b3F86E12585580654A946448A9020,546.238952194314595867,0,546.238952194314595867,16,16,0,0,1647600683,4,True
0x0853C9E7b688a4651a4D5eBA249b6193047273D7,0,0,0,0,0,0,0,1780155623,0,True
0x08843EA9Eb6498de13dD0DEF3BfEe3b414569627,397.281469666009053395,0,397.281469666009053395,16,16,0,0,1713542447,4,False
0x08C19906f229C0D4f42C8751D57dC07FfaA61F56,0,0,0,40,280,40,280,1671396191,0,True
0x08a6e85DE1e2E86C5024D499a54655E8BbaEB4f2,814.379592354948859916,0,814.379592354948859916,80,496,64,448,1668589511,0,True
0x0904a1969360f988163daC5BaE493793375A74cC,7111.628206068775968319,318.671766455325599479,6792.95643961345036884,456,1368,0,0,1711643255,114,False
0x091bF7886bcBc28Fb63B952eDaA5e61Ced03e097,1839.33446407621297303,142.613530548175878403,1696.720933528037094627,148,268,4,28,1665350015,35,True
0x09611B298FCf9351C8a83B2Ff0FCa5fa4468BC7C,14232.0301670571351728,734.791348982942765543,13497.238818074192407257,32,96,0,0,1685127923,10,True
0x0A0d4C47d59714dCd109C8354f175d3E40350041,1265.917398105789253262,0,1265.917398105789253262,16,48,0,0,1643268262,4,True
0x0A2627D074BA1C41Fa191B1B45B45685abE3522b,556.317965513376268637,0,556.317965513376268637,16,48,0,0,1684910003,4,True
0x0A59AA4d0BCc4caFb36bE1b49b1A50A46D32cc06,398.448197565582803672,0,398.448197565582803672,16,48,0,0,1670008643,4,False
0x0A77C4B4EE9Ab193514b9d8bEe25d7eF09f4917F,0,0,0,4,28,4,28,1768463891,0,True
0x0B7Bc8898E2D5e22D7a051efEAf2AB17A2707280,169.540439443151703049,0,169.540439443151703049,16,16,0,0,1653120701,4,False
0x0DAFB148a4d7736A3D4E4842e667EEA437536974,0,0,0,24,168,24,168,1786153103,0,True
0x0DD7397E821a042621DA96f6F546FFFB7eC4c18C,1715.981243419371004946,0,1715.981243419371004946,32,96,0,0,1636416510,8,False
0x0E023AD32ABAe0fca425F787d4445871b4533e37,6560.058521043495988201,2367.783680119922638111,4192.27484092357335009,28,100,4,28,1636448125,5,True
0x0EC73a2219919623ca2360bb4F0F9C4c28a15070,2042.153949776953975861,118.670970894040124458,1923.482978882913851403,32,96,0,0,1646930591,8,True
0x0Ef62C616398bb4ecfF34491058F3E3e8ee10133,1300.397011734438571845,0,1300.397011734438571845,128,384,0,0,1668967127,32,True
0x0F244EA093D1e987113b4489105aa25Be1012000,0,0,0,8,24,0,0,1730553287,2,True
0x0F617C3691Dd48E7d2F909d48197a9CB49696F1F,0,0,0,12,84,12,84,1659142593,0,True
0x0FF12c0C38264e40b120c9E095aA062251525a92,365.323757003705478013,0,365.323757003705478013,8,24,0,0,1684520459,2,False
0x0a2Df0024f5019D77CA5dFb751C6B3A6952248E5,11945.608288241469055656,0,11945.608288241469055656,200,600,0,0,1717725671,50,True
0x0a9117bdF7dDFD704a0983c2819f55ceCE08Cce0,7928.425336760088988995,0,7928.425336760088988995,136,536,32,224,1636524269,18,True
0x0aF3E038371c807EDd7d3572131Ee54e705559E1,1984.687142886706875323,233.416755895871703384,1751.270386990835171939,88,264,0,0,1636475478,22,True
0x0aFE84a5445117B9EFfd0F4C085085438E36Fec5,65000,0,65000,680,2040,0,0,1719187823,170,False
0x0c4bFcC23a3923E2Aa7262f9fd13260328aA918F,1420,0,1420,32,96,0,0,1705332755,8,False
0x0c74882B55047229F1eF11b08205904C465a3f73,1763.317346197654157155,0,1763.317346197654157155,24,72,0,0,1690216595,6,True
0x0cBEe0Cddc774F0549e5e8e36aC29639E9691B2E,253.952414712449637047,0,253.952414712449637047,16,16,0,0,1652078629,4,True
0x0ccdDA6523B8BCAE8B3Ab407623EE073495C5ee0,1474.138747477610033447,0,1474.138747477610033447,104,280,0,0,1654079024,26,True
0x0d2DFfDAAA8cebc8a571f72cee303528f908d090,8162.157252879182890153,0,8162.157252879182890153,152,392,0,0,1637598154,38,True
0x0d9AF0dA1a8f921c3d7567553E807AE5090B6DCF,831.082978054665724399,48.149378086450403644,782.933599968215320755,32,96,0,0,1656777917,8,True
0x0e67134F64982b43234354cAD18ca2aa63f7540f,907.880166280988860597,0,907.880166280988860597,8,24,0,0,1636503213,4,False
0x0eb166575436c2187fC28Ae1415941108769A416,3832.614145554132990308,0,3832.614145554132990308,48,112,0,0,1652023758,12,True
0x0ed121e35A870a3e4C34C9efDeddED4Bdd5EdC04,648.455468038649406594,0,648.455468038649406594,8,24,0,0,1669306955,2,True
0x0ef25ad333a465910A0c469627523903A28e320a,2332.3397800587617267,0,2332.3397800587617267,64,96,0,0,1647150311,16,False
0x0f2D9bD536037e0a99c28662290c929e85E0007E,5601.281355613996680782,0,5601.281355613996680782,224,224,0,0,1638858822,56,False
0x0f2F244139d0880C25614E8b5213bC3DE92C140d,2515.799171017773705916,2274.468200909731933333,241.330970108041772583,16,16,0,0,1636553126,4,True
0x0f66BaC4f971bfbD7C931de75A8ED753Bb52Dc2F,3478.524309687195017302,268.990892450033618797,3209.533417237161398505,56,168,0,0,1661529371,14,True
0x1033Ae1dCBf87bEB6Dd278cf943b8Ab33Cd07BdD,1026.512904590356328527,0,1026.512904590356328527,40,120,0,0,1703334539,10,True
0x1042B8978752F791d0333A3530DC1B7c019F03cD,781.912959,0,781.912959,24,72,0,0,1636554591,6,True
0x10515df249fEf92b9f95f11b3221817E8B4483d6,2468.685559072142744299,2468.685559072142744299,0,140,980,140,980,1769529671,0,False
0x1061e7BD10EE7a4fb134A7f1e1DB3eCce5322Fc7,12187.18566298616001208,12187.18566298616001208,0,8,56,8,56,1636417007,18,False
0x10D5d36376139e4d4D07C56d6927e13D05ed8089,6000.000096361502201597,3965.988075257003172105,2034.012021104499029492,200,1080,120,840,1654022475,0,True
0x10cF4E5ab74C976767B29C9DFEA5817c59f4B330,0,0,0,0,0,0,0,1777320215,0,False
0x111BedA8ba0053E7a7B4F2272Ef6bc992F4A912d,683.879264722509012185,0,683.879264722509012185,16,16,0,0,1645271603,4,True
0x11B290b767FE786Ea59C42637972B8de05ACB0e3,3245.772797974622536369,0,3245.772797974622536369,96,288,0,0,1636661211,24,True
0x11d5F45239a2833a0a95596B1317A36Cb04b5268,8983.352486463156396204,0,8983.352486463156396204,112,336,0,0,1641014791,28,False
0x11d6cd33517DC489afc8e61A6958B1526348c606,1097.763112231493296171,0,1097.763112231493296171,8,24,0,0,1708730951,2,True
0x1207d0bB26261777c94f074cAa874E4D092554FC,246.185684817885169122,67.421256623476437498,178.764428194408731624,16,48,0,0,1636472191,4,True
0x1236b342B284d26f8d0072e35787897b6Da6A2Eb,0,0,0,16,48,0,0,1755845087,4,False
0x124782156663f8605A2Dc6816cde42747B48435a,514.606641927378820153,0,514.606641927378820153,16,48,0,0,1636432231,4,True
0x126a5D4624cb6ccDdfd0694Ee4d74c9522f6E3cD,862.090691928971751218,0,862.090691928971751218,32,96,0,0,1636444356,8,True
0x128C01b5C1Fe5E405fBf99a5A24B65E03bD31866,195.341890734520733578,0,195.341890734520733578,16,16,0,0,1649117421,4,False
0x12a7e5123BAB8c012BEA1B1A948C15B340718229,785.012556213677115669,0,785.012556213677115669,40,88,0,0,1664243327,10,True
0x12d9C0C81eE237C5abd5A778d36da20873cdF7d7,653.042712687968522475,0,653.042712687968522475,16,16,0,0,1647702954,4,True
0x13104C8e4653f841258E4e12a70C9C0784c7FFa4,2318.754533924773251381,0,2318.754533924773251381,64,192,0,0,1657142066,16,True
0x135Fc07e43DFc021d1dc95bBC4A4EDf77BCC685c,7817.093041633929394985,0,7817.093041633929394985,764,1572,4,28,1643160932,189,True
0x1368318aEb77223A7817FA0Dc5e666D3F10Ee474,0,0,0,4,28,4,28,1771265759,0,False
0x1376BfDF9c7bF1F76de51539d403Bf4FedCaB245,1777.514185438986601306,0,1777.514185438986601306,16,16,0,0,1645927049,4,False
0x13944236fCB272eA4d6637945A0e6D8b4cfCC032,373.501029279142202314,0,373.501029279142202314,8,24,0,0,1693022435,2,False
0x139cF712e55d8ac7bd7f20A96e8723427448BF9A,358.333386497217950421,27.241618736989270616,331.091767760228679805,16,48,0,0,1671327863,4,True
0x13F08Ef90255A8919B68DaD657C4224Ad17e5E09,505.637768391242278579,0,505.637768391242278579,8,24,0,0,1636600939,2,True
0x13c85afe1D5AF7629A821f82FEB409F60eDFC1a3,1254.864090096709476651,0,1254.864090096709476651,32,64,0,0,1661817881,8,True
0x13d8052068083C18aF953B7AC4940aBd3ebf07AF,1418.679529521334068506,63.570971176583132842,1355.108558344750935664,160,480,0,0,1714649519,40,True
0x13ea24536d08b7F552763f233cC544aD669D9238,52611.335037935618218381,0,52611.335037935618218381,152,456,0,0,1636416817,38,True
0x1405499CC97b190bFefada75B68bdc7bbddde298,279.820427716661831547,10.187379993659379668,269.633047723002451879,16,16,0,0,1644002643,4,True
0x140d0F30c1115cF0d9C11B160c18D351b4298900,1133.839012677950151864,1133.839012677950151864,0,8,56,8,56,1636416531,0,True
0x142Cb458C2F2E39D2F7b72f063BF84190eB810D5,1650.135304402027652718,0,1650.135304402027652718,160,480,0,0,1712763083,40,True
0x145657AD6569b63B381d26eBDb742dEACb416839,2328.783944849193655846,0,2328.783944849193655846,56,168,0,0,1642434766,14,True
0x14F7BDD527e8316b0d4B16E00e8de15a1ae27d71,418.564565490950084857,418.564565490950084857,0,16,112,16,112,1638669116,0,True
0x14cfbD1D60684F32B5B3466829D5760384618c81,185.072896525743364632,0,185.072896525743364632,48,48,0,0,1677815519,12,True
0x15E618E59Cb0fc6379eC13700d3f04e7A365488c,1011.348449489837985521,0,1011.348449489837985521,112,112,0,0,1671389603,28,True
0x15e93b64D24D452d7c8FF6260D33D5265F5f38ad,2906.74695637143281047,89.493319823584129873,2817.253636547848680597,276,428,12,84,1707528635,63,True
0x1658A95D08BC44111a93f7AFcaB8444b7e8dC0C7,826.390860629208517218,0,826.390860629208517218,32,32,0,0,1640571830,8,True
0x16A3a243D1910Ba2686294054F057A954BA0E705,763.127311826213344437,0,763.127311826213344437,16,16,0,0,1647679923,4,False
0x16D9de20ADfB6ed1790a2e618063E5b3D1D07Ba6,294.834488912856761524,0,294.834488912856761524,8,24,0,0,1690120523,2,True
0x16a395cF9C03aDFB091FF18611ff1dD7a931b7bb,303.626128965820932917,16.970979294741618884,286.655149671079314033,16,48,0,0,1664652467,4,True
0x16d5EcA149558AC49CAC52ECe17ba7796b06FC53,1049.098420138859566184,21.185560563151513079,1027.912859575708053105,32,64,0,0,1648887378,8,True
0x16d66da7821e3A2A5107cA9bc85674dd0916c37F,1105.314127558578991375,0,1105.314127558578991375,16,48,0,0,1681184531,4,True
0x16f5efdfD8baB94599D21b779e1a83992e876cd4,309.52182025422149727,0,309.52182025422149727,16,16,0,0,1651059910,4,False
0x174E0b45C03318B0C9bc03573028605B26764931,27173.714140451032329281,0,27173.714140451032329281,1448,2104,0,0,1638732719,362,False
0x17C4A843f4e8092Ac0DcbF142110Af6859F11b35,118.308682711892562619,0,118.308682711892562619,16,16,0,0,1668651527,4,True
0x17D503A29ccFDe9C28cCA3b1Fd3a6E1B9b21C69b,97.583602854118237428,0,97.583602854118237428,8,24,0,0,1685157767,2,True
0x1829F19524429a2edaF07bD13d1e47aF19643D9B,484.702925615885706039,0,484.702925615885706039,32,96,0,0,1682118695,8,True
0x18845fD4AA047D6d43C934cC37aca94f85dEf683,12250,0,12250,56,168,0,0,1638228529,14,False
0x188B2d6ac1A8752Ea4Ef4ADB582646F074096aeE,215.4668111398180745,0,215.4668111398180745,16,16,0,0,1663321343,4,True
0x191579647A2124208dcfc2863D28dF2155Dd400B,2951.021403554373245251,0,2951.021403554373245251,16,48,0,0,1636619360,4,True
0x1959eE824A1523A2264adA2eAF9839b0B8EdEDbB,38855.036426660472130147,0,38855.036426660472130147,1320,1592,8,56,1711662251,328,True
0x195A4eD80Bbd1eDE3b34E5A39a044B96FDc6930C,0,0,0,4,28,4,28,1783117823,0,False
0x19604d14DAe7dcb23A4D8C12fB2a211f87A055B5,786.189264959081899254,46.417317814158093547,739.771947144923805707,16,48,0,0,1709071151,4,True
0x19A9b264415c32f25BDC20e22bbc8CA3Caaf683f,402.25578265,0,402.25578265,8,24,0,0,1744406219,2,True
0x19CC5D97637CBcF30500567665B584b0Aa72e8c3,4986.052146498972479331,259.41180356361472986,4726.640342935357749471,120,360,0,0,1692042587,30,True
0x19D3b615EAA547F74ee25e2Bd8419F88282866F8,503.780005814076107257,134.543435070046088098,369.236570744030019159,8,24,0,0,1716648479,2,False
0x1A3944279AC5cf7AE9736F220219956f32FEbd36,223.28244,0,223.28244,24,40,0,0,1700044439,6,False
0x1A7d31ceC3EDF4b1CA4641fD66FB54f2ff5e64cA,0,0,0,72,504,72,504,1662603731,0,True
0x1BDBC903A30B6CbcF46c9AEA76ee0fF52CE451e9,1431.101930505926221624,100.67959763051145648,1330.422332875414765144,48,112,0,0,1640678165,12,True
0x1C24571977bBA4c2af56e40635F5a0F4F4eDf1cD,414.020035810923026457,0,414.020035810923026457,16,48,0,0,1659192961,4,True
0x1CAB6D9A4Fe6363dF7E82f89418D818d3646492D,903.031842573315374742,0,903.031842573315374742,40,120,0,0,1684511063,10,True
0x1D31D571572CAe22584AbBE3BA1003b8FD2c4c2E,369.920629316438298626,112.916687106528327988,257.003942209909970638,8,24,0,0,1690657919,2,True
0x1DC46a6eD3cA1e0FB8321dCB43C4370Df97025Bd,502.627463839017148616,0,502.627463839017148616,8,24,0,0,1671999731,2,True
0x1De3626d6fc2d7c14AF8020B5E8A0c3371D9195D,24175.86842177221404825,0,24175.86842177221404825,1000,3000,0,0,1643809816,250,False
0x1DfA0788Bfb54Ef5c9AEdAd0609E82F5351BF262,891.608360979975979266,0,891.608360979975979266,8,24,0,0,1708039859,2,True
0x1E042c7f7C14c867023440427401d3515a00F5e2,0,0,0,4,28,4,28,1682264915,0,False
0x1E80Ff9CF58eA5274f89577BEF8521a7c7eEc237,534.998639655960290984,0,534.998639655960290984,16,16,0,0,1638879307,4,False
0x1EE11a0559BA7B2e6E4A216210a455c341E71FD5,8543.250653390652028349,455.334216033023648363,8087.916437357628379986,608,992,0,0,1674488219,152,True
0x1EFF6b29320Dd155a0A7F015bdfa80d490902B5D,5569.245982963688885579,0,5569.245982963688885579,80,272,8,56,1636416587,16,True
0x1F11f8E6EbBcb43Db95415fF29D68C9EACd642af,560.36435758600341505,0,560.36435758600341505,16,48,0,0,1695478247,4,True
0x1Fe46996E8104b04a38A91Cde76ae85FA1eF2cDd,2701.302967460854331519,2701.302967460854331519,0,12,84,12,84,1636549534,5,False
0x1Ff6e280e0481c2fa13eEBCC7E81Ec09121f95C9,350,0,350,32,32,0,0,1701642251,8,True
0x1a7Aa0327b5BC1EC9085aaf77c782c86E5c3f0C7,251.553608996307009159,10.090294829693748736,241.463314166613260423,8,24,0,0,1694413163,2,True
0x1aB75E64297aC4F15a1e8089cb133bA74550FD2A,1291.07842997481614829,0,1291.07842997481614829,32,96,0,0,1657710650,8,True
0x1b8BA4CC49533B189bb7fEB6CC9c7F13F9ba64D2,551.389417868123335587,0,551.389417868123335587,32,32,0,0,1666448615,8,True
0x1bb9aab733D81F76644c60056C12384382a56Bc7,9740.763248618210612706,0,9740.763248618210612706,56,168,0,0,1636957611,14,True
0x1cc9569b34A2975FF40aa672E46973aaC1293aa0,0,0,0,8,24,0,0,1753909955,2,False
0x1cc9FF8fbe1Ed15c3E276FE6D209aB5cc0b450F4,2698.636674105662841199,0,2698.636674105662841199,56,168,0,0,1661954555,14,True
0x1d86D1ce0D1c30E079dAd6Da03dD16F87B3C38B4,0,0,0,8,24,0,0,1737302075,2,False
0x1dcfe32c51cDC4b518c1839Dd94dE9764Cd7a3eD,2399.816515105889416408,0,2399.816515105889416408,40,120,0,0,1685746127,10,True
0x1e8d14194cb90ebCa31E6c78f79b1379986D75A1,1600.090298982677603292,0,1600.090298982677603292,96,288,0,0,1684169351,24,True
0x1eCC4a46c2040A982C96F4e3e6D099c7E91afD85,2345.23096963329782239,0,2345.23096963329782239,168,504,0,0,1636507643,46,False
0x1eF43eE9095C821cfA1d202749833c35fA9842b7,833.260745196627893385,833.260745196627893385,0,4,28,4,28,1748579387,0,False
0x1f060E36afd4e430B0dc4B8F6366a58F2Abb513a,4221.707107459889762463,3776.61745857724155781,445.089648882648204653,64,320,32,224,1680253799,0,False
0x1f6A96f59791C16bed6193565f47d8b392C4071A,4414.076763294428808444,2027.185007658922272896,2386.891755635506535548,36,156,12,84,1686337367,5,True
0x1f92eE8cf6483677C0c6381C48e2Bf272764f0CC,45618.507631488243212557,2839.009653827225052356,42779.497977661018160201,2940,10308,740,5180,1641638155,365,False
0x1f9F96D3731E65447c244C06f34ae809E357eeD7,527.599371515109974407,0,527.599371515109974407,48,80,0,0,1664572331,12,False
0x20213Ec8Cd74C009b84dbE8e2bc9C335CC9E0FF2,163.54579105,0,163.54579105,16,16,0,0,1702842659,4,False
0x20240BC7D4eb3B027F2689A4cF2dE6Cc44CF96df,271.091329110477415724,0,271.091329110477415724,8,24,0,0,1686944663,2,False
0x207417bB9cab68286534543a1ABD697d25F71877,351.831661658884912643,0,351.831661658884912643,32,96,0,0,1636810344,8,True
0x207eD20c45ac6cc77ca30d725a98d0c416403178,130,0,130,16,16,0,0,1703830883,4,False
0x20F69DB8296c4072F8741b8e466A596faAA7D0c2,459.705788505328740524,0,459.705788505328740524,32,32,0,0,1651814303,8,True
0x20a3ABA3c6851DD3b4F3c8cD73911cfB0a5E38A4,734.968398977816491283,0,734.968398977816491283,80,112,0,0,1684452083,20,True
0x210a8Ca608CcDbD83E7d84AA463455B9D3597FE9,115.513416113086742708,0,115.513416113086742708,16,48,0,0,1748934539,4,True
0x2111cb2FDCE50f2308AE5224141bD66Eff9B440c,631.370001160484644631,0,631.370001160484644631,16,48,0,0,1711401683,4,False
0x212436ae94C9712D831d70eCee291739E1643dc6,620.533485844008478013,0,620.533485844008478013,8,24,0,0,1682559731,2,False
0x2155c75f337fED1F254ff8EB3Ac09273Bce60406,2074.717580641578117729,105.702546261095767654,1969.015034380482350075,72,216,0,0,1647748262,18,True
0x215Ee436724deC41bD4ee9CaCB8900D886E02d08,11195.728523935678254944,2154.300648157527774128,9041.427875778150480816,52,172,4,28,1640100174,12,False
0x215FE4E6cbEB54AA2AeE4b1013333361C62A8aA7,4078.978512448170987044,267.151032200900118629,3811.827480247270868415,32,96,0,0,1647944429,8,True
0x216cBcD926ae527C3792e404e2F2fF57973D8459,0,0,0,36,252,36,252,1771944455,0,False
0x2180eA0B4Aa0a27BDFb0a68A8eaC37e1a09f42Ae,74.062642875226022326,0,74.062642875226022326,16,16,0,0,1675218551,4,True
0x21D77B807D614bcCDfe019f59090982aFCDdc105,581.509408519938959413,0,581.509408519938959413,16,16,0,0,1688712911,4,True
0x21ceC6f17223F7fdA84fC08e54D70072c656f508,119.961435256179477406,0,119.961435256179477406,8,24,0,0,1682248787,2,False
0x21f3e66382bC47D46E9D28331561dBDCDf34ff1B,11244.396999906314320857,0,11244.396999906314320857,704,2112,0,0,1683936971,176,False
0x22157C72aB16A98897B923F9A5819449a7e2e877,1515.237,1515.237,0,8,56,8,56,1636416678,0,True
0x22436799703Db804AED5D4c3aA96168c0974a5b4,857.977710333052359402,0,857.977710333052359402,32,96,0,0,1637425195,8,True
0x226dd7546fFF9F552C84FC43D172FEC60e500Dab,522.451288985629623925,0,522.451288985629623925,24,72,0,0,1637005301,6,True
0x22758B06212A439CAe9bf945c3F83E61143B00da,0,0,0,0,0,0,0,1778404043,0,True
0x22A588705879f2a752dc095a889620484E57E8F2,14222.320001123677747845,0,14222.320001123677747845,56,168,0,0,1674767423,14,False
0x22Abf9e968B2134CC1E2aE572267e0a916E82484,0,0,0,156,900,108,756,1669147283,0,True
0x22Cb76ED4050A0a361F2b26fCc0b904f947a2592,184.306526818471034009,0,184.306526818471034009,8,24,0,0,1687997699,2,True
0x22D51300b1E18AACddDEB235d5475b255da57126,2858.340395841304377813,0,2858.340395841304377813,8,24,0,0,1674552371,2,False
0x22E265907DD9e7A4d2b28671035FaA952C1D8cE5,294.714344749729528035,0,294.714344749729528035,104,184,0,0,1676130419,26,True
0x22FFBA127F6741a619fa145516EF4D94B90f093A,465545.607015832296015219,26302.980988143958505674,439242.626027688337509545,2400,7200,0,0,1674003035,600,False
0x22a9db251F712cBF4Fd7d987f58261B35291d18c,881.637862620821596584,91.701191089037840228,789.936671531783756356,8,24,0,0,1709404247,2,True
0x22eA6F42c8255517209171b3d555C0D6075e184b,0,0,0,12,52,4,28,1741566779,1,True
0x2337b31A8E6c402677c94973A71Ec34a6b719bd4,334.474614110176192741,0,334.474614110176192741,16,16,0,0,1660023840,4,False
0x235bAFe1253a0880a71A46af4F7AE4686D2fC0e5,1625.313624791625038136,1625.313624791625038136,0,4,28,4,28,1651330986,0,True
0x238FE072141Acb458C94545D7a08655a50a23Da9,559,0,559,16,48,0,0,1699175891,4,True
0x2391a6C3D825bF38cbf61566D2665348707C0b7f,669.429884014535883882,0,669.429884014535883882,32,32,0,0,1642280192,8,True
0x2396F1C218b92783A20085F0CBa50a121266FE9d,2642.780885003554693823,0,2642.780885003554693823,24,72,0,0,1636416531,6,True
0x23A5eF7196C0F6997CEdBf3B8a437F0D0F9Bd02f,401.024729792600699769,0,401.024729792600699769,0,0,0,0,1699008803,4,True
0x23fde06A96496CF55F121b55d14c66131d28Eb43,753.570763116798035304,0,753.570763116798035304,16,48,0,0,1668734807,4,True
0x240371984a43B833231A0D0CB44efed376f4aB99,0,0,0,8,24,0,0,1683878111,2,True
0x2415330B2A2d8E3C82EFE39c5955576C5DB9274C,2574.210137012828956025,165.666222067412394777,2408.543914945416561248,8,24,0,0,1684711271,2,True
0x24369d84f19E2ebD17CA0E1Bb2048db660ac0747,649.089948525851533697,0,649.089948525851533697,64,128,0,0,1672432907,16,True
0x2446D0Fe454AAc8790a69aF59f4463394930641b,271.623597462392008203,0,271.623597462392008203,16,16,0,0,1649880722,4,True
0x24D2706C07ff041DB342Bd72343Fd79E06129802,3795.020560140613939973,164.162332912758605023,3630.85822722785533495,72,216,0,0,1636468234,18,True
0x24a9db8f232948c2f64A4BBD68AC52A2694efa9F,8455.603531461964158085,949.424109211043674282,7506.179422250920483803,1504,2336,0,0,1664548727,376,True
0x24dc0E7518951a5e547f0FC0f0bD93F6f43EbaDA,0,0,0,4,28,4,28,1769375807,0,False
0x254009dD931a80AB003b64B3b211179e43E0B3a0,2374.664087531687751075,0,2374.664087531687751075,96,288,0,0,1738910555,24,True
0x261489b4D6dd14035f2d18337214cC50787eA54c,2625.02180273,2625.02180273,0,20,140,20,140,1753756751,0,True
0x262c459A31068ACdF96957B7734CFFe46C5111D2,174.613207516020096928,0,174.613207516020096928,16,16,0,0,1654046034,4,False
0x2636ED0b3Ac8705b99C0a40d8cC5ecC0C67b6ef5,1259.821657496309139143,0,1259.821657496309139143,16,48,0,0,1675267751,4,True
0x2648b1863D0e3C7753A49571BA5ffB91814f702e,1293.580322053004207682,63.711765130014747702,1229.86855692298945998,16,48,0,0,1636416678,4,True
0x268f6f051FEef9c35Ead61C3E498bb1f49ed9A93,393.353161739078685414,0,393.353161739078685414,16,48,0,0,1646997163,4,True
0x26914B1c5A2b52D3A4E84c76C6C1a426ab426512,717.629792150489879776,0,717.629792150489879776,24,72,0,0,1641733756,6,True
0x2696297D9729C0854A7cB9AF25B64B4bd82D6c6E,225.952922930748879502,0,225.952922930748879502,16,48,0,0,1672786451,4,True
0x26A9a7b53F12c43040947CE80C35FCeA47414e57,0,0,0,0,0,0,0,1667767835,2,True
0x26C6d1C9e44a0b8d6bc1941Df121649B2e3a525a,621.14079217352713486,0,621.14079217352713486,24,168,24,168,1695763547,2,True
0x26D4ef83924f56629e20DE63cd0848C7CDACCF91,1985.358235038752860699,0,1985.358235038752860699,72,152,0,0,1642559307,18,True
0x26c6313979Cf572242D7246752694FD72D75660A,10789.987593022419681313,3813.107731576932496908,6976.879861445487184405,40,248,32,224,1681684583,2,True
0x26f32138d7f6563f0f85de9AF2d82aF091C9ee82,148.62440565364940447,0,148.62440565364940447,8,24,0,0,1686061883,2,True
0x26fB1B53D5F1cFF1A2163011094aB6a41bf57d30,5124.655169065296396622,0,5124.655169065296396622,112,272,0,0,1640609941,28,True
0x27024646B0079b5800fAcA830c043c9adBaF040A,366.97804886,0,366.97804886,16,48,0,0,1686296651,4,False
0x278317Fe034EC19EF9A795b9794db39290d762Be,4248.386857817222349653,169.831425451529112742,4078.555432365693236911,120,360,0,0,1680811367,30,True
0x27861e390d45715Fb8c2498Cb66800019Cf2dBE5,260.83126747613939033,0,260.83126747613939033,16,16,0,0,1654414266,4,True
0x27868958F323067384500ff76114851E389BCcD9,0,0,0,8,24,0,0,1735173959,2,True
0x279C250580FFe2C38E11681Aebfc2e24eB5ceaE7,5840.442181953421233411,5840.442181953421233411,0,40,280,40,280,1649238995,0,True
0x27Ab239888101B7187C5F53537C8A89b006096Dd,101.56324844,0,101.56324844,16,16,0,0,1677108695,4,False
0x27DC67Ce834803A02f4aCF407db3E653Cf22c279,3468.418279387876238439,3468.418279387876238439,0,108,756,108,756,1637429057,0,True
0x27fa0B4C80390469E16a6496130540ba3f085578,186.91573479,0,186.91573479,8,24,0,0,1690628027,2,True
0x2813E39c8B49677C078180b680d882Fe1169B8AD,0,0,0,16,112,16,112,1663838219,0,True
0x28607a3cF7b01004656781FBEEe683887E5B1F47,328.535159116319987373,0,328.535159116319987373,16,16,0,0,1668267791,4,True
0x287A041489A735e51224229A9f997620c4f48c6B,1369236.906162034632052339,1369236.906162034632052339,0,3192,22344,3192,22344,1687408163,0,False
0x291c2cCE0Abb87CA6fbE1207B3Fc86EB0954E911,3699.308795241395849029,0,3699.308795241395849029,56,168,0,0,1695038771,14,True
0x295f23778081912668b7926519E70e799c489659,1225.038684963529298015,63.411577809094782784,1161.627107154434515231,16,16,0,0,1639257654,4,True
0x2973C9CdB94E366580Acb1ADD21805007E322f12,1791.631167882177719522,101.715940387926213582,1689.91522749425150594,32,96,0,0,1695544631,8,True
0x2999cd1E7fe6C50d63AefA5255809E9B25A96d0f,1920.493532271460497154,0,1920.493532271460497154,288,288,0,0,1673909603,72,True
0x299fcB075eCe5174cB9A95F7e2491f05f81Fe79C,312.077959433834405048,0,312.077959433834405048,16,16,0,0,1650052981,4,False
0x29F657B96f1085dfF99D6C02853c0401eE6Bb2d1,662.988160747270898968,0,662.988160747270898968,8,24,0,0,1729968731,2,True
0x29a3bf99FA99DF7C9fA482916215688831232DF3,290.23845959499124098,0,290.23845959499124098,32,64,0,0,1685284139,8,False
0x2A3ff5cA414bD3cE6e6B625e0e718B6A02E98Fe3,0,0,0,768,2304,0,0,1733193623,192,False
0x2A5af9A06c770F62A05C6D693FcE8a13567ad999,10102.612639007546430045,10102.612639007546430045,0,32,224,32,224,1636842853,0,True
0x2A9E35F6eb291FF803498938CFbf22976Aa1D134,647.306972376477488165,39.416685937354308619,607.890286439123179546,16,48,0,0,1636471051,4,True
0x2AA1d70C80547168b7524BCb727d9b1Cd6c66F1d,6346.732712302230543134,346.374067481704695927,6000.358644820525847207,20,76,4,28,1636416562,9,True
0x2B4e401574E443d7e8CbAC02FD60e2c2478f0561,1219.054248445835436352,51.701355905342402751,1167.352892540493033601,24,72,0,0,1703652419,6,True
0x2B6272Da4872C8727C3577dEB0e77bADf6a61636,4589.833652567066164887,0,4589.833652567066164887,192,224,0,0,1652742811,48,False
0x2B8A6c0Ecad63959094866ADAF9D36429491Eeb6,819.360896767520536703,0,819.360896767520536703,24,40,0,0,1636428525,6,True
0x2BA16F6A42df7a006f400e5a101b05a64EFc6484,359.020231694964534108,0,359.020231694964534108,32,96,0,0,1667337779,8,True
0x2BD9DbB9aA04bacEC0a078a6122b8deA14f0B638,5798.21404567,0,5798.21404567,16,48,0,0,1748774579,4,True
0x2C1ec76e2fB8B8f070b4687C122e8dee0EC79A63,7441.282590665875502285,0,7441.282590665875502285,64,64,0,0,1648969871,16,True
0x2C41F34816De4e2Acbc4ceB7FdD670ff38194d4d,2431.700220322466832344,0,2431.700220322466832344,64,192,0,0,1648240901,16,True
0x2C4f33655085616bc0dC5776b9d0b565C4538828,335.280273049915012105,0,335.280273049915012105,16,48,0,0,1684156187,4,True
0x2C5579cadad9e7fE1FB0e23DC1d9525630606d2e,3262.909268014479358003,187.287504623272948549,3075.621763391206409454,12,52,4,28,1737429635,1,True
0x2C6c507C21045057F50d5753C3Dc4469B27f11B0,799.183387876293834702,0,799.183387876293834702,16,48,0,0,1641620312,4,True
0x2E45B2b7c0d99E25d42060383a3F6A9777582b91,872.866460847847662837,0,872.866460847847662837,32,96,0,0,1685658035,8,True
0x2E9c51AF806b2F4544c9815221BBcE9D47719480,96.090877859390363308,0,96.090877859390363308,8,24,0,0,1684260395,2,False
0x2FC21358E2DfB7bb3c845d64e717DFD2Ed584728,0,0,0,8,24,0,0,1745294123,2,True
0x2a7D2bF7dC92B0Be39BA2e4461Afa01adcBfa483,1910.36500175941322671,0,1910.36500175941322671,16,48,0,0,1647411076,4,True
0x2aD23Ab5005568A74Ad377051131415ff102b012,211.480172246915628429,0,211.480172246915628429,16,16,0,0,1673653847,4,True
0x2aa70926CF62dc9625B84fB44D5C690e1c2Be1e5,430.636784301000422253,49.260483842157797214,381.376300458842625039,24,72,0,0,1658223298,6,True
0x2b6fCa9AD7EBd5408dB009f0DF087Ffd934cF98e,3603.169915523193290231,260.106184228424428256,3343.063731294768861975,72,216,0,0,1649988438,18,True
0x2b8f677f9AB4EaA5E69B77c69C7970F6604E04a5,5533.990364132889648909,0,5533.990364132889648909,80,176,0,0,1637672199,20,True
0x2bCD5DE0DF7C9C94C7E4f8D7cE88DA72A3d3D81F,120,0,120,8,24,0,0,1754579123,2,False
0x2c28cC385e51Ac65D7D6ed7537CB0eeBe40c4942,85.222527832245184602,0,85.222527832245184602,16,16,0,0,1675117115,4,False
0x2c668bC44CAB30788A67f2e5243Fca42a0B04667,640.296203065225519083,0,640.296203065225519083,8,24,0,0,1669729595,2,True
0x2c81c032c3990f1e65a71A15c09002FB0A1b6b7c,485.8916935,0,485.8916935,8,24,0,0,1718476883,2,True
0x2cC960c5b6B2688504FEBb716519416861a705B9,0,0,0,24,104,8,56,1694914715,2,True
0x2cead734192AE39B57123e995c2f465495e5053F,221.703363130253976138,0,221.703363130253976138,16,16,0,0,1638372868,4,False
0x2d2BfE2389B7b3779fa04d101f75a89F6A62DcD6,113696.128421954275516776,33023.535668228672987224,80672.592753725602529552,1192,5784,552,3864,1636416562,92,False
0x2d64B92453Aa68E9d647ac3340ee6D5df4B56F09,365.118847828480332167,0,365.118847828480332167,16,16,0,0,1699775891,4,True
0x2d66b68d58f838C38d0F2533D96cf2283f516E05,402.61522201033957276,0,402.61522201033957276,16,16,0,0,1680119243,4,False
0x2d90201F44CA39176927E8724691534d94006fDB,442.709795833733948058,0,442.709795833733948058,16,48,0,0,1658698482,4,True
0x2e3EE625Db821fb67D7a9F41f5b7AAa058d140B8,198.27275479,0,198.27275479,8,24,0,0,1702469615,2,True
0x2e91993C3E91C32c313981b8F3BEde396a5a792d,1404.222491032166294184,180.52330569574762448,1223.699185336418669704,120,360,0,0,1669919015,30,True
0x2ebd90Ef667449466769276F6D9aa5E1F604422a,2230.547115354266102827,0,2230.547115354266102827,32,96,0,0,1647494819,8,True
0x2efdD6f52e5f287D341C1b24c94574164190A304,710.709053110768579642,710.709053110768579642,0,16,112,16,112,1685298743,0,True
0x2f05483052ba09BEc127aaa049Cb5E217977f00b,278.920737089047098574,0,278.920737089047098574,8,24,0,0,1700570015,2,True
0x2f3D5F9A89CBAb5982C56E6146056EFb56d4647E,474.049084592636313227,44.338725929901612356,429.710358662734700871,20,76,4,28,1662919063,3,True
0x2f93c7DC173326bb56D536b31CFAB0CFe9e92E7a,2867.89060079920583406,0,2867.89060079920583406,32,96,0,0,1638987073,8,False
0x30039AeAAa203B660db1e09388550341523f854d,23600.000026444480224739,0,23600.000026444480224739,528,1584,0,0,1636490452,132,True
0x3006bF36E00D67cb6D09D25891d62A39091cF30A,422.523234354918651281,0,422.523234354918651281,16,48,0,0,1675917383,4,True
0x30348d400bAAe4DBa489661895fd828e7d8c3a50,48000.000045,48000.000045,0,32,224,32,224,1771978391,0,True
0x3039bAb88dbFB2aF859F8517B4135589eb08A448,3973.967210985337637213,1804.551352537104489277,2169.415858448233147936,48,176,8,56,1660681804,8,True
0x307a536C3d1129d432EC8b4E9d01918Eb3E175bc,972.968189999515220772,0,972.968189999515220772,16,48,0,0,1636416562,4,True
0x30C92B58DE65E2f264e492778C5D53c80892f6bD,697.661585472133272934,69.941518939495553703,627.720066532637719231,8,24,0,0,1698275051,2,True
0x30D728f9eD98a15b3c8C7c2a2c853f7406f62d20,40473.39941850584796275,0,40473.39941850584796275,256,768,0,0,1638986517,64,True
0x30a93A7F163B1238Ddbad0470a0f0DE4b7D73103,947.555762603049341655,0,947.555762603049341655,32,96,0,0,1638917052,8,True
0x3101c347F0fA95e85aC2BB3b098fdEd3e095A813,246.064546313874361847,0,246.064546313874361847,8,24,0,0,1696534283,2,False
0x31227bc3FE685298E8973781621c8fb77EFfeFF5,10000.000000021332205716,5000,5000.000000021332205716,32,96,0,0,1636540741,8,True
0x312c72E52ad93086A6bAE755f58907Cca309d033,0,0,0,0,0,0,0,1772551931,0,True
0x313674b062Fd777a947440CC53d2Cd04825DC920,949.502868431292744954,0,949.502868431292744954,16,48,0,0,1638722481,4,True
0x3189b03CDDba29B7EAA988CA5bDD034A3676D5B5,1154.244880016577924009,0,1154.244880016577924009,32,32,0,0,1647785483,8,True
0x31aCE4b1706C61B5FDA344987D49B54C55C3057D,456.74362505,0,456.74362505,8,24,0,0,1748724527,2,True
0x31c906774Fa676fE97F615C3D5aFea8AEC72Bf78,14200.585137507314218842,0,14200.585137507314218842,160,480,0,0,1644566775,40,True
0x31e0c818F20BCD0b81b2Bd2c8aeE6D32175fA4D6,156.464198783437648129,0,156.464198783437648129,16,16,0,0,1639121630,4,True
0x3238b0356a4a8992699B77B8854472cD117C18Ed,893.755167958446458465,0,893.755167958446458465,96,96,0,0,1684379771,24,True
0x3254aCEEAca02B2ED58F2C45051F4A3398bD48E3,791.105466291518447895,0,791.105466291518447895,32,32,0,0,1639620330,8,True
0x3270F82CdF044e886988d90e23708f0fF53b5C47,2501.490243065542406826,0,2501.490243065542406826,72,88,0,0,1637375019,18,True
0x32852E4Ddc2a493734425777c083BDEd5b4A86Ad,1005.1243635099167117,0,1005.1243635099167117,128,128,0,0,1693445015,32,True
0x328cdF6fCc267f7779220b01569876f8F4A48b06,3594.279719258752899681,0,3594.279719258752899681,112,144,0,0,1652738563,28,False
0x32A9D4Bec626Ee17a8352a6Aa7641B0E2F694F5d,946.481609423874134373,0,946.481609423874134373,32,96,0,0,1637047096,8,False
0x32Cc1748C350DbDf6d26de6d3A1D8B31D3E5690e,1127.542656127471510097,0,1127.542656127471510097,64,192,0,0,1636853145,16,True
0x32ab167b2FD295BCE4033100f86D3e5DB4af30A7,173.869261350572985329,8.563455514626294381,165.305805835946690948,16,48,0,0,1676764403,4,True
0x331E1a893Ed611427f9C54172B208B7D23E4c263,2284.135831544544187372,0,2284.135831544544187372,40,120,0,0,1636426285,10,True
0x3387aF3FE9bc4D4CB3C0993fBeCdc34ce76E1F03,403.105766970061166708,0,403.105766970061166708,16,48,0,0,1656895948,4,True
0x3392c2258718a0ACfa73165224E90bd11d0cD718,180,0,180,16,16,0,0,1647860645,4,False
0x33D3C08726Fe0BAdBA431D583E225912624C8bc6,13.883893555944405114,13.883893555944405114,0,32,224,32,224,1706496287,0,True
0x33E1593232a4EA27e7CdE4733D000b53B47bA392,0,0,0,640,1920,0,0,1747265555,180,True
0x34086f90448e7EdcEdb13589399B7DD7E35e713f,143.334199165285083775,0,143.334199165285083775,16,16,0,0,1696167719,4,True
0x344049488813D27Cd46A4e023122f450c592f123,0,0,0,12,84,12,84,1777567559,0,True
0x34BDD73318e8FE2747f8FF0638a757d366325491,174.75837252484268266,0,174.75837252484268266,16,16,0,0,1666675019,4,True
0x34C86479b1d97ae7FF0E940Fa4c206231250F539,440.744525857427826706,0,440.744525857427826706,16,16,0,0,1639088403,4,True
0x352F55CB13D86DD471f2562F067801aaA4b6f540,0,0,0,0,0,0,0,1701886379,0,True
0x3568F9fcdDbE42c204c607E2E1a041a92De8Ed13,421.050591713889041857,0,421.050591713889041857,16,16,0,0,1641468035,4,False
0x357C538de7b6d7869f0bB6c93dcd0a25d6cCDff3,600.503532220716427865,0,600.503532220716427865,32,96,0,0,1663997291,8,True
0x358d5A1FC6415893043784e7e501c5B5F7379D62,258.971493136369989495,0,258.971493136369989495,16,16,0,0,1648164891,4,True
0x35A4F2B135E3C1b49F16e3c8D6aCCDccaa98b6c6,0,0,0,52,236,20,140,1657775081,3,True
0x35c242277d5758B550764bE7E8A6e0D7cEf5102b,1827.251109817770533463,28.633366404019001007,1798.617743413751532456,32,96,0,0,1645691693,8,True
0x35f8b7F8d31c50C830B8f84bF8B42C966803140F,0,0,0,4,28,4,28,1732877963,1,True
0x368b3ab8d383954db1536E1d455CE1903C5778b7,6275.831511718058012171,0,6275.831511718058012171,8,24,0,0,1763488247,2,True
0x3693Fcbdc8DCCB8C01A404EbcDd92649212a7d1F,663.934282584453986467,0,663.934282584453986467,16,16,0,0,1652003672,4,False
0x36F0776d1f85d882524ff9a864A6d6160c5aB043,2760.873756323123947962,0,2760.873756323123947962,72,216,0,0,1638080744,18,True
0x374e59403C3C1d803EbFc9C2F0c528f6c6518467,408.132460799813643495,0,408.132460799813643495,16,16,0,0,1646735963,4,False
0x37567D88f7D23143C69DA8113dE554da1dF6b32F,604.89418054263179199,0,604.89418054263179199,8,24,0,0,1754209847,2,False
0x3788248a4d34597e8ADA35C0D79242fD494fBF63,3609.101730939694786798,233.298325821649275486,3375.803405118045511312,48,48,0,0,1643760634,16,True
0x37CA3F78031650cA38046F70D568c585052ee188,1716.303182760490822743,0,1716.303182760490822743,32,96,0,0,1645827737,8,True
0x37D0bEF7c3217a6494671Ec05d762f355304738a,2536.823711843213281762,2536.823711843213281762,0,8,56,8,56,1762919411,0,True
0x37d44D808fcB6CfC0C86e1779368b692B1EC1fFc,7202.821325038388451813,0,7202.821325038388451813,144,432,0,0,1636841395,36,False
0x37e25A7081e5dFFaa856Ed0654D60471967bA679,205.363403958560895484,0,205.363403958560895484,24,72,0,0,1730444759,6,True
0x3812167B6eB7b1928F03372C5876d5ccaef112DA,5318.670736431212107296,0,5318.670736431212107296,56,168,0,0,1639772671,14,True
0x3831160457f35aB49bd505827430Cc1C2aC8135b,0,0,0,4,28,4,28,1780802783,0,True
0x38362937B202Cb3e28cE71bABbc68dd265B9638c,0,0,0,800,5600,800,5600,1790218103,0,False
0x383A374476c8ff53F93cdD5Bb916F46F3A2b2406,835.748695580095249628,0,835.748695580095249628,24,72,0,0,1674025007,6,True
0x384F4861Ef5bc1F4918E19C9249c052eC0699Da8,373.786827757462123054,0,373.786827757462123054,24,72,0,0,1637411266,6,True
0x38843807e3B163fDA60651f024AC9bB034b7E280,0,0,0,0,0,0,0,1771504175,0,True
0x388bc148D8543eFfadCb21a77AD4F6a254920646,1778.08767373299306664,0,1778.08767373299306664,64,192,0,0,1673185631,16,True
0x3893580053e54B4271C73D9b684B83FA3d951F34,467.617781431350129488,0,467.617781431350129488,16,16,0,0,1647771193,4,False
0x38B8fe4Eb795ba46CceFd5E0b025Ba8981784217,404.8907,0,404.8907,16,48,0,0,1682907911,4,True
0x38FB736239FF3e555FDb3D4b6D5695C37D4084D6,5426.75567564030628305,267.280026705757760091,5159.475648934548522959,64,192,0,0,1707500819,16,True
0x3909EF75FFAb561c1B958dbbe36773A22Cc7Ecf5,2832.177606289457452455,137.984640377164898538,2694.192965912292553917,32,96,0,0,1643472992,8,True
0x3913f7f1E5E8135572bBf17C2339a797C59eAb51,438.272733178100158476,0,438.272733178100158476,16,48,0,0,1681383815,4,False
0x3976DD3cb77Ef07536b4cAA3a414939c72F894FB,269.906938813902958042,0,269.906938813902958042,48,48,0,0,1669301099,12,False
0x3984459879da9794d49Ca0d7545aD1Ee41668569,0,0,0,0,0,0,0,1771480619,0,True
0x39B0c05bDEfDd50aF77D313bD97e5E7744aDD40c,500,0,500,8,24,0,0,1685902643,2,True
0x3A549CDdCa2Ace1c71ECF2538b67d82A8d51862f,494.701732431278410512,23.003626797061010931,471.698105634217399581,16,16,0,0,1698405479,4,True
0x3B31986844327B1f14F694064FC3f299E4066417,555.729509542806361417,0,555.729509542806361417,16,16,0,0,1636478647,4,False
0x3Bc70dFd2faC1A2117Dc8B0bcacF93fEcF63F1E9,2209.980298600468051805,0,2209.980298600468051805,20,76,4,28,1638049449,3,True
0x3C1E0068229CC55804C5149330409f232605B8Ea,488.698552968393321022,0,488.698552968393321022,24,72,0,0,1679707175,6,True
0x3C97e9545012A53DcB597514578F9336719F3414,48001,48001,0,32,224,32,224,1772756927,0,True
0x3D1191ef9b632f3A7Ce764620c444e0D63BaDE4E,515.216454200494997082,0,515.216454200494997082,24,72,0,0,1648602791,6,False
0x3D45872e7dBb8E2dE0270bf9193b0BBfEBF15BBf,220.226082270043306164,0,220.226082270043306164,16,16,0,0,1694143907,4,True
0x3DA9254fE8f0F8CD4677CB59E436DDe0EECF6946,450.4584194878623197,0,450.4584194878623197,16,48,0,0,1661989986,4,True
0x3DAc9a314BfA24EE72E4C0b6f7556Aec3612ca73,5447.704406549074719345,5447.704406549074719345,0,88,616,88,616,1664045663,2,True
0x3DC0f51F79B115C9755b51642ab73840b5a46f22,7629.645410082492624906,3244.880147170433635551,4384.765262912058989355,160,512,8,56,1636901255,36,True
0x3Dc99e74391f3A82e856A4Fd413b04aA3b342858,4553.815267371649168107,74.383609975367684994,4479.431657396281483113,104,312,0,0,1637476796,26,True
0x3E09493BA433f8A0685d29C126d66C9D0678Ca9b,1088.27474963499172927,58.002363509833135487,1030.272386125158593783,8,24,0,0,1736735963,2,True
0x3E3aBD342BE30eD16313C20c254f9B2951b0368F,198.52570548,0,198.52570548,8,24,0,0,1704690695,2,False
0x3E730b3082328B4Ed63523695c0E4F5B24d44873,1060.800829664839105754,38.333148072918086857,1022.467681591921018897,8,24,0,0,1727857667,2,True
0x3EFf05d9831bf9372E0cB565765eb073A68694e5,646.410901755358980599,0,646.410901755358980599,16,48,0,0,1659948011,4,False
0x3Eb20db4aC03b6506361A7F1036dF8668C53f0f2,445.207916238081597889,0,445.207916238081597889,32,32,0,0,1651067327,8,True
0x3FB8fcFc3357a74b618486f1e2daEB8567672Dc7,614.00349666557586366,0,614.00349666557586366,16,48,0,0,1638229217,4,True
0x3FBf3a36013cBbA7524Bd5342bbC0Fb3060892b0,180.140035923187817659,0,180.140035923187817659,32,160,16,112,1684404551,0,True
0x3Ff9bE963F8FE7dD05903a2cBe9952AD27EbD46e,1399,0,1399,16,16,0,0,1733518007,4,False
0x3a2bE14DbB1C679380d1f34a92CAA128BEe1Fa77,2399.607330671178425631,0,2399.607330671178425631,112,112,0,0,1647224988,28,True
0x3a5E27748E3360a0e035dAC484043fcEAC069BAf,4241.752990475163886733,299.146059741693842804,3942.606930733470043929,64,96,0,0,1641115181,16,True
0x3aA3075656df811A81f18b18E3A0De6EBEC97311,0,0,0,8,56,8,56,1682030999,0,True
0x3b35b2F5c2814CAA1b51C2a4855e570d43AF800B,255.444897765517946969,10.856220738742706088,244.588677026775240881,16,48,0,0,1670919959,4,True
0x3b6fC5cC2feeFc357212617930AEDAc9493288aF,14108.871014488943985524,518.324634615286591563,13590.546379873657393961,1008,1008,0,0,1701625559,256,False
0x3c005295A11AA1e637AdaB63237B218b2D0Ddf5D,1135.227053968700249087,0,1135.227053968700249087,40,120,0,0,1643765519,10,True
0x3c2279429d7c2dB864Fa38B8cEEdE7241C51f7B8,5769.277960239401089121,278.449248324272467079,5490.828711915128622042,24,72,0,0,1719750527,6,True
0x3ca42cB29F26B214ae6Cfde4001012CdD2735c13,1357.542516412790283699,56.800191509560498812,1300.742324903229784887,64,192,0,0,1664184683,16,True
0x3d40C82f2eD12772080e12a09Ccda5D68456C506,443.02009020045333474,0,443.02009020045333474,16,16,0,0,1642424802,4,True
0x3d6D4DF3489332A069BF1cB3bf8c388eF5f45361,409.062026558014384446,0,409.062026558014384446,16,48,0,0,1673183087,4,True
0x3d88948a9c10149c98080Af9e9D5B73792DD5929,0,0,0,0,0,0,0,1785692375,0,True
0x3d91Af11eaA234daF1FF1059C50e5d07d0465505,246.214587357430240086,0,246.214587357430240086,16,16,0,0,1636440178,4,False
0x3dd43F1DAb83eb4e149C8A9bd62a2419c01e5578,0,0,0,16,48,0,0,1683294107,4,True
0x3e45C44Df94d159B50c5752634c05c0e8E5ce643,2853.2771413,2853.2771413,0,8,56,8,56,1772621219,0,True
0x3eb15bD925773339f05DffB82DCEFfA3c9DFC48B,123.003651786739526474,0,123.003651786739526474,8,24,0,0,1747665167,2,True
0x3f0Ea7DE2fB5C64F4cb621Fe40F9Cf08165e8f3A,1738.957761057529697381,0,1738.957761057529697381,40,152,16,112,1650130818,4,True
0x3f8040b10B0b81FD6F76E51C6Bf32E9206115F55,382.823510546563547453,18.854926265020124484,363.968584281543422969,16,48,0,0,1686238151,4,True
0x4002DaCDAD5CB6Ac5A6ab469b5ea0Fe1737A7f45,738.778148179712626017,60.779038479953086291,677.999109699759539726,24,72,0,0,1652928899,6,False
0x405EB76eE145C7aD693427fC7BfEeA9bcC287f2d,0,0,0,328,984,0,0,1735184879,82,True
0x406eA384ba26e10350215a5587315061810D5431,483.913499437503365258,0,483.913499437503365258,16,48,0,0,1638675334,4,True
0x4070aF5Ff1e6112438a2FC818a9d1fCB647Fc83d,681.729866764254612355,0,681.729866764254612355,24,72,0,0,1687274147,6,True
0x40960b6b0b59CB11279E7395bCaB6BE96Fb4215A,1542.069888689928911326,0,1542.069888689928911326,32,96,0,0,1645865615,8,True
0x40990ce7A56dBd9229aa94f08de71e2Cd8Fe06c7,1003.687709787735135157,0,1003.687709787735135157,16,48,0,0,1636429718,4,False
0x40FC94B4FfbE7d19eA4130C5D8319Ab883562481,2987.504584337600458543,252.566268058982767658,2734.938316278617690885,24,72,0,0,1637124372,6,True
0x40da247b6ef9468999e81B39F45E75422f255361,745.078356640623413253,0,745.078356640623413253,144,432,0,0,1681152563,36,True
0x4173018983ab21D8FC3A469DDc4e649A6138230c,786.693683271070675925,0,786.693683271070675925,40,88,0,0,1647912394,10,False
0x41C671916784921Bf9848780900f49FA80fdd22e,2937.311326785041434714,0,2937.311326785041434714,224,672,0,0,1650062338,56,True
0x41E1dffA4D370ea388B2052d8DBCDeAb1874a8Ee,1133.889451372617836374,0,1133.889451372617836374,32,96,0,0,1636893647,8,True
0x41FE9Ad6B3216D8Cd2ec0401b2173848F0C863C2,998.188693439472973101,0,998.188693439472973101,40,184,16,112,1676642027,2,True
0x4201ffD873A811C4DFa19e16E36926Dfc2ab0547,0,0,0,0,0,0,0,1773303995,0,True
0x421fC60D1E0E7C2B7CE7426f96805ba19943753B,6434.838023769016153096,401.553312376593973826,6033.28471139242217927,172,564,12,84,1710691919,37,True
0x4233A66cb9950eeef0FfFeF7488C6da562AEe855,529.707019805255566708,0,529.707019805255566708,96,96,0,0,1675467779,24,False
0x4243AAdF61b769F8f90C38553933dDb6Ec066fd9,978.870428636542310156,0,978.870428636542310156,16,48,0,0,1724567315,4,True
0x42562Acf058aCD039261566488169C96a4836155,0,0,0,0,0,0,0,1703264843,34,True
0x4283E26874bA3F9cC492151740b034db7D662995,1098.381142305464153222,39.688612358814557196,1058.692529946649596026,24,40,0,0,1669925435,6,True
0x42C1faBD7a2662443bEB8e8748EF0A56f852C88c,554.025491073761834502,0,554.025491073761834502,16,48,0,0,1683976835,4,True
0x42E36a7B30Aa8eA8bEC7B64170e40aeF20B00Bee,2309.566204672136996568,0,2309.566204672136996568,40,120,0,0,1636969910,10,True
0x42E70FE1e1EBB875BC7Cf7CFa36a153c30E0dA30,907.713409861188484036,40.358834954306260651,867.354574906882223385,16,48,0,0,1668645227,4,True
0x42ED51c56d4030c067164D3c263e2f688A57082c,227.837262489595675038,0,227.837262489595675038,16,16,0,0,1643231010,4,True
0x4310B536DA9803CA523C13c8Af1F06cD7f4eBF92,1022.922964358630406923,0,1022.922964358630406923,208,560,0,0,1668815015,52,True
0x4356818d1FfCAf2Ee42851f04C224920bd3Aab1B,277.349191283186180721,0,277.349191283186180721,16,48,0,0,1676750027,4,True
0x43799E28b96D18548b496558Bc816A3F88C8038B,393.207916190158198762,0,393.207916190158198762,32,32,0,0,1651294904,8,True
0x4386c7F6D5023a0a6908A6C47E7Af4205378bEFd,0,0,0,8,24,0,0,1731119387,2,True
0x43ddCf658c98c20562524FB155dE3A4F6aC72f9d,411.442541800055599634,0,411.442541800055599634,24,72,0,0,1661782762,6,True
0x43e304Ef672A38EaD0871ec4785Cbdc3C51Bca3b,1266.870022048879497835,0,1266.870022048879497835,160,480,0,0,1650364748,40,True
0x43e46D8d021092BA63f7A2548C281C973c63Ee42,0,0,0,8,24,0,0,1761630635,2,True
0x44047d46C49742D992e7845BA5a6A1d04D9a030f,178.505322347802005315,0,178.505322347802005315,8,24,0,0,1684595015,2,True
0x44254f62e73F2288222eb05C4B2C8Ed33c1F6Fbc,600.230274196041492743,0,600.230274196041492743,16,48,0,0,1659423147,4,True
0x443F2d81038d67D4AFbf457FCB1149043BFB479A,15928.566451434683319429,210.648660224892553952,15717.917791209790765477,80,240,0,0,1692531695,20,True
0x4469729B9aB9D7EA878Bac594115C70CA6e741b5,0,0,0,64,64,0,0,1734456923,16,True
0x44A2386eaab2A13593731f2C36Fe06567bCBC610,228.116518294293388083,0,228.116518294293388083,16,16,0,0,1691680211,4,False
0x44Db3Af9AecD8c925A56885443eE259A31Cdb3C4,653.265840741607875515,31.679727004887269836,621.586113736720605679,32,64,0,0,1670916263,8,True
0x44ba339389930997334b3b69d04Fd5624E2574bF,500.173002476180646703,0,500.173002476180646703,16,16,0,0,1689339023,4,False
0x44fe4e2863601D385679fA80e1545e4c739a4630,461.149875217849927617,0,461.149875217849927617,8,24,0,0,1696170383,2,False
0x45135fA3a5Ad74e8eB690A1F68B063f0d1B0202B,2564.688319902572049098,0,2564.688319902572049098,112,336,0,0,1672439255,28,True
0x4569b26eE713b2BF2090bBBC4C163F857b861284,144.44,0,144.44,16,16,0,0,1703262347,4,False
0x458CE677150aCDF800187614586091950b431E89,265.845526093695454456,0,265.845526093695454456,16,16,0,0,1638081090,4,False
0x45A4D200f1177D4E93586611117b82c8f5CcDaA7,1540.749307968235338349,0,1540.749307968235338349,16,48,0,0,1636782295,4,False
0x45C7811C459a43d0C17EF18F33A2C8921aC4ECf8,498.199454758159928481,0,498.199454758159928481,16,16,0,0,1682962223,4,False
0x45beA5Da5d62FB0C9E761f330E244C9C1553EB78,183.819376859926145131,0,183.819376859926145131,16,16,0,0,1648218614,4,True
0x45dF28a209E2B4Fca5C6d14b6048e66C0133fc99,2210.314269981632662348,0,2210.314269981632662348,176,528,0,0,1669777175,44,False
0x464F258Bb31d8fF569401073E17bEc8306f3b5ad,546.587223780778774257,0,546.587223780778774257,24,40,0,0,1652151574,6,False
0x4684B22F628FBdF2129C2acF86E803fF8E52E824,0,0,0,0,0,0,0,1773160739,0,False
0x46C8acd7a3944a2180220Fd545Cf8221dc20e8AF,1738.040555951031674088,131.249708802295660754,1606.790847148736013334,32,96,0,0,1703523923,8,True
0x46f3937A731543C4417584E85A8C9a0D6fF554B1,183.850124148623719011,0,183.850124148623719011,8,24,0,0,1682453495,2,False
0x47179647c0671567625fECd7F6c107A74Cf3E788,6147.865745830857880402,0,6147.865745830857880402,40,120,0,0,1648808390,10,False
0x47721Ae11222848aa957aE9e6A3E87C5Bd960E37,587.663517233993469923,0,587.663517233993469923,16,48,0,0,1652229015,4,False
0x47730Ef452712168a1d05f4E5c4c123dcc5f8550,205.646876558761293245,0,205.646876558761293245,16,16,0,0,1644328573,4,True
0x479814612B98E3A3ff85EB07ECfe6ffC0a864046,3392.16226445169548871,167.07168607253280059,3225.09057837916268812,484,1468,4,28,1684760219,123,True
0x47Dd29157dF6F0Aa7673Fae7Ec8271187D2125c9,3233.510204678913007255,136.020431843912292021,3097.489772835000715234,64,192,0,0,1691333435,16,True
0x47a298504cf7Cd35b367013a61b53E85873cADb8,990.84077909322946881,0,990.84077909322946881,16,48,0,0,1720039763,4,True
0x48180B06D93E5CaD6Bb4b71BbcE944d09b254B37,2313.997211964082697866,83.613360433567273291,2230.383851530515424575,16,16,0,0,1637346248,4,True
0x484ca56d21fD350b6d4dD7D991ef97082FcA09c4,355.955896750348547758,0,355.955896750348547758,16,48,0,0,1665582767,4,True
0x4859bee79aabb156E511D987519753258df590cc,1120.049423548259079574,0,1120.049423548259079574,56,168,0,0,1640129621,14,True
0x4890442fE6aBcF9e4CF7B292e3FD5e27DA6F0C8A,1294.163430211899664024,0,1294.163430211899664024,16,48,0,0,1664574431,4,True
0x48CDB2914227fbc7F0259a5EA6De28e0b7f7B473,3690.98839257,0,3690.98839257,56,168,0,0,1704573791,14,True
0x48a79fA05477F58d9e6eB447b82Ea60A85823bEB,532.351964760360891695,0,532.351964760360891695,8,24,0,0,1668357203,2,True
0x48ee0aBAe316499E6d9375671c4B6AE406bd288B,1621.632848047958429871,0,1621.632848047958429871,16,48,0,0,1643173189,4,True
0x4916033dbd5062c9384eaA78938700AC57762814,2175.77362039351517093,0,2175.77362039351517093,32,32,0,0,1646524792,8,True
0x4917301CD148FA9265478f64763F71a1d0BC6B9e,446.094185473167140888,0,446.094185473167140888,8,24,0,0,1647906446,2,True
0x492CD0C91704c547f9fD587D8D40926036051d49,1464.818650487381207376,0,1464.818650487381207376,8,24,0,0,1681841999,2,True
0x49518e3d5d552249281fdB07D1b807D532BcF420,189.7,0,189.7,8,24,0,0,1698330959,2,False
0x495b7B550eF32f5a65542015D0900D896599786f,4952.115620843979060272,0,4952.115620843979060272,48,144,0,0,1709360927,12,True
0x49845c74912745f81FB19f9af9A99ab6314D3949,300,0,300,32,128,8,56,1684149491,4,True
0x49AAda7c1eB953b82f2224955aE1a791B6332F1e,48000.88,48000.88,0,32,224,32,224,1772427911,0,True
0x49C0A3c307b5A8Ea3403892D5Bc9027b6cC2343F,327.594798076537861265,0,327.594798076537861265,16,16,0,0,1681813475,4,True
0x49C227AC6b5b274702f1b71e76881B8Df11B8EB5,323.470644650221123503,323.470644650221123503,0,16,112,16,112,1637831486,0,True
0x49D699E149D76d24e8Ba707F43F5B6E7dF78D96e,6726.629593670392228568,0,6726.629593670392228568,52,76,4,28,1647745282,11,True
0x49a8a7a45F9214026A7F5D6eF7508F6EE0017C66,251.384649517705266678,0,251.384649517705266678,32,32,0,0,1672878083,8,True
0x49b8c8fE284919c8899701816C737AE5fbD7e26e,24513.669907882191076577,24513.669907882191076577,0,48,336,48,336,1741110779,0,True
0x4B7F27939CF51d568Ca0bC9d2262707d20120e1d,2616.037861191769214806,0,2616.037861191769214806,32,96,0,0,1719879599,8,True
0x4C47c6ECe687Cb6493dC9bf0fB51CDC04B6183C5,1094.187752996379109272,0,1094.187752996379109272,32,96,0,0,1636851035,8,True
0x4C685d099b6E181A2774D210Ce690D98EEBF114c,5330.690863134751001704,0,5330.690863134751001704,112,336,0,0,1636861050,28,True
0x4CdE259C77fCE161d6a6250371a3e56f83887dB0,0,0,0,112,784,112,784,1649386148,0,False
0x4Cda7590079425792310D57FcF841a99e3f008eE,2051.699813651868125444,0,2051.699813651868125444,64,192,0,0,1641226412,16,True
0x4DD01C76D1D1053CB12e5a3604118c6b49f223DC,5800.00000045828707019,5800.00000045828707019,0,64,448,64,448,1636435073,0,True
0x4Dbe962c51ED5700a513D19d67f7AD8b668fB452,1216.721669023625188612,0,1216.721669023625188612,16,48,0,0,1636465595,4,True
0x4E08BB990Ae713DfB9416E11715592E71B09D10C,279.587719651136808878,0,279.587719651136808878,16,48,0,0,1673930687,4,True
0x4E1070D678A92E0186abF6Ea7Df0f49DDe6d0786,1511.733965931164016424,45.85370240915570601,1465.880263522008310414,56,168,0,0,1681910219,14,True
0x4E847058d41A4b5552dbD66d64ADcBAc13304bA6,28259.431083233439989418,28259.431083233439989418,0,64,448,64,448,1642672471,0,True
0x4F16628789A29481ab57B5b1E003e9975E22c8b1,0,0,0,4,28,4,28,1679731787,3,True
0x4F71064865048BD4d4FE824B281aE39afeEcaf51,222.551187009405637454,0,222.551187009405637454,16,16,0,0,1639286562,4,True
0x4FCA54bB44AbE853FF884e8b5DE032a2cc058184,251.302371566531934234,251.302371566531934234,0,92,644,92,644,1636416562,0,True
0x4aC235Bf6Df01B9BF0789285bD6D02376B94EB2C,5117.84469365072432302,0,5117.84469365072432302,176,528,0,0,1700950271,44,False
0x4aC9748DEFdDf36167600Ff352F4C671749A7AcB,4763.645813533627748992,455.976660738931220081,4307.669152794696528911,48,336,48,336,1636487690,0,True
0x4aE0C5D59a627d7A56943bC842826ed4ce3Ec759,99.93,0,99.93,16,16,0,0,1686211703,4,False
0x4b0E54354d9932a37Cc54aE270a48C29Ca8AD70e,26942.855026112144594627,763,26179.855026112144594627,272,1360,136,952,1744279547,0,True
0x4b76175a1d9b847259653D00AF5F36300AB01eCB,226.587758506088983761,0,226.587758506088983761,8,24,0,0,1707686819,2,True
0x4b86298B76eDB2c84dde55F14e4d3a64Ef1853Db,957.965782515663920019,0,957.965782515663920019,24,72,0,0,1636451171,6,True
0x4cdC6121aD65A0e1A0e1e7F408e6BD0B86148498,72.14610203412763775,7.232744452191527127,64.913357581936110623,16,16,0,0,1680130643,4,False
0x4d343a7B6b1Fcb89758f3724a0e7cfE7e0C6c6B1,1360.631582301021289622,0,1360.631582301021289622,12,52,4,28,1684349699,1,False
0x4d7Ac13fe3D295c14828A389f6a3807C97D45056,28100.461919532394485701,1191.769754839435403222,26908.692164692959082479,72,216,0,0,1689142163,18,True
0x4e25827130B6d1fc544f42a57151557249B42da6,280.337030627354003401,0,280.337030627354003401,8,24,0,0,1687130867,2,True
0x4e50542b4219BA2E7A00DCc21e448C4e3Ca56579,657.881479515806565741,68.427772699871267963,589.453706815935297778,24,72,0,0,1661902062,6,True
0x4e854AF61E5a0d797F555E81D1Bd32a8Cf4f854E,202.966048912119086064,0,202.966048912119086064,8,24,0,0,1703659895,2,True
0x4f9DAFfa3Ab242EA906F6674953e42758f0597b9,17579.199860914523779116,0,17579.199860914523779116,224,1568,224,1568,1684444283,0,True
0x4fBd2F3D84e2A5826dEce41578E31f089048cb60,3007.321626052229837149,0,3007.321626052229837149,256,352,0,0,1645159317,64,True
0x5008724186728Bbd5CDddafb00C08B83Be57961B,17019.147873341671202962,0,17019.147873341671202962,368,1104,0,0,1651008442,92,True
0x50224da81a32B03DB7E49929308D3B43Fc991CFC,4181.163360691116022893,4181.163360691116022893,0,8,56,8,56,1636417507,0,True
0x5035aADD12797d6895bbFD996A883125f51c7bbe,1637.085925140847555966,0,1637.085925140847555966,16,48,0,0,1638869424,4,True
0x505C719BCcec699C84B8D19155539fAD66F38554,8364.874937748771147393,8364.874937748771147393,0,16,112,16,112,1654064803,0,True
0x505b0Ee7eA91557A586122e2cfaC44A9675b10eb,1978.308356970846264396,0,1978.308356970846264396,72,184,16,112,1669673603,28,False
0x509B76421e881deE598cB82C53CB3a731D5Dc392,830.988181718994045194,0,830.988181718994045194,8,24,0,0,1738011839,2,False
0x50CF40faCd73CbA7403B6d93EEa06fdf2cd82681,148.902111607325866508,0,148.902111607325866508,16,16,0,0,1665047687,4,True
0x50fDD8cA2a04B66230DD9FF892D89eB986B1553f,26,26,0,4,28,4,28,1771200287,0,True
0x51076D63350F35285E4A69b0eD6c4763AF7d9B3C,0,0,0,0,0,0,0,1771091891,0,True
0x51104d9aAE15935893810647D5f2b87447f1AA1F,1404.939544743144544295,0,1404.939544743144544295,24,72,0,0,1642036745,6,False
0x5128155Fdb190dc84912ee441a93421049cCC3c6,259.476271403292409643,0,259.476271403292409643,32,96,0,0,1681588355,8,True
0x518fb1E307BD33C8cDd191d96009cFbeb3165Faa,1299.907116832400569292,0,1299.907116832400569292,32,32,0,0,1640196476,8,True
0x5195A1658742efE0f9D46a831f038b4f3D54a205,0,0,0,4,28,4,28,1770915395,0,True
0x51980eC616652B7B17C36f25bfe039BA0F97F5c1,949.268919370295676868,0,949.268919370295676868,40,120,0,0,1649464279,10,True
0x51Ca6df029329dd9774aF5Ff247c097252bE9e1d,3057.891600353993426429,0,3057.891600353993426429,40,120,0,0,1684091483,10,True
0x51D025d15045b724Fb3C0381C741031b55535CE7,560.076112456549349836,0,560.076112456549349836,56,72,0,0,1664115983,14,True
0x52168900AacD93234F90a47533e65d2c37D93bB7,0,0,0,0,0,0,0,1695453479,0,True
0x5280B7aD2aFF8872C4110A0EA2E919c616F55D19,3158.111935988077523173,0,3158.111935988077523173,60,196,4,28,1636591631,13,True
0x52E97B5CA8e850c435f13eAcc6aAB235661B1a0B,11466.526537151920222639,0,11466.526537151920222639,424,1272,0,0,1686572243,106,True
0x52FDF7B9B843876fF15a89C6e995Bc5B6B51CC85,672.576851397445151864,0,672.576851397445151864,16,48,0,0,1702792991,4,True
0x52f80DC40C61b82bC01296eddD457D368711DeE5,300,0,300,8,24,0,0,1710326999,2,False
0x52f849B0A856101F27FeB0AfEeAeC16A0904046B,2624.419273280137458466,136.708122329411211649,2487.711150950726246817,16,48,0,0,1696281935,4,True
0x530eC9b1ff88A2A4bb5DbB510FCf1F9D17aA3258,437.823441391216905283,54.820983009145526574,383.002458382071378709,16,48,0,0,1681765847,4,True
0x534053EE1101C78C3212c4d851895b885BbC3569,1048.77547936546986199,0,1048.77547936546986199,16,48,0,0,1637464504,4,True
0x5363E0792A44b330240a06469F36CDFcb253c8c1,715.369188753400248736,0,715.369188753400248736,48,112,0,0,1680808967,12,False
0x53829Cc7E582F5D9945d1bfC0e2Ed8B271202592,1463.427261190160425394,0,1463.427261190160425394,104,216,0,0,1641053052,26,True
0x53972A68e517dA93A57087ef30753c3A96B67D95,0,0,0,8,56,8,56,1688394359,0,True
0x53Cad1487424A6e386F7791863b61802100Fa091,6069.00000000000233516,0,6069.00000000000233516,112,336,0,0,1643197685,28,True
0x53D7198EfEF18CC5f5b04Bb2e8Bc09219F220FE2,358.654929143304212968,0,358.654929143304212968,16,16,0,0,1646752122,4,True
0x53e2A8A194001A01DfaC988e13f23b08Cfde7797,2479.193121861789322209,0,2479.193121861789322209,56,168,0,0,1638584810,14,False
0x53e61F611f1Eea68DEcDD77D4E3e3488efd2D710,1412.19959144902393279,0,1412.19959144902393279,8,24,0,0,1734874691,2,True
0x54069bEe0F3C2ba85eB6016913e30f097E1e1B53,0,0,0,28,196,28,196,1735701575,0,True
0x54100239b1352C596476e5097b008883Eca75C32,49554.749864177877247277,49554.749864177877247277,0,48,336,48,336,1716523571,0,True
0x541934C0d19e69dfa8881759935D260a6D7DB066,2169.676226951859498389,0,2169.676226951859498389,72,216,0,0,1663632791,18,True
0x54445C49aa4b4884d5F9423f00c26ADc7e305050,438.746312347952706437,0,438.746312347952706437,16,48,0,0,1672344803,4,True
0x547419495f66694fA3dF92339FC42305386Eb625,0,0,0,8,24,0,0,1685069819,2,True
0x548dcCf0EE2142c650aB843A950859562d3e3707,193.410924967401077507,0,193.410924967401077507,16,16,0,0,1710194675,4,True
0x54A0f3212f801B4475DE999f0c063C3a4a60B9C6,0,0,0,8,24,0,0,1735768463,2,True
0x54b873534A8E7C9fA6f9906e1E703B522D72Bd6f,3116.884677724363988012,0,3116.884677724363988012,40,120,0,0,1636450630,10,True
0x5524d4a14E66e36e3fdaBe673Bc3Cc6cA83052C2,442.908062065337660356,0,442.908062065337660356,16,48,0,0,1675012163,4,True
0x55575F23A16538e9A2d1c0A1062047558bD91Fa8,1567.520488624711249838,0,1567.520488624711249838,16,16,0,0,1644474625,4,False
0x55b459eb08CAf1359cb14EF735ef7CD19C21DA4c,4349.390484284440176191,209.919598148030778417,4139.470886136409397774,64,192,0,0,1690743371,16,True
0x561979FdE086297F37a7d6403943F6AabD2250C7,588.434421512231913307,0,588.434421512231913307,56,168,0,0,1680365363,14,False
0x561c495C0B0371bF48c205438a38ff0F505736ba,0,0,0,52,364,52,364,1637358023,0,True
0x5649D3Cb1874DbD9bb56e6847aBf01A5626faAc6,13662.438616169965833584,0,13662.438616169965833584,328,984,0,0,1692790967,82,True
0x565d56252D3505EbB912FAadC0e726e9F0CA742c,540.002893620064007398,0,540.002893620064007398,16,48,0,0,1679277167,4,False
0x566572A2B6bf14E06168b5330B689a2A1F63fCdD,210.289903429857218224,0,210.289903429857218224,8,24,0,0,1706824007,2,True
0x5671032397d97aFbAc8a272A27d43809bF8D4Af1,1064.297696255684814972,0,1064.297696255684814972,32,96,0,0,1686674579,8,False
0x5684B403d95f09B0C2A55cf1c8Aac22eF901469E,228.804679752862738141,0,228.804679752862738141,8,56,8,56,1684288391,0,True
0x568bdE91796ea322Bc1DEB0a034bBD23FA73625F,0,0,0,8,56,8,56,1789113839,0,False
0x56A974Ccb886c53E51432f1cb4cc08e83979F30f,5566.073769527573105341,0,5566.073769527573105341,80,176,0,0,1638795122,20,True
0x56CAbd1A7Ea1dBe3c1d5d63e19625d2d88128540,260,0,260,32,32,0,0,1668966719,8,True
0x56D9654EE7DB6Eebecf9549E8BdC7809A7b248f3,249.272747856638404128,0,249.272747856638404128,16,16,0,0,1651597068,4,True
0x572b8eA382eF160f1b106E19fA95507811658567,2305.442419179679454351,89.327567386020454361,2216.11485179365899999,32,32,0,0,1736487347,8,True
0x5731941122AcB7250Dbc2752257aC19e679e6eF7,539.997067834644105233,0,539.997067834644105233,16,48,0,0,1707135947,4,True
0x5747B1ba0D720d725f769B0C09D7F3C42e094AB4,1543.81333769711607251,0,1543.81333769711607251,8,24,0,0,1734280163,2,True
0x57767D8000859535431Fbc57EBFEc43FD0515902,2624.3756418573451156,0,2624.3756418573451156,8,24,0,0,1636422472,2,True
0x57B10be857f3f4Cc65b9309D8415630F6b2F91C7,1526.779443165518570527,0,1526.779443165518570527,32,64,0,0,1647252958,8,True
0x57ce8a3b9a161F665f0bA4Bb62A34AD4A1F297C9,4649.063424439611627574,0,4649.063424439611627574,96,96,0,0,1638542521,24,True
0x588984C17F227C897d88a765390320d8A7c43ba1,992.404460475306951161,80.620967666072762168,911.783492809234188993,8,24,0,0,1653730778,2,False
0x58B044b39D900aE283C0255986Cd2B9b4F8a68d9,0,0,0,0,0,0,0,1778296307,0,True
0x58a0756Bb9d64cDC444BdC19b7C1759Bd0755312,0,0,0,32,96,0,0,1763650883,8,True
0x58a9ad6EF2A9e1f6F960295CadDBCf6e0A583Dfa,0,0,0,8,24,0,0,1665774539,2,True
0x593ddB7113502d5d6278F47c703a4cBB6FB380Fb,5438,0,5438,80,240,0,0,1753453199,20,False
0x5944923fdc54737697d3b3Db1c494a8706A2F318,2819.718733024296355919,0,2819.718733024296355919,40,88,0,0,1636781414,10,False
0x5964D47AD51ffb5C8CAD4dEcE23D33356D903e00,0,0,0,16,80,8,56,1759377611,0,True
0x59662857169C222ad11F697690187c2Cc8E4dfe0,721.978717301510785609,0,721.978717301510785609,40,56,0,0,1645608000,10,True
0x59850772eb09f2D97B1b6826C8394bE31Ac487fA,496.600059132219302988,0,496.600059132219302988,32,64,0,0,1673263607,8,True
0x59CAbd9c008df6189E2c8CE79e08E4E3DeF35CcE,281.325050513539053582,16.301050513539053582,265.024,40,120,0,0,1758475115,10,True
0x5A4c760AB1bEf98CBdca8Ce69398d740c2742bdB,381.9741353786217913,0,381.9741353786217913,16,48,0,0,1636455426,4,True
0x5A833F16545e2fdb0E17F9BA67B8E205ACA71a41,1046.257765098367981096,0,1046.257765098367981096,40,120,0,0,1683020339,10,False
0x5B0135Cf01584f229C190b5Fa14c0cba7949Ff5d,347.734589853579120191,0,347.734589853579120191,32,32,0,0,1670579915,8,True
0x5B2C08Eb8533e537119ECBA829BB0Dc4E100DC2c,0,0,0,1792,5376,0,0,1738249367,448,True
0x5B3C82Ab6E3B9C2BED2B568B8d4AD4F743D79c30,23021.119974475531756213,786.418953984812411013,22234.7010204907193452,176,528,0,0,1706650679,44,True
0x5BeB3fe9222c9A90baa0073D2E974e1c388d519e,1022.463052062698861077,0,1022.463052062698861077,32,32,0,0,1686096971,8,True
0x5C15Bf287148B8cE7233c8719CC036dBbB41DCeA,300.9287681,0,300.9287681,16,16,0,0,1707492947,4,True
0x5C3FB4831afCd118c208BDAe3176803abf78CdF9,0,0,0,0,0,0,0,1685151839,0,True
0x5Cf978c59BC3C698e49D2FcBF8B5780C91c940dF,3725,3725,0,4,28,4,28,1647082108,1,True
0x5D15A8F3EeC132Ca0a213A5B4425ac709a5E0B6C,205.747070321755313212,0,205.747070321755313212,16,16,0,0,1685717303,4,True
0x5D2F38b454B83570bA77a377E598e4c3f019f1f1,1091.554119730337753039,32.538457425314930261,1059.015662305022822778,72,88,0,0,1640179088,18,True
0x5D42F7FE3611f1cfB5d879f6fd2b8896AF58Cb6e,36706.581553951862515854,26332.153476502756847976,10374.428077449105667878,48,272,32,224,1684982747,0,True
0x5D54f9B1fba3FFB44B377BA5FD69A76f454BfE82,256.129740953792194622,0,256.129740953792194622,16,48,0,0,1671476819,4,True
0x5D8368A1963bB977f419bB0b7e68d3c0d67E3538,10466.519662025210040768,0,10466.519662025210040768,144,432,0,0,1733592263,36,True
0x5DEaB7820FD92AC0ac57910847e83d395fF21EEc,419.126710507290862651,0,419.126710507290862651,16,16,0,0,1636498865,4,True
0x5E64c7c1bb368349f484799B79030665778AbB79,0,0,0,0,0,0,0,1774434635,0,True
0x5F05DD105043bfC1939A953239F93ce208dB76b1,846.133457547996923512,0,846.133457547996923512,8,24,0,0,1696860323,2,True
0x5F0a8771Ca4AE96D1d3E2C290AFdB25A33a44093,226.8098060635,0,226.8098060635,8,24,0,0,1684300775,2,True
0x5F3307D3AfcAF5c8A5EFF60d836CB8397709eEdf,616.948135100714063286,16.295874849980164587,600.652260250733898699,16,16,0,0,1673740655,4,True
0x5F9b8a9A7dcA325cb38B9b6d55f5A14F7Ee03c55,622.361244705737523909,0,622.361244705737523909,8,24,0,0,1675011347,2,True
0x5FEd614D9A7200bCE48927f9D62c9B6763622cc8,1157.133895126978799264,0,1157.133895126978799264,32,96,0,0,1733905067,8,True
0x5a75BD25FE2620f25D05597f906DeCed61b2cE22,597.418944257820007885,21.397742398550874081,576.021201859269133804,8,24,0,0,1704753359,2,True
0x5bD6CfddAbCC0eeF66cc66C2154205D64a3a50d9,0,0,0,24,72,0,0,1732573847,6,True
0x5c17185F0ddDE2842646F1d246FCC47bcd8886D3,0,0,0,8,24,0,0,1735573871,2,False
0x5c23C7b82475e76b8424a879c1A8fD23641d9236,368.32617542,0,368.32617542,8,24,0,0,1712951939,2,False
0x5c63F786Bfc312cE718980e346F1Bfe8207CDf44,0,0,0,40,280,40,280,1636416562,0,True
0x5c824caDb80B6A0677D1C612cF70A555D02B5b36,4036.263499072049972058,0,4036.263499072049972058,288,736,0,0,1636416678,72,True
0x5cCE37E6eC78057ff96c0Cf2F9A10dD8C2081388,383.899356428111715998,15.502932793396477848,368.39642363471523815,24,72,0,0,1646930240,6,True
0x5cFcd23D43c243b99bCdC1a4e53127ea701A80d3,938.006860020418652847,0,938.006860020418652847,48,112,0,0,1678591415,12,False
0x5d9D226cd75C4bEeEC14f5b572D8bFB0Ed2046fC,1422.306144723533294433,0,1422.306144723533294433,8,24,0,0,1663906451,2,True
0x5dEc089D1784839ED12D339fA880d71A715f3339,7120.597134067880945935,1076.372370531628583602,6044.224763536252362333,36,188,20,140,1681052843,0,True
0x5df9a9d48314eE84b3963f1BC9bc812B595AE409,4728.442174483468534439,142.102264035465214393,4586.339910448003320046,40,56,0,0,1636816790,10,True
0x5e49514e6761aE81d876F85579143555c4449A24,2571.62506972514299979,2571.62506972514299979,0,8,56,8,56,1771342595,0,True
0x5e5481a64ABaFb5272491532C783763572bdb607,3313.5525738,0,3313.5525738,8,24,0,0,1760097491,2,True
0x5eA5719E5383622CabbF9f64D77f598A1047C7f8,1200,0,1200,8,24,0,0,1741131635,2,True
0x5f05Ce05317097608558D6462D5951c22bb75B24,220.700969323078430434,0,220.700969323078430434,8,24,0,0,1685805707,2,False
0x5f0bD6d314207060A646E905A1Db6e6bA8b0AD34,365.469966683526436076,0,365.469966683526436076,8,24,0,0,1706030255,2,False
0x5f48Be6A8260F19902A8cCEe7c2CaFba5D0c1eb2,540.435092070928188988,0,540.435092070928188988,8,24,0,0,1705009667,2,True
0x5f4cB66c9B1Ed8A4758A059FDB10E0F72C307D8A,617.375940896386622847,50.311832177739861778,567.064108718646761069,16,48,0,0,1647287716,4,True
0x608f69F932995A15319d1cCeBc81359621f66836,1426.128856011081492616,0,1426.128856011081492616,32,64,0,0,1659108282,8,True
0x60c0289D1eaFC6520f6bF8947cDBb03c862ED03E,103.53998373400596206,0,103.53998373400596206,8,24,0,0,1684605383,2,True
0x60f48DAaD316deB5cCabb7AC9438Fe710BF7df31,10349.000000198466208126,0,10349.000000198466208126,144,432,0,0,1636446073,36,True
0x61051221Dd39E2Da825A091bF787F22B753cF5dd,822.469243519924747188,0,822.469243519924747188,64,64,0,0,1649182329,16,True
0x6109be321E35104f52aFf32F47AD597cA361e4Fd,9207.466104307845579164,0,9207.466104307845579164,80,240,0,0,1647443562,20,True
0x610F2f05A90C294B8dA7E95bb10A37bf3116dDeD,2312.298875944566091665,111.601120338654501086,2200.697755605911590579,32,96,0,0,1744158611,8,True
0x610cC3d65661BEb71FEDF3ed14B2989cA972cf52,9964.453707564787392297,2083.202883959480856464,7881.250823605306535833,212,652,4,28,1640506407,51,True
0x6125e6DdB5E18CeAecD889ba07fd59C131Ffe20e,1724.367098000000000001,0,1724.367098000000000001,16,16,0,0,1638760785,4,False
0x616d8EF0ff938025bbc60048625b9a5BD792A90e,2456.441878810478167479,79.097327234890971964,2377.344551575587195515,48,144,0,0,1642317559,12,True
0x618422214D7E90fb8D3e9E3DfbEA29ED5091a128,133.7918596190809087,0,133.7918596190809087,16,48,0,0,1664422367,4,True
0x61D54e6F966F04Eb5889C64cB771CB01AC9C9032,2746.419561735269816008,0,2746.419561735269816008,48,112,0,0,1641056664,12,True
0x61f510d92618eCBfcCfCbD6698a100863d8B482F,953.744429310466977148,0,953.744429310466977148,16,48,0,0,1639371707,4,True
0x62017253D88f94265675a9C91515EbceDf1Eeeb6,387.53238068,0,387.53238068,232,696,0,0,1681960835,58,False
0x6261309D7C9683DE5d9664b025d94fD702444ae9,3730.844546850300508515,3730.844546850300508515,0,8,56,8,56,1641629810,6,True
0x6287A970c6ee70A3fF6b20258Cc9995937A387eA,6591.25118381795931969,0,6591.25118381795931969,48,144,0,0,1645010306,12,True
0x628E5986195Fa798165fa5f420B4407D692935b6,8660.690790798617481987,0,8660.690790798617481987,64,192,0,0,1672760819,16,True
0x62C82d8551235A6a51A22bFc4331344cBAc6b539,8300,0,8300,24,72,0,0,1748597447,6,False
0x62ad43846d63a3893556dA035ba10614Eb3b2367,1662.646449000000000001,0,1662.646449000000000001,16,16,0,0,1653017979,4,False
0x62eC513d096BD5949951224c1AA842f74C638b4F,577.010025245330074849,0,577.010025245330074849,24,72,0,0,1640146745,6,True
0x6362577Db115C12e97891A05D03829c53Ad1F263,431.36537592002012313,22.314930923723515995,409.050444996296607135,16,48,0,0,1645951640,4,True
0x63716C95AFFF8143Af265D1Df75f04BB2da9dE6f,2071.582546459218055104,0,2071.582546459218055104,16,48,0,0,1643351038,4,True
0x639291aD42F2b02A28Be2C2654573a1a4BE3cBCc,2283.493099380083028451,50.087824293393336881,2233.40527508668969157,24,136,16,112,1699822031,0,True
0x63A0Cb39ddFf858F608B4708FDC72Be83Ab40b5E,5193.308947934779953114,0,5193.308947934779953114,728,1160,0,0,1672385447,182,True
0x63F845b28C0128218ae107ecEddA4C43a1161035,3332.047419127277637205,0,3332.047419127277637205,56,136,0,0,1677441911,14,False
0x63a7405cfa7103Df9D13f5E3243a316c8cB14c84,723.582022179259608309,0,723.582022179259608309,32,32,0,0,1636884766,8,False
0x63d6F86BBa080DD7dE2304F6D5c7c044108dC94C,7925.22647349816651,823.093850219262392501,7102.132623278904117499,96,320,8,56,1667030051,20,True
0x640CF6C62758De9Eb4056e8aeF6D583E50F07953,155.154479688489374396,0,155.154479688489374396,16,16,0,0,1647775136,4,True
0x64311756A82E99A00b10f253D5980B37352cE618,998.857704651208595354,0,998.857704651208595354,16,16,0,0,1660995602,4,True
0x6436377927F0e00EB3e018890DA03102168Ab937,135.67993,0,135.67993,32,32,0,0,1686230123,8,False
0x643E88fCfD23B9146C33ffD41FEe4A475ecDc6ac,0,0,0,16,48,0,0,1744378151,4,True
0x6444947Ad3D2389445Cc4431bAE9839739d03465,528.608783144397793168,0,528.608783144397793168,8,24,0,0,1654316767,4,True
0x64627611655C8CdcaFaE7607589b4483a1578f4A,75535.584185337919253613,5186.539008742139455723,70349.04517659577979789,832,2496,0,0,1633060014,208,False
0x6465Ff845BC571Ad991454A3E6CfE3790d369cD2,8438.154656167027659338,0,8438.154656167027659338,216,520,0,0,1652485935,54,True
0x64736DA09dcd526D32dd51480Ac9EBCFbA1F26D7,317.084028957716782998,0,317.084028957716782998,32,96,0,0,1677961643,8,True
0x6483528f6d80c6f5E26e0d30d3da54d301b1BB25,1180.196212502807111206,155.962172677000576596,1024.23403982580653461,64,192,0,0,1636736315,16,True
0x64C4c47BCC6807FB01eDdA679FaF0B7bC0Ab1619,395.887279239565984163,0,395.887279239565984163,40,56,0,0,1679072999,10,True
0x64d9E6eCB5Fd5F66e0BAB5aFA7544197fb4302eD,1773.406519427005229276,0,1773.406519427005229276,16,16,0,0,1636472205,4,False
0x6540653a2E51FD79BB99931f6C5D11aa239b9A3d,1498.814327353353695539,0,1498.814327353353695539,8,24,0,0,1638718039,2,True
0x65455935f06fddeD8c371B700B95b29EF1be7D48,981.48427896341226838,0,981.48427896341226838,88,264,0,0,1664486315,22,True
0x65502104E1D57045dcBF1d45EDcAa3C4f554122b,201.322248465307888745,0,201.322248465307888745,8,24,0,0,1705225199,2,False
0x6560557bbC710f6fBEee65EF3591C58D6E98B5c9,9180.967027929109246101,9180.967027929109246101,0,8,56,8,56,1661716115,0,True
0x65650290475eC4A6924E3C3145215492C25F74E4,177.44632042816739299,0,177.44632042816739299,32,32,0,0,1664568887,8,True
0x656f971BA26AB3724065f17702d56A8A17a76463,1621.989371226550907522,77.221434362787547168,1544.767936863763360354,104,312,0,0,1686668111,26,True
0x657adEa95e7D3923C6fb9E387a1C73948cf459BB,321.540966959336472129,0,321.540966959336472129,32,128,8,56,1664036483,6,True
0x6589bDB0319Dc119Cf8C37612ab1E7Fc623d44af,903.242780217165381306,0,903.242780217165381306,32,96,0,0,1648145501,8,True
0x65aFCE7840aA28B66AA7179Eb69a78fabDb1d52C,225.615799483346901585,0,225.615799483346901585,16,16,0,0,1677331439,4,False
0x65c82FD85a65B99cdc2683cd52029fa89d0Bca45,400,0,400,16,48,0,0,1694300051,4,True
0x65ea8d6C7FA3626341629A87420fa8B50F57C16f,522.679140092265515848,30.859444209984550943,491.819695882280964905,8,24,0,0,1696405919,2,True
0x66283163ACAb1BB1aF6b6cE7E05e1C81E1328e32,136727.394787104420583313,4341.918752436312621737,132385.476034668107961576,2360,7272,48,336,1680181535,568,True
0x663CbbD93B5eE095AC8386C2a301EB1C47D73aA9,325000.000000000000000001,0,325000.000000000000000001,4800,9600,0,0,1652405749,1200,False
0x665dd495742e25BFd5778E40d44A8C70303f7CEe,56936.837973694438176181,0,56936.837973694438176181,1104,3312,0,0,1682712695,276,False
0x667d611e1b161Fb0CC7fd947c8696290229cBa60,2713.841870346661680941,0,2713.841870346661680941,32,32,0,0,1639191238,8,True
0x6681CD871a9CF8b51a0D18649Fbf8cc8EFc4F5E8,0,0,0,16,48,0,0,1754537315,4,True
0x6698E1BB7450a9Bede8673a4276a2174BFc28bCA,406.932998677156881633,0,406.932998677156881633,16,48,0,0,1668351875,4,True
0x669a8A822B30CF01243af5Dba6Eb911E99e86cA4,1382.116028331772893533,70.415937468348751508,1311.700090863424142025,56,168,0,0,1685329919,14,True
0x678cCb936c3b4F8D9421Af259e1A7236801B228E,817.190702248395168559,147.080202739629424877,670.110499508765743682,12,52,4,28,1692267419,1,True
0x679acFA49c88142307576581d79F91c56FD60A6f,120.364825866568116542,0,120.364825866568116542,16,16,0,0,1669141295,4,True
0x67A39a5963366298D3697F9E60529697470a5F76,0,0,0,0,0,0,0,1731857015,2,True
0x67FeE1A1491B43F515FbBE274a862B1f0Cf91ed6,1126.389323033406741127,0,1126.389323033406741127,8,24,0,0,1644034843,2,False
0x682152C3341C11Fcf669923388Aba3db5a86684A,744.830014803411881638,22.20285672300405865,722.627158080407822988,8,24,0,0,1730607239,2,True
0x68357cECa3350C67622440D37222bBed11d088c9,555.137923796505616392,0,555.137923796505616392,8,24,0,0,1686405251,2,True
0x6842D2Dbd2D404f6a31160c8808195142698A2EF,1713.177081557851365504,0,1713.177081557851365504,24,72,0,0,1690943075,6,True
0x68454F57F4913968eC2cBFd7Ac2B03258c67dc55,1644.662308438177415838,0,1644.662308438177415838,24,72,0,0,1727398223,6,True
0x6857263aBcabF35621f6f1A82201daf974041DEd,224.793857884715551919,0,224.793857884715551919,8,24,0,0,1694730047,2,True
0x68A565e499BE475809F91440A564aF0280A4De43,3054.248493706935890956,0,3054.248493706935890956,160,160,0,0,1637648505,40,False
0x68C994c7c7BAcd5588C81156Bb821139aB8A42d0,745.570963511836003152,0,745.570963511836003152,32,96,0,0,1681702655,8,True
0x68aC168E3077EBA1894f12523a36E8cbFa4E842F,0,0,0,24,72,0,0,1761209267,6,False
0x68b3A91C6c0c7dF441C52194E3D465d05254d0Fa,649.430281187436575956,29.022020506168915354,620.408260681267660602,16,48,0,0,1639190666,4,True
0x68da5D38cA970d8D313e1441d9afC7BFf2fF3664,740.177569376368668366,0,740.177569376368668366,64,224,8,56,1691832827,14,True
0x68f1209394d7a016797662889B080b10Bc44e8AE,0,0,0,32,96,0,0,1751200619,8,True
0x6919ef5A60386C3389307271fF2Fb489EecD523d,1190.962158316437424657,0,1190.962158316437424657,24,72,0,0,1664498687,6,True
0x692e039CCb724373A212f0EF7285Ce860E988Eb5,2853.739146189907528299,139.849527926850473968,2713.889618263057054331,32,96,0,0,1649888112,8,True
0x694E238F4E7CA18A1626A5AF11B2cB428b06E4c2,1329.618223923720429808,38.055603544984090873,1291.562620378736338935,16,48,0,0,1638726752,4,True
0x6984C70B70E63e135e3811669AE2c89663f6ac64,889.979896679501393567,0,889.979896679501393567,16,48,0,0,1698745487,4,True
0x69894D3657a24400e2b92bb9C8a14708901Be874,0,0,0,56,168,0,0,1751768087,14,True
0x69DC728B17082451d15Ce17d669153477F19404e,1198.181392193235986352,0,1198.181392193235986352,8,24,0,0,1754126675,2,True
0x69F4977ad6345124e0a0D6BaC308348dd370606B,0,0,0,8,56,8,56,1772605643,0,True
0x69FF8Dca3Da799A2104Fdd6bE4c1E8953c40062c,0,0,0,0,0,0,0,1771554647,0,True
0x69c83a1C429f93a6c13D18B5807AD418Dce2647d,1351.458544595095615946,0,1351.458544595095615946,80,240,0,0,1645640806,20,True
0x6A15b1C6A2BCFcA145CECcF4dd967e75bCb4AaAe,0,0,0,0,0,0,0,1780479275,0,True
0x6A47Cf79bf31d9E85a80e09D88ec2C8B5c4329bF,402.401811175691094357,0,402.401811175691094357,16,48,0,0,1691493347,4,True
0x6A87b5C22305E44eCf0eE571C3e604e98C8d7d60,10334.618767004931808388,945.775845919686255996,9388.842921085245552392,120,360,0,0,1655140869,30,True
0x6AB0291f24508cf56F397d05816121E117062259,1481.37417727780933152,0,1481.37417727780933152,96,288,0,0,1677490211,24,True
0x6B5EC608083B079a1b02843eb6Ca86497B0Fe42A,441.392877827767212464,0,441.392877827767212464,48,80,0,0,1640562868,12,True
0x6B7743BE6ff8c21165046BE5e9a0C2d9D9a67739,0,0,0,32,96,0,0,1737497351,8,True
0x6B8eDF4145a8523BCC5d7a766e7C776F073fe082,221.622137663938639099,0,221.622137663938639099,24,40,0,0,1683957239,6,True
0x6C11b0fe7B8B9cb3B22c1F7056dB81CA10Fa9063,1047.674517712905540397,1047.674517712905540397,0,8,56,8,56,1687398959,0,False
0x6C20b2192f208aE01AbAdd5e64562F10bd673325,0,0,0,4,28,4,28,1771382027,0,True
0x6C4ACFC08F38728e2D7579dAd78670D9Cbef3ac4,380.019459923910475103,0,380.019459923910475103,16,16,0,0,1681515527,4,False
0x6CbcdDDb36BBc600f0510a2E0F9141F7c823456f,2350.567344087220377463,0,2350.567344087220377463,32,96,0,0,1636417124,8,False
0x6D03446A4ae72215924C767B91649e81787B482E,2088.775801793415848915,108.297155332737155047,1980.478646460678693868,160,480,0,0,1742867159,40,True
0x6D12546974eb38d9611DeB77657b0480804C6DaF,1456.631534081392465058,0,1456.631534081392465058,16,48,0,0,1725312755,4,True
0x6D1b01d388181E15d0e45B2c31A0a2FC2B73384d,704.274796043515226889,0,704.274796043515226889,16,48,0,0,1681953131,4,True
0x6D76527A040421E3541A45F0652712605373B3F7,12097.850417485056245492,480.573712115457215636,11617.276705369599029856,272,816,0,0,1636583982,68,True
0x6DB046670F4317dcD6c943CBc8A0d013fab1c1Fa,1986.949393474333783356,96.223994764021413467,1890.725398710312369889,96,288,0,0,1681870451,24,True
0x6E4a215aa1d3372B81aA89637484Da8aFc900F90,1873.391776253797639723,0,1873.391776253797639723,160,160,0,0,1672846583,40,True
0x6FffcB2DaEf5d19DD535857d111aB7efaf243C98,0,0,0,192,576,0,0,1730967395,48,False
0x6b0EB57409E54d2B2ff621CFaDa0fCc42cBb5034,0,0,0,16,48,0,0,1749246731,4,True
0x6b51Ad13C0f1000C447Eb73bcad24B0C186DE43C,500.726724083494188837,0,500.726724083494188837,16,16,0,0,1641024941,4,True
0x6bEB555aD17ACaA6bCc5d2Cf26a191Cb2735e68B,0,0,0,0,0,0,0,1636416678,16,True
0x6bc9ECd6351806a3C1EfFefd716DDb74Fb150348,1509.26219634534952531,0,1509.26219634534952531,64,192,0,0,1647730262,16,True
0x6bfc4003dE21c14D8d3281136a0843fc3eCfC8df,0,0,0,16,112,16,112,1771375907,0,True
0x6c6875320018C6ED5f889099bf73641c4F59c0c4,0,0,0,0,0,0,0,1784686451,0,False
0x6c77bB9627D7D8CEbEf635CB2B9Ea681526393B6,830.906873017299532209,0,830.906873017299532209,16,48,0,0,1657800637,4,True
0x6ca2FBE681383E8FD4D10ce15C699A0C216a8FF7,322.325401316493946908,0,322.325401316493946908,8,24,0,0,1711377191,2,True
0x6d12864082A6eAf2123Cd104F7D838E407bEA0EE,0,0,0,4,28,4,28,1790296331,0,True
0x6e927Eb2dee44F5c7cb13B50A80a9F6944AfD49E,331.889690549616776494,0,331.889690549616776494,8,24,0,0,1710036143,2,True
0x6eB82dE55c3128cDAc0d003a3Cf3cc287ac97b92,2327.228017885346641728,0,2327.228017885346641728,48,144,0,0,1719258827,12,True
0x6eB91cA957091D0Ef35788f30fAeAddA4D120Efb,623.282471569495003951,0,623.282471569495003951,8,24,0,0,1710063371,2,True
0x6f1576Cb1FA86876d33b7A339cEdA176bf0B62c2,1177.52787745,0,1177.52787745,8,56,8,56,1758633995,0,True
0x6f6b86E3Fd366a18349Ed465af4557B7b9d267Aa,1168.966275296895815243,0,1168.966275296895815243,16,16,0,0,1638106443,4,True
0x6fd12518eC26A72bC7BC40f76202dEa0552f60D7,415.820824651233595269,0,415.820824651233595269,64,192,0,0,1680367511,16,True
0x70025C007fB9B86A1c205805987cb253B596FA92,0,0,0,0,0,0,0,1749715451,4,True
0x700C3Bf9a30F563d08524947dc3bA868A831A4C2,0,0,0,0,0,0,0,1705796483,44,True
0x7027CEc9845E51537a73cAef3a9a3A3dbA1f531F,7500,0,7500,104,280,0,0,1697017247,26,True
0x703Dc6923612d3158Ab03bf597c6f816b0FBEa4e,2859.924581097704674313,0,2859.924581097704674313,48,144,0,0,1704457211,12,True
0x705349119967ea7a47255be935c1105BcAcAA554,11032.722178481230535069,0,11032.722178481230535069,288,288,0,0,1636458900,72,True
0x706EA0B7a1B86D283671eef1E3199f5AD6D0f9D5,0,0,0,0,0,0,0,1773770279,0,True
0x7076C4aF6651dD3fCd09cD1123C7b4b75A2921d8,2603.288210788563748803,0,2603.288210788563748803,48,144,0,0,1661105294,12,True
0x708B3E31Df38e1e7f6c87Fe5E6B079a5f45D6ccd,283.180648997201953626,0,283.180648997201953626,16,48,0,0,1638106984,4,True
0x7120fd3aD3F644ab22a500bbb15E2bE5cA211908,335.459095885590329969,24.365895322590353905,311.093200562999976064,16,48,0,0,1692811271,4,True
0x714A03A75F624a132075D6227c32F024762c6502,707.04262999,0,707.04262999,8,24,0,0,1717101323,2,True
0x71694591730ef97FEA19224FF9b5B48223136DD3,1458.745797401690391591,0,1458.745797401690391591,8,24,0,0,1703325239,2,False
0x716b90A806501AA32632B3d833f131fa592E27DC,560,0,560,16,48,0,0,1682329631,4,True
0x71CFfE84EfA31A9615dDC68d58f9d147228Ae521,258.291136273702791934,0,258.291136273702791934,16,16,0,0,1665064583,4,True
0x71dd99490C5e36A22B2a73f31225fA5Fa40223D1,24995.027877629422419321,0,24995.027877629422419321,200,600,0,0,1636416587,50,True
0x72302c3f317C9a151875013265dDE10833b82073,1786.567997375595988599,0,1786.567997375595988599,44,180,12,84,1665394847,7,True
0x7239A3e5d5FdDDBfeFC56a08F1843090dDa79d2C,10634.200514465962748741,472.413974064393286042,10161.786540401569462699,120,360,0,0,1636600269,30,True
0x728015B19A7A581aBF249F2b3cD8231E1aC59446,569.19396161294152316,0,569.19396161294152316,8,24,0,0,1687087103,2,True
0x728a4760eD6253a2a2930ae034d31B397A6a701D,1300,0,1300,8,24,0,0,1638974724,4,True
0x72AF33db968A476f7f51Ba0F28c1868A8F2b6E4a,389.409638369857041891,0,389.409638369857041891,16,16,0,0,1653083058,4,True
0x72a41A736f02Eb86EC227a7B9Fd880aC1D1303f9,4194.832346800691860955,121.840606235101370009,4072.991740565590490946,80,240,0,0,1636416587,20,True
0x730277d72A16dfda21A7b5B6e3B0C805B7E52902,10.376691309858970338,0,10.376691309858970338,8,24,0,0,1753814435,2,True
0x73479c3f2A3C990b83dC09e97108cF155D7E2BDe,2857.625531342863732424,0,2857.625531342863732424,48,144,0,0,1643373415,12,True
0x735E99C8Efb9751AbD3461B532E08A3F2e859de0,954.829164922984301883,55.040307881824798555,899.788857041159503328,24,72,0,0,1686866063,6,True
0x73E813dFc073768a1a586D2758f8BE7310D6DCb9,2592.734286306832691087,0,2592.734286306832691087,32,96,0,0,1663416707,8,True
0x743d4825bd3dc8a2Ec81507aAB534b14Bd81cC30,230.047214412634983838,0,230.047214412634983838,8,24,0,0,1691456663,2,False
0x7486A3A5D5E744b2bC3D781f0CCe7Df196b3ED74,423.722710403081399541,0,423.722710403081399541,32,96,0,0,1677199775,8,True
0x749Cc41395b3265862F59d51Ee145f2338D1A3E2,214.5,0,214.5,8,24,0,0,1701324719,2,True
0x74B9a66E9b12145C02426BCe913BFd8E5850302A,942.252906343592967104,0,942.252906343592967104,176,720,48,336,1730075471,26,True
0x7510A9AF6eFF83CA58D004d7493158d01F1948cB,779.435128569207040006,0,779.435128569207040006,56,232,24,168,1639831610,8,False
0x751683968FD078341C48B90bC657d6bAbc2339F7,29936.507440308547615058,3436.171957813934769781,26500.335482494612845277,364,1140,12,84,1636416513,87,True
0x752bf2951a094284cDa5b644931209a184076Ef3,0,0,0,0,0,0,0,1781904779,0,True
0x75664e1e2F9302BF7fD7FD8fb0D65ab3aa1440Be,2169.192082418224502346,106.337780194241241979,2062.854302223983260367,16,48,0,0,1725282443,4,True
0x75708F2056B6cefF3E1D67185BF552Fd023B6baA,23573.330402645054307241,22404.499172178134455179,1168.831230466919852062,40,216,24,168,1681681871,0,False
0x7579DdC282aAb7fCB5C5F25b8aD51086b98e5F8d,886.1682106997827912,0,886.1682106997827912,24,72,0,0,1654714077,6,True
0x75974198aAa8de3B29EA6661f42E4193B730ac9a,0,0,0,8,56,8,56,1774135907,0,True
0x76742EA55CB32D46588DF713eb31A930327D19B4,140.713231682930178454,0,140.713231682930178454,16,16,0,0,1673310863,4,False
0x767D5FfAa07E21Af29ceE74630433170D8178EA8,222.562879228404258078,0,222.562879228404258078,8,24,0,0,1681842863,2,True
0x768487c8A86106dF97842EE1275BF33B77EC12b4,0,0,0,0,0,0,0,1657533629,2,True
0x768FeF508a32CB16f1FaEB2b8986741e7845eF75,162.497170623202019212,0,162.497170623202019212,16,16,0,0,1650143122,4,True
0x76CcCe1AF3613e36205D4415FacD4F8422CbE4E1,604.791492248677523371,32.061328961151190157,572.730163287526333214,8,24,0,0,1670190767,2,True
0x77108d48C3e78D93EAb56Cc7e6963C21Cfa6bC2a,180.89105884,0,180.89105884,8,24,0,0,1687226135,2,True
0x773fd91449CF5dE986d9129F28AAE224AFADd098,887.46758984187368939,0,887.46758984187368939,32,32,0,0,1671757691,8,True
0x77494948392759E1D82B305696D390C165A38745,276.5,0,276.5,16,48,0,0,1686447983,4,True
0x77D189eE592BA7316e1dCc1cAe3f8D0f96604A27,63.641947358827817412,63.641947358827817412,0,8,56,8,56,1743489599,0,True
0x77d04e755AaB7b079a45aB48Ce2dbb30DEF8AeFf,923.217793337639747652,0,923.217793337639747652,8,24,0,0,1639308572,2,True
0x78072BA5f77d01B3f5B1098df73176933da02A7A,198634.575413253219934474,4696.819331225748684,193937.756082027471250474,2080,6240,0,0,1636416678,520,False
0x7818614Ff330B1c5C0C00f10710412f48927D1c6,27957.29663258,27957.29663258,0,500,3500,500,3500,1636742422,0,True
0x78F6DcdC3034BA9CF2Aa2B8e50021fdCE8A62ea8,7000.000000000000000469,0,7000.000000000000000469,56,200,8,56,1636457000,10,False
0x78a47e8041f0F34b52dDfD55ed0d4Fc8c0435995,23912.63807705006850494,1787.894979173401062428,22124.743097876667442512,192,576,0,0,1636548937,48,True
0x78ae61c6E2919231CDF0B69C6d8b70119Fe82539,550,0,550,16,48,0,0,1661031833,4,True
0x78eB2CA70413ea394430F114423d8f9fbb78F2D9,0,0,0,24,72,0,0,1758858743,6,False
0x790c60D199c9395DfFB605E39a357c4da4ba9DEb,3636.607823148466785543,0,3636.607823148466785543,80,240,0,0,1636551234,20,True
0x795b4d5ABa640832b7321097363e5CfAF6a9d560,8163.205452712706539178,423.858700263477360515,7739.346752449229178663,32,128,8,56,1647732084,4,True
0x79dd896198B120558da78F1A1289E6dACEc91f0D,802.562894078077897613,51.715608905683227667,750.847285172394669946,16,48,0,0,1642378446,4,True
0x7A1cF8687d3276774c5f92987948A266181efd2B,11135.613556701440395681,0,11135.613556701440395681,100,412,28,196,1683943883,13,True
0x7A24B9acD16d4f17d1F5ee5539Dae216eF310538,2133.170291222083604283,126.2987442099791537,2006.871547012104450583,24,72,0,0,1637574968,6,False
0x7B418fb5ab34cE1e4bD565FdbB02e7DbB419b3Cd,11772.720710019329149363,0,11772.720710019329149363,328,600,0,0,1642934014,82,True
0x7BB34EcF1E61098D46985c2C33fA6f2D1907CAC1,776.313908378523542107,0,776.313908378523542107,16,48,0,0,1648358497,4,True
0x7C5d0950584F961f5c1054c88a71B01207Bf9CB7,326417.492617175052273978,0,326417.492617175052273978,4800,9600,0,0,1656555998,1200,False
0x7C6864f3e0754F95131f42D4742e42f1186fD99a,106.89321432618637125,0,106.89321432618637125,8,24,0,0,1685791043,2,True
0x7C807Bc53C12D8E62316C225ED9747A3CB3E4420,1634.134350017077288706,0,1634.134350017077288706,16,16,0,0,1637253874,4,True
0x7Ca610A167c6c2f5e49e5515b8EdAb816b3f6b9D,1373.48143880475292291,0,1373.48143880475292291,32,96,0,0,1684838087,8,True
0x7D0805d5cfe6BFD8322b8AE743d0692274355148,449.750697565621165219,0,449.750697565621165219,32,96,0,0,1668785855,8,True
0x7D18CEbC605766E2498a8B8fba5527C7881866cF,0,0,0,8,56,8,56,1733986691,0,False
0x7D7517dBD333B3549441301FA0f29D179ceaaB6B,3168.64141661708951713,197.132601962593858998,2971.508814654495658132,24,104,8,56,1728725771,2,True
0x7E1654Bd4066B3a959A7D0279A52F399319C22f0,267.915455941854254685,14.704331461704563925,253.21112448014969076,32,96,0,0,1734886787,8,True
0x7E37d1400118126960a9739B7Fa9F1B3663c9e6e,0,0,0,0,0,0,0,1639127157,8,True
0x7E5c4355D251578B1bCe16f9A0e7524006eE88a6,373.016244903022028155,0,373.016244903022028155,8,24,0,0,1685354051,2,True
0x7EC62F5A5Cfb7e231A5909233B5A3599c68B281C,295.51035,0,295.51035,8,24,0,0,1697650871,2,True
0x7F716571bE27bad9e9Cc6252d361c62094539360,0,0,0,24,168,24,168,1773283967,0,False
0x7F8b96F3cE3D6Ccf73FF57D1E357F9D614F3a366,495.446593520570780669,37.040936091803654485,458.405657428767126184,8,24,0,0,1684131887,2,True
0x7FE4A5AC15cE48380ea5F85526a2Ea63f2dAa7Fc,219.714833010128966824,0,219.714833010128966824,8,24,0,0,1701332039,2,True
0x7a11ca2D07bB905E376A884b19BB0971c7541Ed8,361.578234499247609704,0,361.578234499247609704,16,48,0,0,1638901642,4,True
0x7a19b841AF2B1dA396d69F027e3272301611eBdf,682.163464909025141221,44.613191481445918451,637.55027342757922277,32,96,0,0,1649678348,8,False
0x7a3b74b1303cF81585F691Aa672d6d0aFf6cE9bA,0,0,0,8,24,0,0,1764930827,2,False
0x7aE831e8EF607eaD2634Ec1E9bCb95bB1f6Ff411,10998.088356557302410658,0,10998.088356557302410658,256,256,0,0,1642945120,64,False
0x7b25215eDcc14e5EEA0FDb68b018a3Dca78d5C64,12807.173596923525068056,471.703817960698225049,12335.469778962826843007,864,864,0,0,1700946431,220,False
0x7b5F764A4Bc202f8aDE0A94Be2df4AD8747B7C7C,19696.389350447348132773,6997.130589280311151382,12699.258761167036981391,100,220,4,28,1673064695,23,True
0x7bBF6c58849eEaEDB2498dc721985cB8e93426ec,2367.693758486907394434,123.185175391051007401,2244.508583095856387033,96,224,0,0,1663340003,24,True
0x7bEC2D6c3dab89032b8219183E290C207450d334,275.330820422236307799,10.44767815748332079,264.883142264752987009,36,156,20,140,1668862355,4,True
0x7ba728C1D84c2313F319D267fD9847F2CEA8D758,0,0,0,80,240,0,0,1649083409,20,True
0x7c8D8AaA7d4256603F13E307Cd99228Bf49C108B,95,0,95,8,24,0,0,1684738139,2,False
0x7c96Be5E957B0b091fd0579fae3dAAB8Bd6b7916,0,0,0,4,28,4,28,1772733623,0,False
0x7dA0266517524FE3e0E7d2fAb949adED6E41c513,1160.048565789743225901,0,1160.048565789743225901,40,120,0,0,1661242556,10,True
0x7e077B18392Cea7F96e2Fe5A7e1b620867a7F606,0,0,0,0,0,0,0,1772085335,0,False
0x7e4e83E172fc046604CB206Cd1A9F111132905aB,349.35401243264736025,0,349.35401243264736025,32,32,0,0,1709668343,8,True
0x7eB510A2d3316DD2cdCa937A95Ec81cDf140A98d,1527.581676664028115048,0,1527.581676664028115048,32,96,0,0,1652805921,8,True
0x7f7aC26F298280b078439f112F2104169318d71f,189.155929983575473308,21.468861357922198813,167.687068625653274495,16,48,0,0,1692240227,4,True
0x7fBd12bD661b9C9C83F97cF944796A22c9Fa59B4,1552.240114575211809979,0,1552.240114575211809979,40,120,0,0,1646382309,10,True
0x7fa5C976AC0C19BF59c248b74D009eAb0ABaa7a1,392.142842661200808345,0,392.142842661200808345,16,16,0,0,1638550466,4,True
0x7fe532785F84eE86f88faef341EC7A3f2CA68533,5216.553779179497322216,881.426939829424169106,4335.12683935007315311,32,96,0,0,1638226060,8,False
0x800f2d25011Ef60603381EC211B0B873d47a95fC,306.735731872304084611,0,306.735731872304084611,8,24,0,0,1702838591,2,True
0x8012EaeED0425A8368AcaB728aDC594013B30d52,0,0,0,0,0,0,0,1777298687,0,False
0x80242B426D0eC426BaCAD13074Cd7e5600c2DF27,1728.334676883650697422,0,1728.334676883650697422,24,72,0,0,1636418216,6,True
0x80336be68f449e4D45834881158aB4A7E45CCD5A,3100.605482395241820003,73.690844952283612938,3026.914637442958207065,72,216,0,0,1662407836,18,True
0x8063551b65a693D95Aeffc23b27c6DA6aB267FD7,0,0,0,20,140,20,140,1772081255,0,True
0x8082C1AC28d604fBF6b2eE9aDa1F0Bd0Cbc73491,480.130186279519858187,219.818229561518189095,260.311956718001669092,8,24,0,0,1706148887,2,True
0x80C2b4da45B44047d308f60E36823351b3C8F027,452.581136920156676875,0,452.581136920156676875,80,80,0,0,1670197163,20,True
0x80d8C26677f22DeE39cfc10B0Eb76Bb129f20ee1,1150.300706546135780293,0,1150.300706546135780293,16,48,0,0,1636561374,4,True
0x80dEc862A97F8E4a8f459bD01F646256c6e1cc16,169.281837317013711681,0,169.281837317013711681,32,32,0,0,1678108319,8,False
0x80dFB660cAeBb1b8D6e4A3e4E52280e32157b3fd,1004.138022845350202973,0,1004.138022845350202973,88,168,0,0,1664541683,22,True
0x80e8b888c07e33571955309D222AF510226D0dfc,1849.758721850243662884,0,1849.758721850243662884,56,136,0,0,1683909227,14,True
0x811fd1862B52E8E69bd38510871F3692D4E9c7eF,1391.808202473217391578,0,1391.808202473217391578,8,24,0,0,1643052934,2,True
0x8122D5458A51127aff6293BB134033758EA370e3,0,0,0,0,0,0,0,1781545499,0,False
0x81654cf96ee8656Ab585913E3a4ECF2B1f563EFD,668.579836990716075124,668.579836990716075124,0,32,224,32,224,1664091527,0,True
0x819436b9a197D37FC756bff842401B4d6C2AdAFF,1590.727427563333186551,0,1590.727427563333186551,32,96,0,0,1674121583,8,True
0x81C70Ee96daAF8468ab71bcb845eFf2388E34c35,133.1046167,0,133.1046167,8,24,0,0,1687926635,2,True
0x81b8EA608ea618a8cA6a7662437F930Fea44F1D1,1561.901151788468074694,0,1561.901151788468074694,16,48,0,0,1681069199,4,True
0x81d5F0EC8A2883a87081316891D686915A927b43,1000.3912,0,1000.3912,8,24,0,0,1727022527,2,True
0x81d87792FE3166eE2DbA504bEaC4403f126780d8,299.996008351014921934,0,299.996008351014921934,12,52,4,28,1669139975,1,True
0x8218A1427C41eFeD3ac6951909bBdF4AE9bA566d,130.051766926192786026,0,130.051766926192786026,32,32,0,0,1678431683,8,True
0x82562c51552Ba2013CCEDF7eE5DdB35549EEbbe0,95.119,0,95.119,8,24,0,0,1685225123,2,True
0x828969582c50dF50EA10Bbc3003Bb6AA65D4929b,708.020713730885627464,0,708.020713730885627464,16,16,0,0,1647688630,4,True
0x82ED7b4d62b6f1e297Ed1CC598B42d61c89ea791,20000.003185072892013435,0,20000.003185072892013435,224,672,0,0,1636416516,56,True
0x83132C84aCFBC058A1f69C30B4400807Ee4061e0,664.007444042164228367,0,664.007444042164228367,24,72,0,0,1686676427,6,True
0x834A16D02aB89d825941C582843cf6Aa3439e83c,1866.000000000000000001,0,1866.000000000000000001,16,16,0,0,1637594521,4,True
0x836E02c0cb949284bF8166D33a5D2deE98ECb391,4898.113786033216367944,0,4898.113786033216367944,32,32,0,0,1640754051,8,True
0x8387C8109b21b8cB463240d467C0E781771C62Fa,0,0,0,0,0,0,0,1681308023,6,True
0x8392181ccB399806218ea5F4C32d2dcd21d867D1,649.577869541311354943,0,649.577869541311354943,16,16,0,0,1638534609,4,True
0x8397d0Ae4764CCEF8062Cb863c6636A3421936A3,0,0,0,0,0,0,0,1771440107,0,True
0x839d79E725Be68Dd4D5f0f0367F16420B1eB3368,206.232095540696075052,0,206.232095540696075052,16,16,0,0,1674264191,4,True
0x83Bab0DC6BC806351Eef400A24FaAD7EfA195b22,838.930539660908183125,111.864399992336698912,727.066139668571484213,56,168,0,0,1636721602,14,False
0x83Bb9cCd347e693C9E2180C5F9364dc8696fF6Cc,0,0,0,0,0,0,0,1772306939,0,False
0x83C0db36b040036227396A93B48c700b9fD63Fa0,724.795481677799787961,183.106536294812233667,541.688945382987554294,8,24,0,0,1701653699,2,True
0x83E626182F706fA2E4502BD695d78919aAc216D7,0,0,0,96,288,0,0,1749218039,24,True
0x83F4D6E3245Ca46054706290181d77e4d43041bF,0,0,0,8,24,0,0,1741728095,2,True
0x83e59050E369758BdC910ed67AfE7CE2FdAbD6d8,0,0,0,32,96,0,0,1735379279,8,True
0x83ffB38218B4098904F2399ABf2d281CD4A13998,234.651921585016282383,0,234.651921585016282383,16,16,0,0,1652161899,4,False
0x84119e837dbeF0f4Fb877681687A2869b220533B,509.005111474985920626,0,509.005111474985920626,32,32,0,0,1656802953,8,False
0x8438F39b5f455a4bEaa3276Bd19201A994aE0942,429.295942132600715646,41.420949461548420546,387.8749926710522951,16,16,0,0,1675733363,4,True
0x846A233659F47709F72F302b4E03b63096240508,361.802281825441874482,0,361.802281825441874482,8,24,0,0,1713288563,2,True
0x84737DE94Ffb1ceA379215d919E848ff9021df12,394.678670111540557484,0,394.678670111540557484,24,72,0,0,1682041307,6,False
0x84CF8A46e6F77dBC6A33855320d68f7A1698C528,1323.868150627458870587,0,1323.868150627458870587,64,160,0,0,1636460042,16,True
0x84De6cBD35ebe54820B0B7F7fFcc618A43E904C8,302.189136690937476713,0,302.189136690937476713,16,48,0,0,1684618355,4,True
0x84FED786134Bd4feD31E0AAE2ddB57d89f9a6Fcb,0,0,0,0,0,0,0,1760214251,2,True
0x84ba027280cC6cc1e592a01270c5f21A494F46Cb,53770.775878463292365417,0,53770.775878463292365417,1828,5500,4,28,1674503219,455,False
0x84c085F3e4f5f157514864992099C10e53e7EBBC,609.484257629458767862,0,609.484257629458767862,8,24,0,0,1713529835,2,True
0x850CEC90edCA90981a3982bB6F06C16a59AB5F31,5900.954853030014112544,217.669539026748633626,5683.285314003265478918,288,864,0,0,1651986633,72,True
0x85Ad8a8ca215B12cCB50F9480350Ce20b10e0D7d,397.76337,0,397.76337,16,16,0,0,1692236051,4,True
0x85b92ac0E9FD911f3dC5825Bc0ba4fe4fBA1d4Da,7572.816245349211461521,448.140642351234960643,7124.675602997976500878,56,168,0,0,1647952903,14,True
0x861880D4C2c5348BdDc22258c778d0A09C84ac39,360.04918278133720204,17.01707358878469691,343.03210919255250513,32,32,0,0,1684863731,8,True
0x861C02906c1a57dbaD3243c76cd124Cd3789b282,777.400378394919328419,40.188880741384845347,737.211497653534483072,36,156,12,84,1664905511,5,True
0x86296277D99b87CcbB8071AC4eFFcA4954de82D0,1150.689580388704369579,149.380161960600952392,1001.309418428103417187,168,184,0,0,1667142191,42,True
0x862f976408bEDf3BF09cb62Fa848354F5b7b467e,0,0,0,16,48,0,0,1730414831,4,True
0x8657B0306baBb55cD12b0B35a885a53894d612a8,1000.018196380493112647,0,1000.018196380493112647,32,96,0,0,1640733339,8,True
0x866e9ad9AAc95Be7cD1F4728076053d060aF31Fa,121.121220253799099189,0,121.121220253799099189,16,48,0,0,1671434099,4,True
0x86913653082995B900b3550E4D86E43000e073D2,0,0,0,8,24,0,0,1743131183,2,False
0x86C4c582215Bb0eC70310C6AE971f33772cB0e59,236585.823002783221234078,6913.466176396386911729,229672.356826386834322349,1232,3696,0,0,1680376355,308,True
0x86DA974dAb1b3A58C0E7e7530e3cDdBF26C34662,9347.575233157891145681,5478.723019463314416766,3868.852213694576728915,16,80,8,56,1749872819,0,True
0x86c1600337Ff8474dd9f1ef617Cd682744bF20D6,282.370865364247343329,13.62838742581339676,268.742477938433946569,16,48,0,0,1652586241,4,True
0x872dCEf153aB237Ee24d4ce3Fdc401B094D60A0f,543.302711395181304316,0,543.302711395181304316,24,72,0,0,1673107679,6,True
0x881072f30A5fb6778A26C22112323dcf120b9aFF,2010.509855867077833766,0,2010.509855867077833766,104,312,0,0,1640694749,26,True
0x881b59875c1A7495983203AfD8e5E42734D73f0A,0,0,0,0,0,0,0,1732031795,0,False
0x88C79Ec9ea6D9b76525ada35123BFAE2e6362818,18635.15733316835163919,11888.497291712484192412,6746.660041455867446778,256,768,64,448,1719238895,32,True
0x88DB496bc232240C9BFa90a079480EC7997E5423,575.08939898478865635,9.355664339321385237,565.733734645467271113,8,24,0,0,1721563103,2,False
0x89077D530Bb088196a50E48F47C3Cab99422cE74,6674.668859587280071337,0,6674.668859587280071337,292,1436,140,980,1637745677,3,False
0x895F6558f0b02F95F48EF0d580eC885056dcCCC6,326417.492617175052273978,0,326417.492617175052273978,4800,9600,0,0,1663639391,1200,False
0x8990D7555Fee1e164b8CB09A6fA51Aa616f32618,6285.366969176234489017,0,6285.366969176234489017,544,1632,0,0,1660762892,136,True
0x89Add4fD07415dEBB31dDF8b1c176d1b0dE0B46F,0,0,0,12,84,12,84,1707999143,0,False
0x89e29C23f9E7Fc9742BF12F2E2Fcd3801bf6a2ae,805.936088807108361708,0,805.936088807108361708,16,48,0,0,1647592043,4,True
0x8A879507970899Ac561174f461aA65a5C199a666,1.02451127838522309,0,1.02451127838522309,8,24,0,0,1736071247,2,True
0x8AA4a6107aAC7e5523859AD93d43F8249a0b7410,0,0,0,64,192,0,0,1754460047,16,True
0x8AF2565bE72735484c1114a856B5C96735db1eD6,0,0,0,700,4900,700,4900,1668793199,0,True
0x8B459BdA5E5Db4bD6285eCE2c80f95d1209aa998,229.673897021448389843,0,229.673897021448389843,16,48,0,0,1683982751,4,True
0x8B470Ae39dAD2d86F058300162456288273549dE,0,0,0,4,28,4,28,1705874351,0,True
0x8B727229130Ff7c77534d69Ff4319C6a112E3e35,1.2,0,1.2,8,24,0,0,1734841283,2,False
0x8B981bCC908333AdDF88a37E643edc2909c65E62,265.546032820994700315,0,265.546032820994700315,8,24,0,0,1700006435,2,True
0x8BEf855BbEb55Dc9F651f654324b3D3c5908db75,3055.936400973669722097,3055.936400973669722097,0,20,140,20,140,1697195447,0,True
0x8C08eBf8bB3ca7072cf8c7E354eE2397a4430054,438.040192932204924215,0,438.040192932204924215,16,48,0,0,1650275615,4,True
0x8C619Ca6FB5d634fD8e57d53e0b50422a70c0723,451.983608299215124794,0,451.983608299215124794,16,48,0,0,1672214903,4,True
0x8DDfB8D43244E6b9936B08928892EcB6921CBA34,264.709748779048714492,0,264.709748779048714492,16,112,16,112,1667598851,0,True
0x8E0bc964f561699E00918227D6b06013cac0E5B4,150,0,150,16,16,0,0,1659130089,4,True
0x8E96e1a7fF2A1a4FB6924F119B6407c05e51dc04,1.005627491801269821,0,1.005627491801269821,8,24,0,0,1737595043,2,False
0x8ED651913DBB672973BEe7C99fbBB487E1468E94,1036.626776621210576949,115.614320365574008699,921.01245625563656825,24,72,0,0,1682294699,6,True
0x8a6e4b35910b73759bDE7deabF6E1175f987Ffa9,2996.824816502745810044,240.363492023770189402,2756.461324478975620642,16,16,0,0,1636644211,4,True
0x8a7bed622A4b29212a77bd37C428A44E281a26DB,2838.972520062821834284,159.892423936796921641,2679.080096126024912643,200,600,0,0,1641469599,50,True
0x8add85132A7909E6585bc3f22B84b417abfF85fA,1610.42032318300807343,0,1610.42032318300807343,16,48,0,0,1662285198,4,True
0x8b066A6352c5DCD47AB6343eec54f6D91750544e,345.254914751735543548,0,345.254914751735543548,8,24,0,0,1737691523,2,False
0x8b6f6f3B12BdBF40E028ec77cB1E54A4767fE5a9,5843.165252578858543332,0,5843.165252578858543332,64,192,0,0,1681544975,16,True
0x8b7039A8Ec8E14C82a55792C025500da2379A9B2,1144.542782590200320068,0,1144.542782590200320068,16,48,0,0,1642247049,4,True
0x8bA22019e5492f209ba508A852775816712fa141,1872.219913448088554101,0,1872.219913448088554101,64,192,0,0,1669099655,16,True
0x8cbD3C6Ba7C4446dc1AA62358e12cdEC70559eD2,1074.015900778367282068,81.227870092579432592,992.788030685787849476,40,120,0,0,1700445095,10,True
0x8d4fdBb3a4f56DaAE4ce325E1aDaD224B4726522,210,0,210,16,48,0,0,1681829963,4,False
0x8d6B5AA8755FbD93dd02c1Fbebd7A5C4cB3c7E8C,6835.726662690573997191,0,6835.726662690573997191,288,288,0,0,1638909304,72,False
0x8d6E1E3AE5ccf35F59bDD85C794ECe2CBaeA0842,1493.330753082799033619,1493.330753082799033619,0,16,112,16,112,1656826063,0,True
0x8d758637124A6dd371757853b9ab47278A0E5521,1683.308591078211174025,0,1683.308591078211174025,16,48,0,0,1646551843,4,True
0x8d908Da1899617f8E5A2Ee325Ea4EE8b85e36742,308.915328253586005495,0,308.915328253586005495,16,48,0,0,1636417316,4,True
0x8dDA0A7754C09c2cB4b0fa70263B0aD364b18251,3039.511296814878625349,3039.511296814878625349,0,56,392,56,392,1636592638,0,True
0x8dEA24025cF3080FE46af8511c1Be871302B2d63,0,0,0,756,5292,756,5292,1662067607,0,True
0x8dbcf60850BeA83180B60Cf6d9508bC4064a90A5,12806.602376135341765633,12806.602376135341765633,0,100,700,100,700,1636448669,0,True
0x8e0b2d6b7e6967C78d93d18cACfAfad3D7c8544a,1740.0000000000000027,0,1740.0000000000000027,8,24,0,0,1755254183,2,True
0x8e0d4e3Cfdc0605B42F6ad084e361367Fa2ad238,2000,0,2000,32,64,0,0,1673028935,8,True
0x8e562B30f1402dC60b20e76613a6076e583d298d,1052.318428934105603603,0,1052.318428934105603603,16,16,0,0,1647793947,4,True
0x8e827814d5d86bE1dc648A2E5fe9ab4872046aBD,8626.337448556307425187,0,8626.337448556307425187,496,1488,0,0,1650492836,124,True
0x8e9Ce4016C935fA612FDC40bD8b9C662b4517f7F,400.784306971868421339,0,400.784306971868421339,16,16,0,0,1653031625,4,True
0x8eA9E4203a422cb12e9f88d803297896588c07A7,0,0,0,0,0,0,0,1789502411,0,False
0x8f4937A2E0F4F60947F9C4bB1d5EA1c2e7c94E4C,721.271654424218264488,11.30246163047686185,709.969192793741402638,24,72,0,0,1687564727,6,True
0x8f7faE807c3c3600fC952b7EaDAa3a9A68D5b062,444.50280459030768641,0,444.50280459030768641,32,96,0,0,1701842123,8,True
0x8fB569C14b372430f9aF8B235940187b449d0dec,1711.794673311524974768,0,1711.794673311524974768,0,0,0,0,1669807223,22,True
0x8fBfD009C4B6a99EDD7a1b9561e696A98b6E48dC,4500.000267641350512216,0,4500.000267641350512216,72,216,0,0,1636930502,18,True
0x8fE27b5a798F07A6e21d3Ee6eB33031bf89D05Cb,826.782442538266506172,0,826.782442538266506172,48,144,0,0,1644913794,12,True
0x902A4938d090cfe88e5597007621f5C2cd27Eb10,471.716755382711410612,0,471.716755382711410612,16,48,0,0,1636440090,4,True
0x902D0d2097260820Ea725565B95389a7c9182c97,4780.518293681498764718,0,4780.518293681498764718,88,264,0,0,1688342723,22,True
0x902E640b4e51A21Ce5B672225454b524822C8BdE,640.635715570200348666,0,640.635715570200348666,8,24,0,0,1710352811,2,True
0x904578Ff2e43A01968dc644b82D512bcE439fF62,0,0,0,4,28,4,28,1737248147,0,True
0x90909C984752d9D293cd867B3ba2a11a700d80C2,7720.592266772854696401,4660.194657451277442276,3060.397609321577254125,44,212,20,140,1686578915,1,True
0x9097751A4D504d483B54C9AB63E94756F65F50c8,947.75344056275342015,0,947.75344056275342015,16,16,0,0,1656270591,4,True
0x90B93D5A91CE597cDc48F273e491F7aF1ecE8980,7897.610812870580101263,2483.022907516581409585,5414.587905353998691678,16,48,0,0,1711325531,4,True
0x90C82a9697C1ae8a40bD01bEf51a8f1aFbb45cE7,1942.578021564016152545,0,1942.578021564016152545,32,96,0,0,1636698266,8,True
0x90D0bACd37cA01952fB5FcdDC5bB3AE413c46d83,761.615712760336522676,71.173660466219813229,690.442052294116709447,8,24,0,0,1684583195,2,True
0x90E0E78E259Ae3525BEaC2331Af9Fc6b86D7b9eF,13603.789981246713613837,0,13603.789981246713613837,512,1536,0,0,1658902042,128,True
0x90bFda9b4F4D56891ef3CD021A66e50A4C38dC01,611.708975782155260743,49.4667846224598221,562.242191159695438643,16,48,0,0,1636464275,4,True
0x914E01646Fa970358f4Eb82B2918d5256052E64A,18000.000000349510467374,0,18000.000000349510467374,96,288,0,0,1705909343,28,False
0x91B656eD68B0DD837A046751cC63B87fD961b69e,0,0,0,32,96,0,0,1683375527,8,True
0x91E93055520B9396778f6DcB1288AC3bd1b10436,3242.058350931417976362,0,3242.058350931417976362,192,256,0,0,1668473207,48,True
0x91a1d50A3E0A545CDf1B7270e467B3dB580fd2a8,1207.79274375,0,1207.79274375,184,552,0,0,1661098193,46,True
0x9211868DF1B533EC5d5539824f84c6f90B6497cf,871.699715672892439033,41.577810370559012799,830.121905302333426234,32,96,0,0,1664985119,8,True
0x9246f1C4f24868E678Fad180a0859392f8A4791d,20828.126090681707201305,1142.999259699663349672,19685.126830982043851633,200,600,0,0,1674298439,200,False
0x92B0815C439BA02339D32f44E1cFD5F5d1E4883C,85.917101682966215896,0,85.917101682966215896,16,16,0,0,1676448347,4,False
0x92BA4c262Aa68426D8C7D6C85e03Fc42B34721Aa,0,0,0,16,48,0,0,1755456431,4,False
0x92b19a44c81Db4390CAF8FB28c495acEC8D3cB90,0,0,0,8,24,0,0,1752922679,2,False
0x93b000aCD8c64fA647246E85415665A4AEA5D3d6,248.08989327056652921,15.03459740827777501,233.0552958622887542,8,24,0,0,1702933211,2,True
0x93c2583410d3b1D603de0763F773fd33F5BF1dC9,2623.198354110771315623,0,2623.198354110771315623,32,96,0,0,1658582538,8,True
0x941f345628Efc36Cff31970F0bd098a3F9748eC4,325.154991612093058309,0,325.154991612093058309,16,16,0,0,1683103355,4,True
0x947364bb5256174772a3ECB5F1126A7d5A6902B2,1528.587136771242498641,0,1528.587136771242498641,16,16,0,0,1641628141,4,True
0x94Cc222FFe02c4a4092DbBDF3FC9d16FA5235F2E,426.915695274040402681,11.276417490981372328,415.639277783059030353,8,56,8,56,1683903407,0,True
0x94fd1407C04fA0FAef55061E00046c1468674e07,4554.493389078174782818,4554.493389078174782818,0,48,336,48,336,1654266785,0,True
0x951FB14429Ae079b0ba0c1F1A077c4E626a13fdc,503.782360461467012132,0,503.782360461467012132,16,48,0,0,1637540237,4,True
0x952322a89A43e664FBfbc5d792c735cA09BE6542,0,0,0,8,24,0,0,1756327727,2,False
0x95E9B89a302eCE57DEab0af82a5D20A83F7912E8,150.847610003814479695,0,150.847610003814479695,16,48,0,0,1708015643,4,True
0x95c5690913B8928063D4f02f2441EC4bd3e3Ad7e,140.603617547637286014,10.633857815726151127,129.969759731911134887,8,24,0,0,1682760635,2,True
0x96E627B3EC642EA028e78F4f55bb62aac90963eE,496.357205284113695284,0,496.357205284113695284,16,48,0,0,1689471587,4,True
0x9716a19e0b3AAc8E744B6E98B51b69A7D31E372F,6118.700225275100978431,0,6118.700225275100978431,16,48,0,0,1719191099,4,True
0x973bC3D7C608dD022453060f6DE42aaA31e8310F,1022.813660954377018929,41.027005877779307495,981.786655076597711434,16,48,0,0,1663602275,4,True
0x97481f9d9987783e51F5881A291c1B6A8d63E85B,478.03733597,0,478.03733597,8,24,0,0,1735802651,2,True
0x9755E3b21649495D7490a8573D0eD7659e544dA1,852.638783334068413388,0,852.638783334068413388,16,48,0,0,1663267187,4,True
0x97697E554382C883B37cE4478A2eFec1F79695F3,24.194565687760062177,24.194565687760062177,0,4,28,4,28,1657867857,3,True
0x97B23Fd3F1978004de1CeA5753140ca4a9eBdF03,3555.990056900603216765,0,3555.990056900603216765,88,264,0,0,1636416526,22,True
0x9819E02a293fEC5B38a5e44958077de416e327cb,387.29257924610693322,0,387.29257924610693322,16,16,0,0,1728631751,4,True
0x98ad5Ec0Ddb614Ac80C4144FdF50755161b0717f,780.345923366404733649,0,780.345923366404733649,16,48,0,0,1665298739,4,True
0x98d3368f02D6C4fbDe87734da0e4219fb28AdE39,969.114570562406694631,0,969.114570562406694631,96,192,0,0,1639525604,24,True
0x98f1cBe2b0e407D319BC8f954B5aD80f25520D8F,509.139886672402572184,0,509.139886672402572184,24,72,0,0,1684383611,6,True
0x996D774e75955DF92d56a0aA148AAF76bd3C7ADf,2693.848423288644856165,0,2693.848423288644856165,32,96,0,0,1636858299,8,True
0x9990f7b8aF69E4ba7a11D31828065095291D7f62,255.94360374,0,255.94360374,8,24,0,0,1702173275,2,True
0x99dCB6f686891D1650C873B39B9062bfF4c5FE87,796.961335106151949307,0,796.961335106151949307,32,32,0,0,1650187252,8,False
0x99f4922D04F9cba40eC61F977c9f4888C47F8899,6436.924520067515427797,0,6436.924520067515427797,64,64,0,0,1643673395,16,False
0x9A010d0e21b9DF37D24aF51Ff071502663342B41,298.995561214392806748,0,298.995561214392806748,8,24,0,0,1687853171,2,True
0x9A5CB84BD1f8E16C48344c335336f5c685Dd9868,0,0,0,80,240,0,0,1751985983,20,True
0x9A8dc6dcD9fDC7efAdbED3803bf3Cd208C91d7C1,0,0,0,1140,7980,1140,7980,1667280539,103,True
0x9A9C345eF797aaa4C33424a410c72E1Dd4408d92,72.855988514357104042,0,72.855988514357104042,16,16,0,0,1675397075,4,False
0x9AaD7483A8d70adE3FCd5C0360491e4632C8941f,1166.200021773556752844,0,1166.200021773556752844,48,144,0,0,1677822863,12,False
0x9B367d3291EDd5c676D432C2Df7A487487aF388C,2094.801125125610006174,0,2094.801125125610006174,16,48,0,0,1636546720,4,True
0x9B3aab9DD67d0d074fcB8C7b32eB3885eE80AEfF,526.967312631917560863,38.706075247820023108,488.261237384097537755,16,48,0,0,1647071333,4,True
0x9Bb906834e766715365A3A679e8379311009F9dd,987.102169484525897486,0,987.102169484525897486,8,24,0,0,1688726651,2,True
0x9C11DBC540Fe0a2C2F4A82775261a2D05AF6e336,2548.587102323379948297,0,2548.587102323379948297,8,24,0,0,1730058155,2,True
0x9C1609Ff0e0c0aD2c3d27E4f5Aeef85E57517064,91446.370052166772565208,91446.370052166772565208,0,56,392,56,392,1687657703,0,True
0x9C796C0e89C0C2d54539c4AfB487e0f954C68802,48000.88,48000.88,0,32,224,32,224,1772671415,0,True
0x9C8f7998A8ef601Ee463ae769650c552dcf363A5,1225.890709917607373228,0,1225.890709917607373228,16,48,0,0,1663533251,4,True
0x9C9E7e6EF247D80CE6e4dEd2a9911B4746543E28,80663.920914118609129911,80663.920914118609129911,0,276,1932,276,1932,1636567157,0,True
0x9Cab29b34d1606e869535fEA17a6Be56EB4e8006,23981.222214058231461572,1353.511862468452714125,22627.710351589778747447,80,240,0,0,1639853449,20,True
0x9D4f3Ae79b1152e662014215EDFd9c90100dbE19,0,0,0,8,24,0,0,1736516183,2,False
0x9D6F963236BFD5863E88142c4140C6F16683A84a,2693.980557607241479514,2200.300962391821301072,493.679595215420178442,20,76,4,28,1700378735,3,True
0x9D9576AB141D41C45d8d14d7aDcb59b7efa90797,1101.243536611893845772,0,1101.243536611893845772,8,24,0,0,1638027967,2,True
0x9DC303B0bbbF46449a6D65D10fc707c7EAf4f2de,0,0,0,0,0,0,0,1776276299,0,True
0x9E9B05180537512E5bA90f1de6CB4d6CFf37EF41,3265.035476371801474501,0,3265.035476371801474501,168,184,0,0,1683882551,42,True
0x9Efd3Ecf5E6eB12283B64dfB467045aa8589a7c8,6091.848521304314637234,0,6091.848521304314637234,112,336,0,0,1665809183,28,True
0x9F1D962A771910eA8438FDCCC1FA39bbeC37B3AF,175.713540890803406644,0,175.713540890803406644,8,24,0,0,1689315875,2,True
0x9F2DB4814f5F55Eb69Df5882381a16116021D08C,4324.545372630913703753,0,4324.545372630913703753,96,352,16,112,1637045340,16,True
0x9FEF46c2e08aA0627f03B8402000ddfC8fbd42Af,603.01791743050672323,0,603.01791743050672323,24,72,0,0,1662214481,6,True
0x9Fe9FfbfD57ab78D4d01973482258bfC4BB70bE3,36288.237032022030008264,0,36288.237032022030008264,480,1440,0,0,1636416526,120,True
0x9a3b9bB8B9d1F94147E12C0186Dd64F369c7443F,0,0,0,312,936,0,0,1735184387,78,True
0x9a45679a9D665eCf874c5d169ff195C3C65e38E1,0,0,0,0,0,0,0,1682457203,0,True
0x9aF21f9648667BB0F5a64342c0AFf90CB080eCFb,863.968545131579001893,24.225709634923312352,839.742835496655689541,104,312,0,0,1676844215,26,True
0x9b0870090d7d25e20Ac499226b441595011933d9,1006.959721094797394117,1006.959721094797394117,0,16,112,16,112,1711734023,0,True
0x9bf7Bd9820071357e210BeA12eA1A56B73897285,888.445934045096685091,0,888.445934045096685091,8,24,0,0,1640957230,2,True
0x9c69e7FCe961FD837F99c808aD75ED39a2c549Cb,3229.949753666805124618,229.949753666805124617,3000.000000000000000001,24,72,0,0,1637623296,6,False
0x9c790668473Cd455591702692abcbfc1cf28a4AB,699.143483547021136988,0,699.143483547021136988,64,64,0,0,1695570731,16,True
0x9cE9cBfd3dEd8b0597bA6d750557F21bD2713C6f,811.143888773761422879,0,811.143888773761422879,8,24,0,0,1640749079,2,True
0x9dc16d22f207990D076Cc1f9a97B00b7515f21F6,0,0,0,24,72,0,0,1639861179,6,True
0x9e43d1a488a2b3E0d5Bf8e0f4201b057f5Bb4391,9001.000000029272448328,0,9001.000000029272448328,600,1800,0,0,1637550057,150,True
0x9eFaE605464d39f2EF3704840c9F0c39d484fE90,527.853931501826665809,0,527.853931501826665809,16,48,0,0,1655690066,4,True
0x9ea956c55Af8B4F906e076a0b89AAC384eF9edA0,1337.956929014450948056,0,1337.956929014450948056,32,96,0,0,1645313618,8,False
0x9eea663b254Eff87D23707c9bCEB5893F3eE2039,109.668066549565789483,10.994372219080265831,98.673694330485523652,16,48,0,0,1684816199,4,True
0x9ef42dd440fCA95D6b095d4cDF01B208FBA61806,170.144298814397096998,0,170.144298814397096998,16,16,0,0,1661972165,4,True
0x9f1ed3e9898ea7a6A4D3B53a4cB60845D220bd5a,195.241707259558967715,0,195.241707259558967715,16,16,0,0,1649166152,4,True
0x9f2211ea4aD044d550E969aFCBfc17c908CbAA52,2879.642634678408644939,0,2879.642634678408644939,48,144,0,0,1636548732,12,True
0x9f63fc4d5e71194cBF27a9B2173AC14B80beD198,298.52639558,0,298.52639558,32,32,0,0,1680492875,8,True
0xA06137B0f1f5B76cf80B8fA2E5643c12460a2623,7201.762245782561260892,449.045522676016492585,6752.716723106544768307,128,384,0,0,1651134491,32,False
0xA0a0A81d1de8e6849c8b39550C8C4bfA32A84e88,123.39815,0,123.39815,8,24,0,0,1750975019,2,False
0xA1B51A8a4447175661B6FC2Ec013451ACc8Ca7a4,540.679602974161571749,0,540.679602974161571749,16,16,0,0,1650841750,4,True
0xA1bA6a3bF450A2EA96C5F92B1d4D4e6401C717Ea,10035.217568838707113986,0,10035.217568838707113986,256,768,0,0,1662725210,64,True
0xA1c55708d0129339dF7C5171D2fbE1023C078ED2,421.31789644458244624,0,421.31789644458244624,16,16,0,0,1691029463,4,True
0xA2b36693B14eca557AeBC363172e730DC9BD3929,1366.665750479291264387,0,1366.665750479291264387,96,96,0,0,1643538748,24,False
0xA3134c736Da88811fd4d69BeD3cAf17E6AF0C921,1040.886893919202694745,78.35582684374083453,962.531067075461860215,72,216,0,0,1636490927,18,True
0xA329196f5759567B848e1eE22D834EF63D28aF17,0,0,0,32,96,0,0,1742040575,8,True
0xA41A6E36bB6dA07E93506151e2F1df1aF3200899,261,0,261,8,24,0,0,1701280451,2,True
0xA489699A5f5A7f1ff0a3fA624ba9b999C81541c7,2371.985053730936341137,0,2371.985053730936341137,32,96,0,0,1639482841,8,False
0xA4BACF9263fd9fF2Ad477845eF8c1fD4A4e14Cf4,204.797454316751797877,0,204.797454316751797877,8,24,0,0,1707130631,2,True
0xA4D06dBd84a7d1440C6683bb0473b37D6b20f97b,1852.995406978116930667,0,1852.995406978116930667,32,96,0,0,1675027595,8,True
0xA4baEe3286d6Fbd4263f2476fbd64Fe2e33100ba,1000.896950516133421867,0,1000.896950516133421867,116,364,4,28,1679241671,27,True
0xA5f740E21b4B68f8aB662F64Ea93A7cb0F1d824b,65.791839464723183746,65.791839464723183746,0,120,840,120,840,1684130723,0,True
0xA62d75E508f45B68992dbd86DFc1E7099bC191D6,1299.410756351945214347,0,1299.410756351945214347,16,48,0,0,1669668251,4,True
0xA634642323AB9E64962A18ac7CF404AfBA818B3D,301.324273609003684092,301.324273609003684092,0,16,112,16,112,1680344327,0,True
0xA673E1362ECCbD34Bc8364fa5F3B846F2e03D98b,551.754131518467873632,0,551.754131518467873632,32,32,0,0,1716742691,8,True
0xA6b68820C86Aa8a6defebF0656850bf90A484715,0,0,0,8,56,8,56,1774017887,0,True
0xA75B3331bB4e56F78BBCd86f3d66dCF0f2dA4300,72.916709701318640564,0,72.916709701318640564,16,16,0,0,1684337135,4,True
0xA7669E5c9d1176bFb35A01BE225Bc3bcB11aeC41,1109.70269279931694604,0,1109.70269279931694604,24,72,0,0,1655735470,6,False
0xA77EEb8b3f7dF5Ab18ADeaC7d7a95462209aD3aE,1132.527480194002403613,0,1132.527480194002403613,48,144,0,0,1636507757,12,True
0xA7C2801f96c148EF803Be5F62AF099a8e9EeF01A,317.203725330244556145,0,317.203725330244556145,16,16,0,0,1646911123,4,True
0xA7CC30320F5F74580feAD07fefA49a60F1D42E92,0,0,0,24,168,24,168,1748995523,0,True
0xA8004B916EaE58fCb39f3fB87D4C37055B0c58E0,1168.354170284118154417,0,1168.354170284118154417,16,48,0,0,1716740867,4,False
0xA8301D71A651AAF080E83966485FACC61E9c23FC,480.792524593023363289,0,480.792524593023363289,16,48,0,0,1663249043,4,True
0xA84CFb8Cd3fDb6F7C9B84febC757DE4b562d530f,849.638498571525837021,0,849.638498571525837021,16,16,0,0,1647741486,4,True
0xA8974306Ca760608B64bB68475eE39285F520578,183.472394960018043014,0,183.472394960018043014,16,16,0,0,1662987257,4,True
0xA8A6914dBa281A03A03239B26De220DCe7a93785,2603.905810963229350429,310.008636271125769693,2293.897174692103580736,36,156,12,84,1636450153,6,True
0xA8Dc6eA97607d7702AC83053dbb2A3CdB88A4e52,1022.544868414482947256,0,1022.544868414482947256,8,24,0,0,1672005755,2,True
0xA9912Becf8ab19Cf214aaB8F5E2155815990A676,427.984159948897765406,34.914740673005971788,393.069419275891793618,24,104,8,56,1704192407,2,True
0xA9EAFa53D7B4758143D2A5b9B8563D4BE2209d1f,4222.499485471554279389,0,4222.499485471554279389,56,168,0,0,1636637178,14,True
0xA9a682c99754abB548144798B925f3c195938BcD,160.343116044728708094,5.743006185999673456,154.600109858729034638,16,16,0,0,1675799423,4,False
0xA9eF3880946B9E25388864eEE0677f71cd9A6cd7,0,0,0,16,48,0,0,1739881559,4,True
0xAB435C2ecfEca8cDD27F8a3c079e5258b6E988A1,0,0,0,0,0,0,0,1662507156,4,True
0xAB6c1caAc1FA34fd018A1b483b59133A1a50B66A,0,0,0,0,0,0,0,1693392767,0,True
0xAB8Dc8012A783a96a77d7f6FAff453Ba99838fCC,366.944837178298027355,0,366.944837178298027355,32,32,0,0,1638942496,8,False
0xAC1F20Bbd9e9544Cb44d5fef5190871Bbd8C239a,207.883655943799279511,13.595499943287916875,194.288156000511362636,8,24,0,0,1699392863,2,True
0xADe9CCa8A653AbcC9A3c7e04B15f05680aB030cb,265,0,265,16,16,0,0,1712586563,4,False
0xAE5d461bDABFb483F0A584797475C20c48a803fa,1087.353412978291035237,0,1087.353412978291035237,32,96,0,0,1699474499,8,True
0xAE8E389E2940D937f50De697f350DD86f8AEE93b,0,0,0,16,112,16,112,1643885616,0,True
0xAF0fe654dA02801436B722643afA2C83B8029faA,798,0,798,80,80,0,0,1693859675,20,True
0xAF526D2f628a1a91FdC22C912d6F4559e050916E,1672.637835679759822169,0,1672.637835679759822169,16,48,0,0,1638098216,4,True
0xAF8e289Cfff6cD19aBd151cEA116A5142a0F1802,752.569482568176949215,38.825217483446134443,713.744265084730814772,20,76,4,28,1695463319,3,True
0xAac5BE27A7C12298C9047A673A680c16F382dC10,991.457207182800420571,50.512682924164039913,940.944524258636380658,24,40,0,0,1644753961,6,True
0xAc13542a4Dd16A9D71da7170fBAf89f5aA289241,449.331655899367216373,30.621253195505666266,418.710402703861550107,48,48,0,0,1663703423,12,True
0xAc47224B08949a5F585FEEB8Dd45c71801716136,577.751463320993788667,0,577.751463320993788667,16,48,0,0,1686098291,4,True
0xAcacE5f70390B0CEabb1f41A4d53F61B0B91CA43,861.342167389667836975,0,861.342167389667836975,16,48,0,0,1711101131,4,True
0xAce037E71Bc895f113Bf9Fa2031f7c3a4F2C4Abb,754.519700246475779754,0,754.519700246475779754,32,96,0,0,1636538705,8,True
0xAe3C67b8aA12e458F2b4EafC0e9209710582C9D3,157.150860397557171488,0,157.150860397557171488,32,32,0,0,1679502083,8,True
0xAf2a78FBCE6B8c3B3fF1dce8dE76415c578C754c,642.086691858974836199,35.876795507770118259,606.20989635120471794,16,48,0,0,1702822319,4,True
0xAfD4C273dB0d69F20180eCa26b6bad72b9C036F5,219.295239606807900556,0,219.295239606807900556,8,24,0,0,1683605423,2,False
0xB01c3f3a79FD927C7F584c6cb5Cb3E354fdd8C34,15047.936728257955075275,0,15047.936728257955075275,128,384,0,0,1645697769,32,True
0xB09f255289Aad8a9f9F10818D6C5FE619a202461,124.556161292211372238,0,124.556161292211372238,16,16,0,0,1672283495,4,True
0xB0CdE18284e849b7d9B08E1Ae151876cC6cFD28c,305.078983883541417081,0,305.078983883541417081,8,24,0,0,1691975555,2,True
0xB0D49c588D1fbef3d67c888b610558163a0cfd73,500,0,500,8,24,0,0,1734675443,2,True
0xB0a1f66d1A2FB03Af8207634d79E8988D10c1664,22049.435556245173930579,0,22049.435556245173930579,408,1224,0,0,1687254611,102,False
0xB0a2Ef3c7680A265692252D212440C7326Ea1792,2000.000000000000000001,0,2000.000000000000000001,8,24,0,0,1636418495,12,True
0xB1586a262f0215E9560e9bA671b9203E9b96a0Df,17643.772074210515661952,1051.497600702794097431,16592.274473507721564521,272,816,0,0,1656554628,68,True
0xB1Be11135Da82517d9E2E9e62b2c9d725F93Aed4,22.680878654674638249,1.113268901455474607,21.567609753219163642,8,24,0,0,1741545191,2,True
0xB1Cc0Bc86c8E492714b7b2954085214971a13959,4000.000000635749644489,0,4000.000000635749644489,80,240,0,0,1643624818,20,True
0xB2a119051d124d225CBa4439588e1F10B00690DB,287.844770961743728979,287.844770961743728979,0,32,224,32,224,1637762961,0,True
0xB31CA877e3b3f88405898769F16cd0e73ca53134,0,0,0,8,24,0,0,1736630975,2,True
0xB42b6F485EA1872Ba5693fc61A3E0058498b610b,0,0,0,0,0,0,0,1778937107,0,True
0xB4758DD8C0F274f6bf07CB3bB1E7780d87e18489,3581.703829863726135701,0,3581.703829863726135701,160,160,0,0,1657437569,40,False
0xB502Ba8D0A99f8Fc3254CDeC6e53fa77493F6d4C,108.45695205214011,0,108.45695205214011,8,24,0,0,1682894351,2,True
0xB5C15865794BB6c5d022C36c808b55C2b7e2FC2b,284.865165040941357537,0,284.865165040941357537,16,16,0,0,1638921481,4,False
0xB5a6C1DcE6110B1B2DA7ceE2D9598B533BCfE3e8,1940.24924331438323673,0,1940.24924331438323673,16,16,0,0,1677760847,4,False
0xB614DE5b2C956881a793C58976a0ac91202B1b91,697.698844620154478731,0,697.698844620154478731,8,24,0,0,1685854043,2,True
0xB6AA1a76D21fffaf677A89960C620d897672BDA3,1017.715641918136306218,0,1017.715641918136306218,52,204,12,84,1642571368,7,True
0xB7715eC8662dF42E18297D13386EcF3EDcD1C1EB,415.747039574273669353,0,415.747039574273669353,16,48,0,0,1659280553,4,True
0xB7f9Db7bFD76Fa939cd72C9E517896e989AdA455,578.542272470359963895,0,578.542272470359963895,64,64,0,0,1663992611,16,True
0xB82C0562cF359Df41f8E34FA05aEF1445e017d51,447.764290391076433373,0,447.764290391076433373,8,24,0,0,1718527511,2,False
0xB89f75448114B5a13BC744630786460ab12A15BF,935.441350676676506647,0,935.441350676676506647,20,76,4,28,1737968651,3,False
0xB965F0D635934282cc659f259C7BA7b77CCccbBb,3145.464308137444086646,0,3145.464308137444086646,120,360,0,0,1681759199,30,True
0xB984b9492b80325e09E7ddAd1b52Ac49d5808e9E,11696.601018803411201504,0,11696.601018803411201504,1072,3184,248,1736,1638647405,144,False
0xB99cd160aE4Ce34334CbB29cEf99Ce4cb1CcD283,1433,0,1433,32,32,0,0,1649423184,8,True
0xBA8F6508A699D67f446191A220026Bca956e54D1,1677.421687390005407059,1677.421687390005407059,0,40,280,40,280,1684827263,0,True
0xBAB8cf3957828CDf05180FfAc58bACa7D10E1D30,1406.265876384537824733,103.291098944881106014,1302.974777439656718719,20,76,4,28,1645154125,3,False
0xBB35Fb799b070dD1C7a19E7Cde286074ED0E9356,207.946509228817891169,0,207.946509228817891169,8,24,0,0,1702104731,2,True
0xBBDcDa0bfc01a1732268E086EC55e3a069EC4874,488.786565915589658378,0,488.786565915589658378,16,48,0,0,1652440565,4,True
0xBC74e8639F23B66Dd35883cb76F155bE3222EEa4,853.900763920233361627,33.920262338693949139,819.980501581539412488,8,24,0,0,1636722682,2,False
0xBE936343380cead4Ba08935302521a13411a1159,572.253359576509161554,34.10399046518726063,538.149369111321900924,48,240,24,168,1715952263,4,True
0xBF4eDA607d85d5C524154cC96352E87244F71F66,5312.87517594668649238,0,5312.87517594668649238,240,720,0,0,1636416562,60,True
0xBb27a98589D60CCbc1E6A1CC4d0dee9C3DC77aFf,1041.937175712752914625,0,1041.937175712752914625,32,96,0,0,1691548415,8,True
0xBd46134D6060A1386A66793f46d5069Eb6be5e9B,0,0,0,0,0,0,0,1773603059,0,True
0xBdD4c50cFfdBF471611A18C583F4599ae8a1754c,3624.952785195990308739,0,3624.952785195990308739,40,120,0,0,1727207639,10,True
0xBe094d13660eA8F8dE64825c6a5B07627786bc7c,0,0,0,8,56,8,56,1771481663,0,False
0xBeE21365A462b8df12CFE9ab7C40f1BB5f5ED495,234.827039374479382394,0,234.827039374479382394,16,16,0,0,1637592360,4,True
0xBf38E65c13a0a179AC73FCBF78771Ba334496CEE,11559.164703611262156711,7536.970241145258163278,4022.194462466003993433,20,108,12,84,1642402882,2,True
0xBf82acaeb64B2C0E9cd3D571f6ee500D14196898,526.121959658652051971,0,526.121959658652051971,8,24,0,0,1738678559,2,True
0xC016f2BA38F78a78e69377FB7c43e27c306822bC,0,0,0,4,28,4,28,1789143815,0,False
0xC0894D97A13f4E28f6747261504c31F55F2c1f7f,895.785348342301866168,0,895.785348342301866168,32,96,0,0,1655048688,8,True
0xC1718E9739d83f764cDc27e2b4CDd4B21E9AaedF,0,0,0,0,0,0,0,1771973315,0,False
0xC1BBAd8A3B1C950e7ADEB6D635cE74Ea8450B112,1178.794016084729894938,0,1178.794016084729894938,16,16,0,0,1638161457,4,True
0xC1E9d80bd481d4E04B21d6fDDC3f9a459DacEaC3,465.429495338018888945,0,465.429495338018888945,16,48,0,0,1636470850,4,True
0xC21969c23a264412C791494EF8721e4A0429dA81,2489.809280156278537041,0,2489.809280156278537041,160,160,0,0,1669405031,40,True
0xC223Ee741ab6E8875d1b85F2e7D77b54e4d1cc8d,2058.611072879916897083,206.429226621865143523,1852.18184625805175356,48,80,0,0,1688972459,12,True
0xC2392cbE1a23c755Cd4c197D8F31CDbd678D80Da,24425.700877151220339752,7466.899295292893613892,16958.80158185832672586,440,1480,40,280,1701214199,90,True
0xC2CD219c26d0615489bD347330fF041b8f1AFAd6,395.668651535011382257,0,395.668651535011382257,32,32,0,0,1665706823,8,True
0xC302b5E8B75737b2bD21D2af8CEF7C671C8d1b3D,1954.745027048057056824,0,1954.745027048057056824,24,104,8,56,1645246146,8,True
0xC3400D3536a08f4Cd75a5d7120A92ec24d2AaF52,3043.972545781434663806,98.0157904913631422,2945.956755290071521606,0,0,0,0,1647693849,30,True
0xC340E012529EF7c972eB7625901F9581066C6090,2538.960055125630891545,0,2538.960055125630891545,16,16,0,0,1645164075,4,True
0xC44ec1D129a1984bdbcEB6A0673ad4F6A818f032,347.309247403796710072,0,347.309247403796710072,32,64,0,0,1680805067,8,True
0xC45A3b88925790Cd0EF911Fb9D343F2bFb1cf11E,402.971581844340811407,0,402.971581844340811407,16,48,0,0,1674796595,4,True
0xC48f43b3d14b828CB6Ed827C23E3AB7AF0Fe6485,66423.586527696228408417,66423.586527696228408417,0,148,1036,148,1036,1761550007,12,True
0xC49AFc46fC2B76590F06531111871b369bEC7B3b,550,0,550,8,24,0,0,1682796815,2,True
0xC4C435E93f3F01A55A0dCc01bC19966602C580fd,251.446672670100102082,0,251.446672670100102082,8,24,0,0,1659795817,2,True
0xC54e0691666301921BeA137b0c48cEbbA27a8Ac9,2589.76194035201685855,0,2589.76194035201685855,192,576,0,0,1648946547,48,True
0xC559D746B38CA5C3a763D9155e7BAaA37FCA0aA2,689.945166403147829433,0,689.945166403147829433,40,120,0,0,1651008968,10,True
0xC5CB52A42B83F1101c8279080D5CB5d8E8a0f0B4,292.083321091716134188,0,292.083321091716134188,8,24,0,0,1708318955,2,True
0xC6080FC2cDb2C25CDa6bD72985780dE26C5e6203,2200.000000000000000001,0,2200.000000000000000001,16,48,0,0,1636416516,4,True
0xC658444916bd5f90Ba72830B28d69553c5782567,302.241013003615414313,0,302.241013003615414313,16,16,0,0,1646099910,4,True
0xC73496dd783d0D1335147878e99fC6D7bfF68499,668.632043915383734107,0,668.632043915383734107,16,48,0,0,1703275871,4,True
0xC76DCF5ed10555C417d3c85aF987F2b7D2f63415,888.741202758645647161,0,888.741202758645647161,16,48,0,0,1686620879,4,True
0xC790c7765fBBC846dD3e69dC80eb6f079d21AE6f,945.420636024037719159,0,945.420636024037719159,32,96,0,0,1675457063,8,True
0xC7B158B10B0bB26bF0072aF363c04927B60342dF,13428.021792516369414445,397.046071769347616737,13030.975720747021797708,12,52,4,28,1662226118,1,True
0xC85D08c5C32A71FA7cE3f04337BCe833eC5863e5,5305.959883700626366337,0,5305.959883700626366337,240,432,0,0,1674649487,60,False
0xC928c9831724272Ba8f042CC2c987511c2E8E75f,800.018223382351607369,0,800.018223382351607369,8,24,0,0,1724500055,2,True
0xC92b0E76bE7Fe96d86AEc48690dfbb16e6c9E96c,230.101267371553348329,0,230.101267371553348329,8,24,0,0,1682483027,2,False
0xC9ee184EDFf8Ed4ec83288e2DCf3B21D5B3329aE,4677.794299954391376878,0,4677.794299954391376878,48,144,0,0,1684770443,12,True
0xCA16DD8bc25fb8c1061F49e243dC06F7b6E3de09,474.317572150966326439,0,474.317572150966326439,32,96,0,0,1682945747,8,True
0xCC27D4212D9333Ef941533Ea67bFef66f38Bf0d8,6625.224140148197586967,0,6625.224140148197586967,472,1416,0,0,1647586224,118,True
0xCE68E8B3cb783F104feE439A9Fc20997356B1A77,1204.78929858628088471,50.680514456858802128,1154.108784129422082582,16,80,8,56,1689671255,2,True
0xCEB90B4f80F585dCed3B9a5fC7B28485CaD15cb4,1500.785673791078807982,0,1500.785673791078807982,32,224,32,224,1636460808,0,True
0xCF4038568f8B3A6e68A5652496cbD561E6e59082,644.389564317497965958,0,644.389564317497965958,16,16,0,0,1660905597,4,True
0xCb6fBF9B4e822beD1a8365c0c32E66BD7a779bae,369.792512651756172892,0,369.792512651756172892,16,16,0,0,1664794427,4,False
0xCc00b35a6bb67C54B174058C809Ec838f360Dd88,11184.406599611392483195,0,11184.406599611392483195,208,208,0,0,1636495149,126,False
0xCd9610A147883f2BD08Dfd1836a46e85b2609D0f,302.525737649350436013,31.266584076038488623,271.25915357331194739,8,24,0,0,1710353735,2,True
0xCdA38064AE781249b6BDfbf59B029BBB86b60350,466.294240660518934026,0,466.294240660518934026,16,16,0,0,1654416695,4,True
0xCe768eDc30C62f8cf316C856308f571C11b5d240,248.730642833845868416,37.227171526515565657,211.503471307330302759,8,24,0,0,1683042851,2,True
0xCe89f2eC85f61F4AAF2a52e02a531E31a6846fa9,4089.009199553433093175,0,4089.009199553433093175,88,264,0,0,1681772075,22,True
0xCee6d17Eea7613060066027Ff38c9471b096e35b,2039.431785664485702076,264.431785664485702076,1775,32,128,8,56,1636416678,4,True
0xCf0c4b776e42D5abAb22434C8116C7eB76c60d86,982.842987993162802888,53.936143980796379908,928.90684401236642298,16,48,0,0,1636443871,4,True
0xCf9237CBc2Ea53738376B6c9e916bd189A65E543,0,0,0,0,0,0,0,1771261679,0,True
0xCfb711B2812dCDfD293F175095356ea0da3A1109,10153.710071266972779351,10153.710071266972779351,0,16,112,16,112,1757261171,0,True
0xD000AFcF644D5A651D53BA8cF3E49bCc2AC0f303,547.883381303181352682,76.247018300469556311,471.636363002711796371,32,32,0,0,1636429154,8,False
0xD016bd858F8eD798Dd6c624AAEd0277ac9BCE4Ed,0,0,0,8,24,0,0,1753035959,2,True
0xD0622e059e51E0EF14aA20A40A57E3B79E457CDF,1259.515210689467524932,82.491434456337035086,1177.023776233130489846,48,144,0,0,1636416516,12,True
0xD0e870c38A877B2a4e7E598A630e5021485eC9aC,1206.378987858707167774,0,1206.378987858707167774,16,48,0,0,1709708243,4,True
0xD1633ecaaa885b750500e0733f685a1B400d16b3,1472.236649294236588759,0,1472.236649294236588759,24,72,0,0,1714613075,6,True
0xD16F71313ed3362BDf4cf9bB685fE288BbFF7697,115.605234327215211181,0,115.605234327215211181,8,24,0,0,1687110155,2,True
0xD17191114ABaCEA1b34980C7Be6CbAd47A3AA270,221.508508304354729622,28.694294264728679466,192.814214039626050156,16,16,0,0,1641294654,4,False
0xD2792Dc00964B2aa8ab97cd2877F02d516368340,0,0,0,0,0,0,0,1774628495,0,False
0xD2a177ccd7a6B341c667572Ea80f0B6b5ff7ED73,139.787985483968536282,0,139.787985483968536282,16,16,0,0,1696888367,4,True
0xD2c45Ab3b7C5EeEB152c951286D7711Fc5eCAB55,2182.532100645987999995,2182.532100645987999995,0,16,112,16,112,1729314095,2,True
0xD4b0625E65F7D0b417B6386421AF629923D3f5F9,36449.305418173129237501,7912.208177187266721091,28537.09724098586251641,376,1192,16,112,1636416562,86,False
0xD4bbdF9f22700d29F85463680f2927740de5E56f,852.953628862711454887,0,852.953628862711454887,24,40,0,0,1663507343,6,True
0xD5c5625499125EC9bacfD72a0f9cF5Dbd98Ac5fA,5081.300595911566663477,3856,1225.300595911566663477,20,108,12,84,1638977835,1,True
0xD6801eAEE45Da7375596b40616771DAf0590650d,3080.446349148402960531,2014.500734462934197958,1065.945614685468762573,32,96,0,0,1691174819,8,True
0xD78785Da5196122393B4a5bF742f9bc762AFC9d2,615.930696253933605669,0,615.930696253933605669,24,72,0,0,1673841599,6,True
0xD84cEC792e12B5eF37957a35aE5740bd1d45A46d,470.359953930611248287,0,470.359953930611248287,8,24,0,0,1714067075,2,True
0xD8E9FE91f5cf4b2DA7e9fE499669dbA98068dB4A,0,0,0,8,56,8,56,1767754091,0,True
0xD91EEcc267ff626399798040d88DE62c9e70Acf0,32149.319606480406206657,0,32149.319606480406206657,2064,6192,0,0,1665312767,516,True
0xD93aeF2867144297802B41E7887C5C0d5b853fED,20730.857751023820945539,1000.557053702863384304,19730.300697320957561235,2240,2272,0,0,1671911771,560,True
0xD97cC59378578A30576bE117BeF9A290D2da4F9a,8276.705396431663261843,0,8276.705396431663261843,120,360,0,0,1636453058,30,True
0xD9A3F2B1b9A8538992d49E577B684e3e84aaCdA2,482.149253808871376439,19.45004304505408498,462.699210763817291459,24,104,8,56,1668722075,2,True
0xD9F01dd9d2c403245dD15c96DB517F38C927134E,682.653551017101602585,0,682.653551017101602585,16,48,0,0,1636758312,4,True
0xD9a9e83f71f63C2B9677b24380ccA030039A3A43,1130.473040170225774395,0,1130.473040170225774395,16,48,0,0,1637607937,4,True
0xD9c2D5c041aD53B8B0d70968DA88ECbF5E973Cd3,0,0,0,20,140,20,140,1704439115,31,True
0xDA9E30C9ad2B720Fb6037bAB20326e28cc04751D,373.593067001014777471,0,373.593067001014777471,32,32,0,0,1677511451,8,True
0xDB21B164A38a5eF18bA33E6A61BA192B3649f879,38268.678458802163382852,1988.846346384062216244,36279.832112418101166608,628,1932,12,84,1668992843,151,True
0xDB22E75e1b0f8aBEF4C7112020BFA3Bb4c3c5eAc,0,0,0,16,48,0,0,1744446791,4,True
0xDB791B194DBDa08C0c8E628f16C31b3994f59398,176.293304808827367587,0,176.293304808827367587,8,24,0,0,1693142867,2,True
0xDBef206584d2b84b625c7d78067aE977f8EE1A29,1933.033971744317569053,99.530166294676394317,1833.503805449641174736,64,64,0,0,1672708799,16,True
0xDC0Be0CF66f9e7776633E8723e515320D015A477,579.545540655332531745,0,579.545540655332531745,16,48,0,0,1678743251,4,True
0xDD23dD2Cd731D00470ad6374B289BEf210c707D8,220.90877043,0,220.90877043,8,24,0,0,1706988083,2,True
0xDD3dc96f2115A158b71d28F6E70813e689fFc815,1094.600183128788552758,0,1094.600183128788552758,8,24,0,0,1685981255,2,True
0xDDcBFa9234D1E6943dD6707223Ef089fcb965a87,4108.754666010441434425,0,4108.754666010441434425,692,2092,4,28,1680746363,171,True
0xDF4438e7151431C1aaEbc1b04BE806F2A1cB0976,1783.427966639673110811,0,1783.427966639673110811,16,48,0,0,1675223651,4,True
0xDFB5332f9a6AdbdECdaB2e99F1B4924De5778F46,1122.564522966349186252,0,1122.564522966349186252,16,16,0,0,1640839949,4,True
0xDa2Ab2f24c6e5697849E63AB0d681B6a6AD01455,1020,0,1020,16,48,0,0,1685438267,4,False
0xDa510D893A9cCb44790956465ffE01C787fc7cd8,1.2,0,1.2,8,24,0,0,1732667327,2,True
0xDaf14d668Eb8256FFC04316A7B35da66d6FA4e0e,628.779520880586342498,0,628.779520880586342498,8,24,0,0,1681949063,2,True
0xDb32056f04838553D5c336D7B6C168AE4e0fE1d3,0,0,0,8,56,8,56,1775414303,0,True
0xDb7C387Aa3750C33aC17e388D1471aFe6b1964a6,7668.095837511053634003,457.224309045902804876,7210.871528465150829127,480,1440,0,0,1652864709,120,True
0xDcd28F3E54773E70AE3F8d5866CD5dc2008f78BC,0,0,0,4,28,4,28,1772608547,0,False
0xDd42b6d634C0f7ce083A9a39d864105eEF36fE1C,204.060033010676631588,0,204.060033010676631588,8,24,0,0,1692772319,2,True
0xDe93E52df8D0971Fb6EFE155ad389D3b293d95E0,0,0,0,8,56,8,56,1786500203,0,False
0xDeD0aB3f261B25A612D6D8Ca655660843cd1770c,2409.265472035333586535,0,2409.265472035333586535,24,72,0,0,1639604497,6,True
0xDeb61818c1Af9752b5FD0bC74a821b092e90Ef72,126.237679022463260495,15.858678096947684674,110.379000925515575821,24,136,16,112,1685390111,0,True
0xE00663cBC597f8cC8Ab81002Df35361b75f4bE49,984.160800315243071691,0,984.160800315243071691,64,128,0,0,1664743475,16,True
0xE0f2DEcA491F66EA16128c42211d9F6819b48b92,47999.007263890634983742,47999.007263890634983742,0,32,224,32,224,1772585759,0,True
0xE13f28c02773a8b2F03D557560C41A64A7F07b68,1000,1000,0,32,224,32,224,1770959567,0,True
0xE146801D03cf106a400FAbB91e925CEB5B0C4e89,1071.32649855679971246,0,1071.32649855679971246,64,192,0,0,1681852907,16,False
0xE16b651E364B84FA8650d9F9615636a8ce0535bD,424.758323672427151726,0,424.758323672427151726,24,72,0,0,1663038030,6,False
0xE2B767CEC073DB25B35F7d562d15921d1Dd4b8de,374.472260317125994837,0,374.472260317125994837,32,96,0,0,1669351403,8,True
0xE2f1a97b2781B869D40660b5a3b8a53B4Dcf74C6,4,0,4,24,72,0,0,1745238467,6,True
0xE35854CdE18A3cC4706134b4850Dd861a55B9A30,3335.358547703226622809,0,3335.358547703226622809,20,76,4,28,1647480649,5,True
0xE38BaeCf9898DBcC898667106F5332c7d47B5CC7,351.758175740468775837,0,351.758175740468775837,32,32,0,0,1656813969,8,False
0xE4D42E13BcB866aa5e2B725bb4703Fc8E69d8cEc,653.523140011115434908,0,653.523140011115434908,16,48,0,0,1638237468,4,True
0xE50e06B1B4136693FF34B371484504f9047C05eF,0,0,0,0,0,0,0,1670703023,24,True
0xE5EE560B99De57fA88F0375E4c50ae09455b7A80,225.55924385149,0,225.55924385149,16,16,0,0,1660355275,4,True
0xE5eAd4C081BD597c2f1a89a27356F6970b6DFa32,1109.116988938204078117,0,1109.116988938204078117,8,24,0,0,1683840551,2,True
0xE62EBf632D5129B7F5e42B78F64AD37914b83C24,1850,0,1850,24,40,0,0,1716911807,6,True
0xE64E26bd92cBFa46c5EA93D41401191dfFa32A52,575.42392528937796601,0,575.42392528937796601,16,48,0,0,1682519555,4,True
0xE6d901bd4AaFBEfc2F65130155977E7681c04825,0,0,0,24,72,0,0,1734211691,6,True
0xE7728470468C488a9D95CFA82E433ab92a90b65d,101.53784795,0,101.53784795,8,24,0,0,1685047691,2,True
0xE856520f112D52990B714EbF5d9f998e2D307bEc,0,0,0,8,24,0,0,1764251135,2,True
0xE87821Bab2638E5A1f2D64a9C191463d3034c2A1,203.664442733468209598,0,203.664442733468209598,8,24,0,0,1699062311,2,True
0xE89617a65BAc3bFDC6e9f320360c5Cb29536c305,0,0,0,88,264,0,0,1704423767,22,True
0xE89Ad4eA1591ffB266cf633A5F5f30273c4d359E,84.28144503003336127,0,84.28144503003336127,16,48,0,0,1678615847,4,True
0xE8e270d5712ed9d5C0536b21E97E8FD8fD2a6D01,1028.770500477746220338,0,1028.770500477746220338,80,240,0,0,1685129123,20,True
0xE9501ADaD874c694fB568FE946Fe42934e27CBD9,12000.995920710176226351,1000,11000.995920710176226351,8,24,0,0,1684602167,2,True
0xE97CaEa91Cc6389dd0270472143e6F8fc108AA4f,218.086124409330429182,10.741236318770397772,207.34488809056003141,8,24,0,0,1700117771,2,False
0xE99321C853CeE1e78CFe8060E773888616B0A696,0,0,0,24,72,0,0,1756912163,6,True
0xEA0364e1E5914342AFD2Cd8CfB49350a71Df3937,2580.307775132511106494,149.010654559148278942,2431.297120573362827552,16,16,0,0,1642343241,4,True
0xEA1E6f7C5DF5d07c1e70493D8894536E2D110934,260.691623000397697218,0,260.691623000397697218,8,24,0,0,1683980171,2,True
0xEAD57e1667F9b409a633750AAE5b4C90739c1A1E,120,0,120,16,16,0,0,1663520927,4,True
0xEB4E0b3A5D65D023146fBc4a2d438572745bC533,222.26981359725049591,0,222.26981359725049591,16,16,0,0,1644007787,4,False
0xEB79840B2535E73CB6221375EE1EE90C3eA2b649,763.12286651887222935,0,763.12286651887222935,64,96,0,0,1675643735,16,True
0xED470C0ad02C098F58e1df2c854B23A00F858047,523.039297,0,523.039297,16,16,0,0,1726155599,4,False
0xED6A8c0c8Dc0c7c17b7F036Cbf6aE594e9a54eAA,0,0,0,16,48,0,0,1756913675,4,True
0xED8Da4DAF5B1b112fD27123ca414496cf033A3bb,5451.312923202924143017,5451.312923202924143017,0,384,2688,384,2688,1653639651,0,True
0xED9211Bc1529E7e082Ed1E0B4Cb22219dd8CAcF1,1000,1000,0,24,168,24,168,1770952247,0,True
0xEDDcAEeF518157B340BA7183C4B1416696466d2a,476.548555605120396808,39.979062823074558522,436.569492782045838286,16,48,0,0,1671189863,4,True
0xEDb3E381B09493233FBdE60C7d66813FBeD7bDe9,1079.263050386957698091,0,1079.263050386957698091,128,192,0,0,1693284323,32,True
0xEE336aB74d0E8456385E510e6E70c6947450232D,1417.007462762425184104,0,1417.007462762425184104,24,72,0,0,1681514675,6,True
0xEEfbA7081b742294319e21cC2e3582f416E047E4,222.054764661833344659,0,222.054764661833344659,8,24,0,0,1684346279,2,True
0xEa6232b4d2d5f2Fa1E7560Cd0C4E1B2c976e6649,1590.727424964397476025,0,1590.727424964397476025,8,24,0,0,1659355441,2,True
0xEb4392E12e336985983aC3664554C6aCE0e764a7,235.158493226653263527,0,235.158493226653263527,8,24,0,0,1690038767,2,True
0xEb7c10c7cd6C5872f3e1B0c25f6267709303a06d,3169.969576967498397492,0,3169.969576967498397492,40,120,0,0,1636416592,10,True
0xEbcd5bC42A111B56ee8b371445d40D7afe024a0b,969.65187596,0,969.65187596,8,24,0,0,1746703847,2,True
0xEc23BBB0aF94D876bBDCBdba7e229A36318683d8,3379.670120790261334234,0,3379.670120790261334234,56,168,0,0,1675168763,16,True
0xEc61590Ed7feD9C698449555DbbD2F8dcE08E29f,873.681997118496651438,35.19981504016338054,838.482182078333270898,144,432,0,0,1681474763,36,True
0xEcE13bc2d3e61194b2559D7e72999008199A733b,423.572611728528549474,0,423.572611728528549474,16,16,0,0,1658190681,4,True
0xEd266951E71E7eb189B1525dCc2d21294c3c391E,753.323548676195588342,0,753.323548676195588342,24,72,0,0,1685568227,6,True
0xEdBB8ffCf1C83d3dC4f05c39CED0F6E28E6e85a6,1402.753237319008452382,0,1402.753237319008452382,16,48,0,0,1636906209,4,True
0xEfb6945AF82A6487c319C326a8EFa319Fd3b8438,807.668263495234441713,60.213101360252067294,747.455162134982374419,16,48,0,0,1649830652,4,True
0xF01c85E7123514B0e262711Bc5e75e1A44Ade5f0,0,0,0,72,504,72,504,1681930511,0,True
0xF02C3D26E155772bA7f91678e4C9b4bA6fff24bB,24842.507649947495638498,0,24842.507649947495638498,168,184,0,0,1746637763,42,True
0xF053e19adAA98D00c1E7EA8B1625F44924637EDb,521.282732577611853639,0,521.282732577611853639,8,24,0,0,1668779675,2,True
0xF0C4E39B19D62075dcCB9dA41E67B32Bd581e5BC,760.183126707069190568,44.189319688530286164,715.993807018538904404,24,72,0,0,1697377763,6,True
0xF131c4dB1D11a19765d4336B6cd68772AABe79Fd,2265.368092056948597926,0,2265.368092056948597926,32,96,0,0,1644642550,14,True
0xF1447ef0E528dBCD3cd1DCA1B3545A62021C5A43,0,0,0,0,0,0,0,1772939975,0,False
0xF19710bFEE51C26d608d321a391BbF248c438B08,997.926704901809929591,0,997.926704901809929591,8,24,0,0,1636524660,4,True
0xF1CB1e9f6c9190Cf5C0F2cE7C162e96E7e6d153c,942.432398003911336364,0,942.432398003911336364,64,64,0,0,1673611943,16,True
0xF1Dcc8559d28C94521496101A6a2d7320ffE2621,375,0,375,24,72,0,0,1686462191,6,True
0xF227C638a1ecC8a4B6703Ab092BA00713FB394F6,0,0,0,8,24,0,0,1753183187,2,True
0xF24c35870827e485b196EB8C36f402A2415652bb,8568.319870827799816459,0,8568.319870827799816459,16,48,0,0,1708915871,4,True
0xF2d1a0ca76A5c8cdB5CdB011F7E93f1E3EA2953d,310.91723911,0,310.91723911,48,48,0,0,1686228131,12,True
0xF30078D84Ee8A67daED104a8B13E806208CB0308,2084.041065275536287634,102.643749760674042569,1981.397315514862245065,24,104,8,56,1735855391,2,True
0xF34007Be7d0a8c8956b5418E75984405cd14efe0,250.547568550237001654,0,250.547568550237001654,32,64,0,0,1677156263,8,True
0xF34abAdad1cD5b3B25a977ff16D8198C712A1504,706.313184627998368186,0,706.313184627998368186,8,24,0,0,1680364031,2,True
0xF34f42634Dc878E6687CbdC8444dD3bFE937e174,534.38370188,0,534.38370188,8,24,0,0,1710115091,2,True
0xF36BC97480B3bEd86Cde8fF2Eb7EC5577fdC14C8,0,0,0,8,24,0,0,1749707399,2,True
0xF3B06771c0b76b0d52fCb74b5e924745cbf3A9C1,204.379030737267814971,0,204.379030737267814971,16,48,0,0,1682941523,4,True
0xF3a88FAE6Ffe731015FB53fB2fa193c9177f87E3,271.912395359454941308,0,271.912395359454941308,16,16,0,0,1664162159,4,False
0xF3baF4447e6E66033c889e18396021085A0F3289,3238.553265999962098272,3238.553265999962098272,0,16,112,16,112,1760844239,0,True
0xF3d688E983859e63B7A9aFf400a8E1293665e2f5,264497.839640041200280517,264497.839640041200280517,0,128,896,128,896,1671063395,8,True
0xF41718523A1E6A8a00e5Db883a96861ecCc77Fd8,431.7930723,0,431.7930723,40,120,0,0,1704705971,10,True
0xF5A9D8A6890564b19e713740bdDf7d2F6d931212,419.40807126,0,419.40807126,8,24,0,0,1710968711,2,True
0xF670BEFbafA384fbEFF262dAE47d07F39D33f7Bd,6287.293753389615458603,0,6287.293753389615458603,240,720,0,0,1653312432,60,True
0xF69F9906aD2652CC902b101f8086d779994D6E69,511.176956665997468698,0,511.176956665997468698,16,16,0,0,1712881679,4,False
0xF6D81c0953C517535f7630e65Fa083164ac1847A,3316.89322954403577096,3316.89322954403577096,0,32,224,32,224,1653025799,0,True
0xF6b216dd90873d07e45635AfBBCd1B46A490dd7b,3091.943219570453195003,0,3091.943219570453195003,80,208,0,0,1674875675,20,True
0xF6fd4eC926d83AdaDd725E67D4005763832f4679,45743.181441467591688064,4157.788041467591688063,41585.393400000000000001,956,3268,100,700,1644626565,189,True
0xF81E43934DDF9A5387ea3Ea18ba7fa893c7eD448,2306.512649128655778492,0,2306.512649128655778492,16,48,0,0,1695640703,4,True
0xF891a5dAdC134AA1e5cc7B9ebe50d8C62862eB37,176.0707658804189773,0,176.0707658804189773,8,24,0,0,1682538455,2,True
0xF98dbA99b3Fda6222Ae68F2B415137eeCCbeD008,0,0,0,8,24,0,0,1748355023,2,True
0xF9Ca1B57B7AC5E64B803E844434b7357B2c19823,156.980457352111284954,0,156.980457352111284954,20,44,4,28,1675773227,3,True
0xFA7ae9d9fF19d042Ee9d969677ce34472b148861,772.432788244988984335,0,772.432788244988984335,40,120,0,0,1672769855,10,True
0xFA82DeD8C8e6723EBf660e2c49e5Ac6069f0Ef94,282.285032068216955547,0,282.285032068216955547,16,16,0,0,1658306813,4,False
0xFCC28F90Df84D78C49d310cEeDdd4f96aACBb724,782.292306594384132932,28.48079769738246418,753.811508897001668752,16,48,0,0,1672038263,6,True
0xFCF8752887fCAD4e0F6935FBaa280514B4D9D9Cb,434.282027376230774099,0,434.282027376230774099,16,48,0,0,1702345127,4,True
0xFD883A4B6130cFa2F17111D12F57a6FD9f354ed0,1014.555470610392853363,88.243964420443918268,926.311506189948935095,16,48,0,0,1652623315,4,True
0xFF601bd72C1DDC35256e04FCd917260F6953c4f5,1065.755027317763059377,56.971585151109430116,1008.783442166653629261,32,64,0,0,1680174155,8,True
0xFa98104Bde38A55A53ADDF630220029caf0482DF,406.481451696848021376,0,406.481451696848021376,16,48,0,0,1639612320,4,True
0xFaaDf0C804689Af0571f269eeA8073A196f891F7,10595.899566038519768227,482.232657085561718865,10113.666908952958049362,32,96,0,0,1643002330,8,True
0xFbEd2f322c918363F6E663E00e923574027C5231,3947.047470394409967009,3947.047470394409967009,0,424,2968,424,2968,1665498731,0,True
0xFbeDF66e0726C71C5a09eaD5F6b6cDc2f32a04A9,1063.98851243212707536,0,1063.98851243212707536,16,48,0,0,1695047231,4,False
0xFc4605B7046B3Fb512B69ae91918b9305F1C4254,2130.094458843050365131,0,2130.094458843050365131,40,120,0,0,1637504098,10,True
0xFc49f773756eaBB2680Fd505916c2a93b65b465B,891.173299034819661174,43.011714282632791253,848.161584752186869921,32,96,0,0,1682254811,8,True
0xFca72aD1612d6536A66506f05d2a50480Ea82A31,271.078210201099867791,0,271.078210201099867791,8,24,0,0,1710081755,2,False
0xFce320D4c85E35A605b86D53Bbd41Cf736A82a00,1494.887514221098841412,0,1494.887514221098841412,56,168,0,0,1691168651,14,True
0xFd437593927C5E42Ed577cF5ff237Bc342872c0D,0,0,0,4,28,4,28,1782047207,0,True
0xFdbf9c88D1eBeC06744989a0A95EC1e98f2EC5d9,0.00649567,0.00649567,0,0,0,0,0,1772088287,0,True
0xFe45e94453AD960Cf2e7F953C5Abd0555b0F391A,124.661594784037780004,0,124.661594784037780004,16,16,0,0,1686830027,4,True
0xFf599eaC4CB73542e6CA0A2Ea3F026Ab6D4d4193,917.371738429636892428,0,917.371738429636892428,8,24,0,0,1731600827,2,True
0xFf78d763E69BB59e466080beA61dca383144Ad08,218.299571,0,218.299571,32,32,0,0,1672171127,8,True
0xa03C9Ed646AFA6c26E0B239711c590103744b225,241.969290042971678883,0,241.969290042971678883,16,16,0,0,1648025477,4,True
0xa04Cc435a2c2b7FA911608e99FCE247FAF08F45e,535.994412747777167386,0,535.994412747777167386,8,24,0,0,1682232251,2,True
0xa07f0Cc0103BD9485ce9fCD2dD934369565b7D36,0,0,0,16,80,8,56,1764448283,0,True
0xa0Db68422fbb86a9090491ECb96Db30e7A7C5736,292.086134792653502759,0,292.086134792653502759,8,24,0,0,1688069903,2,True
0xa0b9fc132cbb0C977085bf51FE8417e90a6907a9,4099.861195802253295592,0,4099.861195802253295592,24,40,0,0,1642343241,6,True
0xa14a3B5B32Bfa6F1bEeC2D26d4a5Af36f392AfB9,731.896505652670879731,0,731.896505652670879731,32,96,0,0,1685916923,8,True
0xa1531955c35F23116C8ba669E24EFd2a549BA547,1680.521227587191771073,0,1680.521227587191771073,16,16,0,0,1683508727,4,False
0xa166e10e3966367235EB074AED1CC09E546a2092,3311.430070682653040919,0,3311.430070682653040919,216,648,0,0,1640515841,54,True
0xa17a33ded5F63A61215027062FFc31728220cea6,1251.007596707524311745,59.126612005753169491,1191.880984701771142254,16,48,0,0,1653562551,4,True
0xa1B9ae2662CBAbe791C4Aa42780979b671b8f4Fb,0,0,0,160,480,0,0,1636416562,40,True
0xa1F1Ccb9A45Df4e7c452c796c5902b023c07416c,2804.869907151616383626,0,2804.869907151616383626,16,48,0,0,1739474579,4,True
0xa1fcdfa090E79D883B4998d0d78ca624bB38B80e,436.220029527259861669,0,436.220029527259861669,16,16,0,0,1638881110,4,True
0xa216f4aC34D5Ed752448FbC548079dCa11E5f97B,269.291738048006478639,0,269.291738048006478639,16,48,0,0,1643030602,4,True
0xa220E8f055077604C6707d401379625a5516135c,1336.607634707858197643,0,1336.607634707858197643,48,144,0,0,1677418571,12,True
0xa2c50BBabD2F9175DEeEAf3D495666A7b6b61324,996.823075213943176669,0,996.823075213943176669,24,72,0,0,1636416678,6,True
0xa3DD1B57E214Eb9eF74748893f2FFd00b42988bc,0,0,0,32,96,0,0,1734639815,8,True
0xa3F287E09020d4ac8F8ba5b5EF6450C94B5ca052,226.288083614403320167,28.578863030814784682,197.709220583588535485,16,16,0,0,1638964035,4,True
0xa413Bcacc0fe7d17265A89ce9AbB9D30947EC09e,7750.342238317977087531,0,7750.342238317977087531,32,96,0,0,1711456655,8,False
0xa4186193281f7727C070766ba60B63Df74eA4Da1,48271.576936942439774769,1099.249589020674206915,47172.327347921765567854,256,768,0,0,1643543030,94,True
0xa53A8Ae837b7502Aa96693007a2aDcA38678fd8A,0,0,0,8,56,8,56,1737942815,0,False
0xa574F98F1F813D115BA0430dB38A0f6671Ad5A8b,1193.182132165128607102,0,1193.182132165128607102,56,168,0,0,1688316623,14,True
0xa5765a698879e3C11cF0c0e8C399e0C40bE7aD94,619.47048816823965319,32.603470671076850872,586.867017497162802318,16,48,0,0,1663626443,4,True
0xa5C142E01153b28f5DA63Cd8C118F59765175Bd8,9696.457446807157808283,0,9696.457446807157808283,416,1248,0,0,1668794435,104,True
0xa60a806db027a4CaF93d1cD55d19bA774FD309A7,0,0,0,64,448,64,448,1771615511,0,False
0xa633814DA3bdcf64f7e8a2D0a2bC6678dC3dC538,5409.861514063248246479,41.236181644936465224,5368.625332418311781255,36,124,4,28,1649906149,7,True
0xa63C70D288501aB89312b0b9D5AE4B9D5355539d,1144.608724270587665501,51.150768342034411897,1093.457955928553253604,16,16,0,0,1672250243,4,True
0xa69be69A020E4D696cA6e7a874539EE10B738691,141.521284430413409477,0,141.521284430413409477,16,16,0,0,1669392803,4,False
0xa6FfD218288946194fdDED322ffd265B4C0E4dC0,152.9226354727795018,0,152.9226354727795018,16,16,0,0,1669500875,4,True
0xa6a36AC638F361e14f4252233e497a964463C2da,296.163067644591387041,0,296.163067644591387041,16,48,0,0,1684626407,4,True
0xa836db959b98fb4De30c2FC9fc270de191744022,395.716863393418207713,0,395.716863393418207713,16,16,0,0,1682403923,4,True
0xa843a8938c116d79967601C11a623A1c94E5482D,436.341479736402646354,0,436.341479736402646354,8,24,0,0,1665626039,2,True
0xa94e23D635B9DDA3fD8FB30CAfA5b90658A89e1f,1633.172201456516737115,97.330471292821238652,1535.841730163695498463,24,72,0,0,1672669883,6,True
0xa9AF89Cb6cb8f665793800D4782E61dCc01F2fEa,250.965085148258733356,0,250.965085148258733356,16,16,0,0,1666742639,4,True
0xa9CcbaEEBe837De5D3692Dc8Bdb963CAf1F32C6E,871.822845070497200501,0,871.822845070497200501,32,96,0,0,1681602635,8,True
0xa9D322fda59b8A7171FB25fE91CD74cbF72deEe8,869.547485381650888103,0,869.547485381650888103,32,96,0,0,1702106579,8,True
0xaB29E6092434b1ce35a1a2f63c8a7ec9a44eAB0D,2485.743106376649779693,0,2485.743106376649779693,40,120,0,0,1686690587,10,False
0xaB54f484Ae5CB91Ac97861496DCcAD667955a8F6,1171.685440534135462608,0,1171.685440534135462608,24,72,0,0,1670381099,6,True
0xaC1d385bEf4bA42d7cDB33378EE87c7D006f21a7,668.680764866311218867,0,668.680764866311218867,16,48,0,0,1670905319,4,True
0xaC61ab429163d52dB306A07e63165fC19Fa41d7B,0,0,0,128,832,112,784,1729912931,0,True
0xaC9DA19b26a63f7F34033688C99e1997CdF09aa3,650.628504411101686861,60.827072284395970549,589.801432126705716312,12,52,4,28,1729771823,1,True
0xaCfAd9f0D80F74aD7E280A55eA025f4f09844B0F,63871.316480347470022032,4458.414199027139799365,59412.902281320330222667,572,1732,4,28,1680378287,142,True
0xaD3431003DbBA42D562B54A8eEB818e6Caff22F5,336.404373867659118219,0,336.404373867659118219,16,16,0,0,1641735486,4,False
0xaD77664a70FEf2C76543fEA091dD7450BCEc0787,181.2522173,0,181.2522173,8,24,0,0,1685006183,2,True
0xaD958f95397eB2205806828cc166Cd172935f566,575.593792405298880834,0,575.593792405298880834,16,48,0,0,1685992031,4,True
0xaDe6f3F62DDF5a6F8b17559FAcDa10779D8BFa38,0,0,0,0,0,0,0,1769600327,0,True
0xaE53e2E822D8Aa0C0a5ab163C5d26484ccE6a2a8,672.101354257843214856,0,672.101354257843214856,32,96,0,0,1682072843,8,False
0xaE6085F13A114689e92A4b220025ff2cc9EbBf6D,8999.999999717133341649,0,8999.999999717133341649,208,624,0,0,1644662719,92,True
0xaEfb7da80eC25f4e7871A4bDC9Bd8e9Dba94d643,79066.148534521598325446,79066.148534521598325446,0,256,1792,256,1792,1692288563,0,True
0xaFE132f2C7A36712EAcB969258b808999a684BcA,219.217162822456856235,23.276422014687309466,195.940740807769546769,8,24,0,0,1682926643,2,True
0xaa664f418d3b4a7B49A1b2C91E940773b8656A9f,4021.749212199863261842,255.97472500320770084,3765.774487196655561002,136,408,0,0,1683144023,34,True
0xab331A3cCfA7C5d3b42eDb522FC6878b9D3D9c1d,0,0,0,1204,3692,20,140,1733615447,291,False
0xab58779cec2B82A75Ffd103fDc88D7e3aDb13468,815.591746054300972184,0,815.591746054300972184,8,24,0,0,1636534504,2,True
0xab91149EB7fa809D655652D134A4DFA08D67FdBf,469.033523072703593551,0,469.033523072703593551,16,16,0,0,1675598087,4,True
0xacB5e9f26106DF7eaC14931AeE05755c942D0880,2984.66983595588253312,0,2984.66983595588253312,40,56,0,0,1638826700,10,True
0xacB7CFB56D6835d9E2Fa3E3F273A0450468082D9,325000.000000000000000001,0,325000.000000000000000001,4800,12800,0,0,1664462459,1200,False
0xadd966C729Bc62aB4d4816149548B7537B9b9e8b,230.985069960163071702,0,230.985069960163071702,24,72,0,0,1699811699,6,True
0xaf03De35944FbEA9fFBCE686a35E2CD9967Ec507,0,0,0,4,28,4,28,1783821683,0,False
0xafed95dA6383B63c5972fF048494f258C9bb252D,0,0,0,8,24,0,0,1757100887,2,True
0xb06d5B188500D83671C8544c6fA269E0Fd6d9065,743.179371232062845848,0,743.179371232062845848,32,32,0,0,1673125307,8,True
0xb0A32187cBCdCAE927557A054C6895861B6e92fd,2722.957750085553416828,0,2722.957750085553416828,32,96,0,0,1665126971,8,True
0xb0cdF9157117F1f262b3969756C83A90c78683ac,1520.48314819691334468,0,1520.48314819691334468,40,120,0,0,1677955055,10,True
0xb0ed2945CF1FFDf5c2eC0CA152aF8AD1b1243D00,0,0,0,24,72,0,0,1748875151,6,True
0xb126dD7E1B0c8afc726A5D07A4C7AC67c662f938,153.632240187820173425,0,153.632240187820173425,16,16,0,0,1668468263,4,True
0xb15874BDCBa04d873cBf79bD8F12606e9A5Ca079,10979.563965585426897209,0,10979.563965585426897209,408,1256,8,56,1637403836,98,True
0xb1855d6eB0Af9d5CF3cfEE55DfFE594CdDc37072,359.061130383625216805,0,359.061130383625216805,32,64,0,0,1653855068,8,True
0xb1D3003e8Ef4Cd5abb98CbE7162eB42C7C36cdf4,212.255441764446050431,0,212.255441764446050431,16,16,0,0,1665230531,4,True
0xb25C94C550DB35BDc04604408D3eB9620Cf3C816,539.995435392169226099,0,539.995435392169226099,16,16,0,0,1640980453,4,True
0xb29115C8b1C3E6947C1Ad26f1933A91e59D878A3,170,0,170,16,16,0,0,1647893864,4,False
0xb31b500e922C5f2C4D8203F17AB3f843a0BF8De4,253.394196619544639417,0,253.394196619544639417,32,32,0,0,1684786643,8,False
0xb3226797Af99ea83d15f12f9dFF1Cc0Be056fA0c,33965.099255371270112198,33965.099255371270112198,0,188,1316,188,1316,1679168447,0,True
0xb3d189f20d75b7362929f2D80D9933c3a9a4eb0a,5157.71218338172146708,0,5157.71218338172146708,72,216,0,0,1694727131,18,True
0xb4325125089D7217521a803af896d0d8563DF545,1700,1700,0,4,28,4,28,1780724435,0,False
0xb443780F8824B82D005C3264462566062F435254,6120.300704666048718957,0,6120.300704666048718957,216,648,0,0,1677013619,54,False
0xb44B75aF25222b646cec8C8E14f6F5d2682AF6e9,12296.977044223049988504,368.717974041384413155,11928.259070181665575349,168,504,0,0,1684099547,42,True
0xb50aa6e2Dba66BCfAC4699C9D4C6Eb2Bc099FD89,1856.548655487825709975,0,1856.548655487825709975,48,144,0,0,1676824799,12,True
0xb5D695193FC25e9b2E3588F9A45C77aE09D88DEF,675.873708255403797129,0,675.873708255403797129,48,48,0,0,1657057535,12,False
0xb5DEe38024fd830858230c04Ba4264aa2c8aeE39,325.825741755924957996,14.329451755924957996,311.49629,24,72,0,0,1682829059,6,True
0xb5ac9780D7d8e60E9B851DD2516631BCBD54ea24,365.318581253599154487,0,365.318581253599154487,16,16,0,0,1642336876,4,True
0xb60Dd5f030B68beb38FEA0c414771ACDA899FCAf,260.921073046250633308,0,260.921073046250633308,8,24,0,0,1754022359,2,True
0xb6E4037B32c7840441E2b43ce014d4cE78c0C11b,442.936837194623563564,0,442.936837194623563564,16,48,0,0,1691356439,4,False
0xb6EFdff4A68328b7191aC9A6f0Eb221b14dBB67c,94.7118035,0,94.7118035,16,16,0,0,1678657307,4,True
0xb73589DB28DD69F18491399C859109d87bFC2691,1849.63775315711356213,0,1849.63775315711356213,28,100,4,28,1637892067,5,True
0xb736148E99B1b0bf7e8Be4dCD33466b855DB44Fd,1566.461433871307293959,0,1566.461433871307293959,32,96,0,0,1640679488,8,True
0xb73836e4B4d02cD3622BfA9E00c131D412942743,10245.440140086669405576,531.186767177474148689,9714.253372909195256887,136,568,40,280,1636444456,20,True
0xb738Dd20C36f065CcCD0a7142f266c88388665fc,5838.693190237832854006,0,5838.693190237832854006,16,48,0,0,1644139309,4,True
0xb745EeDa2dB353a3E649A3774Fa759533CAf49F8,898.802340162435708285,0,898.802340162435708285,32,96,0,0,1654217364,8,True
0xb76Af3b2D258c35CcBC2384f26259618B5a4eB73,459.215886550068858155,0,459.215886550068858155,8,24,0,0,1734922631,2,False
0xb76b96bC2C107422621b93905f1e00CC3eC209C9,761.897924702914461301,0,761.897924702914461301,16,48,0,0,1690457243,4,True
0xb78f04c18D2bc17BdaF80Fb9ced3Ec2449D49243,1490.480361487444398889,0,1490.480361487444398889,8,24,0,0,1636418984,2,True
0xb7E48840fe7318c775677d721310f3669B44B10f,137.189925044921999712,0,137.189925044921999712,8,24,0,0,1736011391,2,True
0xb7b7c64F50196FCD991ef1d1936b41029EDD5C8E,317.669728832937025162,0,317.669728832937025162,8,24,0,0,1742685299,2,True
0xb8087215327fc4B169FeADB1f673980f4A4e8f59,447.897309503929855971,0,447.897309503929855971,16,48,0,0,1683957863,4,True
0xb81872c09507c73966F2f58330035b62eD363FeE,155.003971564974402409,0,155.003971564974402409,16,16,0,0,1669499639,4,True
0xb8469c5C5d0f703Ba549Fa588ddaEF0C1A89803D,1416.265002010199462212,0,1416.265002010199462212,8,24,0,0,1723609931,2,True
0xb8a0C878bCD6064fD3D018a2eFCdE86AFe449A32,1059.879265852518527588,89.617135922227820621,970.262129930290706967,176,528,0,0,1672703423,44,True
0xb8d3ca6ab51f106690c7Db06d3382bbBBda4AA42,394.174374805227234211,18.707891147853000114,375.466483657374234097,16,48,0,0,1682797211,4,False
0xb8e0269282971F90DdF7B6a78Ba6bAe627b15841,635.761269585608521946,635.761269585608521946,0,12,84,12,84,1749665279,0,True
0xb8ed9ea221bf33d37360A76DDD52bA7b1E66AA5C,278324.000000000000000001,0,278324.000000000000000001,4800,6048,0,0,1636420003,1200,False
0xb9378C998c46cb50444B004F022CBf92fBcd38EB,2207.760228022022174876,0,2207.760228022022174876,176,528,0,0,1681855595,44,False
0xb9508453017e8B1b734721be65D4DdBcc3D06019,633.5431088,0,633.5431088,24,72,0,0,1693114247,6,True
0xb9B443f464404Bd0C4224fffA5Dc2580798ED154,138.046865877614524977,0,138.046865877614524977,8,24,0,0,1684159223,2,False
0xb9B83104BECa10b14e109A2Ac49d0F9a481FE8e3,0,0,0,4,28,4,28,1775541191,0,False
0xb9d6C0eff8b5Ab3AA834461bd67BFe8FC7fd748a,269.859935419356354956,0,269.859935419356354956,8,24,0,0,1704707039,2,True
0xbCD593d534082b924a746D3264dABE4cA8219401,4497.30537902116647264,4497.30537902116647264,0,40,280,40,280,1663658867,0,True
0xbDc97aaBeA1c9d0A4e47015a10f0bd7915f320ed,194.031570542091110421,0,194.031570542091110421,8,24,0,0,1687972763,2,True
0xbE016160562388d912B7Fb98AED5a4dF61d75Df8,865.5943903573356046,0,865.5943903573356046,100,220,4,28,1675007471,23,True
0xbE4415073b706Fe203899250C478a11D7314cD95,115.909460267119323137,0,115.909460267119323137,16,16,0,0,1676358539,4,True
0xbE634c5E37aa388F940d257333Bf4E9F9864B831,694.000000549050639455,0,694.000000549050639455,16,48,0,0,1642568553,4,True
0xbE89A762d59553b9D54e03e7251c49150a5360d9,0,0,0,8,24,0,0,1740872255,2,False
0xbF15787f77029C3a8388e5b6302dBB0950E29EBd,1210.260336,0,1210.260336,24,72,0,0,1636430934,6,False
0xbF6A30cb152977A18ADbD9b8387A16f4114043b3,0,0,0,8,56,8,56,1681818839,0,True
0xbFaBB45cf695442D7389C0abe1648149B978a57c,2977.728632397104672753,0,2977.728632397104672753,16,48,0,0,1636416562,4,True
0xba2510034fbEEdb19f9c3fef58d96e7e9b4d92d3,0,0,0,2880,8640,0,0,1734032291,720,True
0xba8C36c0E202F7a9EA0189C3899C8D18123562eB,719.50708608363787701,0,719.50708608363787701,16,48,0,0,1636418936,4,True
0xbaE1724cE707A1094116d4aBeb8a4CC931b981E2,114.007728223435827241,0,114.007728223435827241,16,16,0,0,1673545571,4,True
0xbb2870C4C46584e9c41F96AaEA1fbb89F9cE782A,260.194608536358187416,0,260.194608536358187416,16,48,0,0,1673018603,4,True
0xbbF5bDCf55494faeDF7d474bc50B2781a1A54452,0,0,0,64,192,0,0,1751515487,16,True
0xbdf0ff1E1D42526361ffc2348Ee71c5Ca69BaeA9,727.409731854459274957,0,727.409731854459274957,16,16,0,0,1655149182,4,False
0xbefcF37A1a9658eAE00806Da72a85E971fc8f454,422.645123046863233013,24.444156913235687582,398.200966133627545431,16,48,0,0,1673051099,4,True
0xc09E7Dd73Bc821581B1159f2b0C1e3Ce42aA267c,0,0,0,0,0,0,0,1775230967,0,False
0xc0E7C12756954454937943316B2Ad99e4eBE11aC,425084.704718563337577972,416141.718826816923224414,8942.985891746414353558,632,4360,616,4312,1636424451,3,True
0xc1A95D5F674F809b80D768c12cAd12fbEB5c370c,25515.717256512210251545,0,25515.717256512210251545,2776,3272,0,0,1639834960,694,True
0xc23B28337896AB92d7e8Ed0303cec0609A58143B,21323.665812450849383096,713.586675280997264326,20610.07913716985211877,856,2568,0,0,1675464443,214,False
0xc287A67A5b33a00142F457aBB363c500ea2Aa901,338.273469736301181295,0,338.273469736301181295,8,24,0,0,1684389023,2,True
0xc28954795492b466E23a7f111207CE4A7824978b,973.057138248735866241,0,973.057138248735866241,16,48,0,0,1652606615,4,True
0xc3105F88C6C1aC83b48200A89a4D99a681e165C8,2182.817972983873900519,0,2182.817972983873900519,16,48,0,0,1651186722,4,True
0xc3D56f8d7f0e7c7d5b0dc7b47EA531F2EEDE9C23,357.636310745137317458,0,357.636310745137317458,24,40,0,0,1680048743,6,True
0xc3FE090b39fa83B97e42e60c6d467F4616ca49a8,0,0,0,8,24,0,0,1734583775,2,True
0xc51f65608D7006146961d4578aF04e402509C0fD,1776.904010200911587641,113.497411810911587641,1663.40659839,8,24,0,0,1757767571,2,True
0xc562C0a073EFE881EF3bC086EEc8Fd2855BFE642,0,0,0,8,24,0,0,1731258071,2,True
0xc5a405AB7B0ee180Cab38cD73abaebf20894E111,7130.769129940060416973,350.90622709751990601,6779.862902842540510963,328,1016,8,56,1642212565,78,True
0xc5aB2D628f8013F110920A27dF0495A59b7Aa686,428.159303569194669861,0,428.159303569194669861,8,24,0,0,1683610175,2,True
0xc5aB321fBB62A6Ff9207931F1384ADeB101998B1,273.828160774967264387,0,273.828160774967264387,8,24,0,0,1704216563,2,True
0xc6D36074d4401D25FC0fDC6e5060413F1F283B52,0,0,0,0,0,0,0,1772616227,0,True
0xc6E70913bE9CDaa9Ea31617A21eD31adb294bE6B,2646.979872120433486254,0,2646.979872120433486254,64,192,0,0,1657743071,16,False
0xc6EA2dfa18e9D6206a9EB4Df3c604511f0cbF687,4159.924127028882381537,200.775167055589715288,3959.148959973292666249,112,336,0,0,1676001011,28,True
0xc72963c940aaf4637C7b6bCe2dA8B03da49F2611,0,0,0,0,0,0,0,1778260283,0,False
0xc76Cb60A0b18D1f499eBd718e179Da906f89003B,1781.297445232308233799,102.813154304864078805,1678.484290927444154994,104,312,0,0,1683933359,26,True
0xc8427aE9F42207C37fFfB8fe7A5855D9505f4bc6,2191.650024638037768026,0,2191.650024638037768026,96,288,0,0,1646909320,24,True
0xc8F41B4D42Ee959563F108310B9Fb7B8CfD06b97,0,0,0,24,72,0,0,1734527579,6,True
0xc9da14cA54eFecd4BD3cc507a3C3f944e5fEE9ec,209.695803135638139605,0,209.695803135638139605,8,24,0,0,1693183811,2,True
0xcB79f33fB8eabC6F55254AFb1878039a99E21FA3,634.289207379194917297,0,634.289207379194917297,8,24,0,0,1652138631,2,True
0xcDE3fd258e4EEE88fa64c854fcAe6BaB66960A78,1847.56880081006252715,135.705071862074940011,1711.863728947987587139,32,64,0,0,1636416562,8,True
0xcE9b5D0692358484616B1e3A916a8F7903C7728b,1816.95955779504604874,0,1816.95955779504604874,48,48,0,0,1645860770,12,True
0xcF082b0967cd526667973da4a1FbCeC29FA1c090,2065.889794567782176702,132.436622233905515904,1933.453172333876660798,24,72,0,0,1683235079,6,True
0xcF425349740B7fa746f6568D1A2c3e32858E09FB,330.38424888677019821,0,330.38424888677019821,8,24,0,0,1688857919,2,True
0xcF7435762cdB61f00B512e36e25F467FD615A9aE,419.526362739138122777,0,419.526362739138122777,32,64,0,0,1721472467,8,False
0xca317A4ecCbe0Dd5832dE2A7407e3c03F88b2CdD,385000.755159021561975232,0,385000.755159021561975232,4880,6512,0,0,1642947956,1220,False
0xcbA537Db4903657a18092D7F58fe4D0f45cA2cC5,2885,2885,0,12,84,12,84,1690033163,29,True
0xccd8E73E8EDe2983C2B3a6806ADF0Eef58Aa3A06,1328.86530895649174806,0,1328.86530895649174806,24,72,0,0,1636416678,6,True
0xccdD8705e059D09F114714639b263aBBF75fd6Bb,987.050809866833915295,68.63407088449033166,918.416738982343583635,16,48,0,0,1666335395,4,True
0xcd657d8F2E5ab70372e2700bbd6474413fb63871,0,0,0,196,924,84,588,1686005483,27,True
0xce0ed2D1F5F9a3a9565FF74dA87d7098D99c162f,2040.133861032909719666,385.294595917477802499,1654.839265115431917167,112,432,24,168,1636478534,16,True
0xd0357d61Fb27e21590d9E6aa50e39A6397Bcc806,454.209952374706500121,0,454.209952374706500121,16,48,0,0,1637490511,4,True
0xd06735d18e0096B6416DFe32dCc3181be84d6900,295.153631980506993583,0,295.153631980506993583,32,32,0,0,1684771115,8,False
0xd06d2bB99830C24122f2551f28E534688A05c931,0,0,0,0,0,0,0,1684495859,16,True
0xd09Cdcb8c0252c39ee269044c69279de5B37386a,8314.002288450881358631,0,8314.002288450881358631,288,288,0,0,1636458881,72,True
0xd1892d3B28BB175eA4BCeCc85a1Aa364cE57E1CA,1570.789843759898788019,0,1570.789843759898788019,216,680,8,56,1652710683,50,True
0xd1fEa789f1F0485a06ea355479279F3f2f4f97a3,0,0,0,8,24,0,0,1730150231,2,True
0xd20e9C66264Ae040e89C90af0C74bED97fD0BC65,1061.391290265865477131,0,1061.391290265865477131,16,16,0,0,1647295125,4,False
0xd24142104f2A10A5c5eCB5b2f60A0441D6195677,0,0,0,0,0,0,0,1771148207,0,True
0xd34261b45d4544ab7414e7Ac4d0293F11fBBB02D,859.88627816723931275,0,859.88627816723931275,32,32,0,0,1636961034,8,True
0xd38FD93816eAc4312bf088aDAF5D3dFD933BC6bA,9486.078523025144595205,389.826092064660074675,9096.25243096048452053,32,96,0,0,1707974831,14,True
0xd3A2FeCb575EEAb8fb48E22374bF59b66a09FaB1,7419.648098223489413612,365.114371092483145454,7054.533727131006268158,56,200,8,56,1664509451,10,False
0xd3C7c34E80bee3977B0b60c835a29e0DC14F4b7d,4199.876832769823229587,0,4199.876832769823229587,96,288,0,0,1663290203,24,True
0xd4D113D5Ed4CA50528605B7f000C25f1F9e5F8ef,195.974810313237889589,0,195.974810313237889589,8,24,0,0,1692254255,2,False
0xd507E620d34F489bA5fAE6273E41BDDf8A26A2Af,491.049543885747134475,21.403411603398454386,469.646132282348680089,16,16,0,0,1677969671,4,True
0xd5876324cb1D9DC11b7811557C545018465E78aD,256.120466100936145033,0,256.120466100936145033,16,48,0,0,1646149221,4,True
0xd5c9e0646D418aFD292D834e415ea499f4fEA3C2,10696.020773814397932623,10696.020773814397932623,0,240,1680,240,1680,1659158138,79,False
0xd693843d937F7CFd7c091c873036353369Df2115,1542.509737187096390513,664.456552281994108507,878.053184905102282006,16,48,0,0,1668306311,8,True
0xd84f13bB7C5Ab4a68d62D275596Be6b4FC56ED72,454.150252972019351177,0,454.150252972019351177,24,72,0,0,1667959499,6,True
0xd8e89e5e767C0F789ff76f5c64Dd472e1a04FBa9,190.943161994078232863,0,190.943161994078232863,16,16,0,0,1646209288,4,False
0xd935E356ff5C69366975eC8a511E645ACE383De1,713.358123955909601992,0,713.358123955909601992,16,16,0,0,1648865384,4,True
0xd99Db7DE1563A3060EeD7b7a62b252784beC0bD6,524.867986429563464653,0,524.867986429563464653,8,24,0,0,1692655799,2,True
0xd9AA80433dD0337C5eb471aA3808Bed584D07B4B,0,0,0,0,0,0,0,1779552203,0,True
0xd9D3106bfa3f242BbCa1416D1Ccd95fE109c3CF8,307.249272189961475511,0,307.249272189961475511,16,48,0,0,1669244951,4,True
0xd9bdADA719474aDC762deb02d615b9a25A6b5353,347.66688600230738932,45.133402287191055688,302.533483715116333632,32,96,0,0,1662432292,8,True
0xdAFB347aabFF961e8EC07eBE05B31E225848ADbe,22358.907065120769285035,22358.907065120769285035,0,36,252,36,252,1636416562,0,True
0xdBaD8f3bbEC872C0a293302e2Cc02E1dA34f6243,85.368097163147235421,0,85.368097163147235421,16,16,0,0,1684834895,4,True
0xdCa75a8c1cdd0072FBe6b85a797cb34b7Ed8bc21,0,0,0,16,112,16,112,1694895371,0,True
0xdCaF6D58A9cA40502FF2bd62c8277c7f465Ba3Ec,981.774874226036036986,0,981.774874226036036986,16,48,0,0,1644450652,4,True
0xdD66579d1af913A385c26bc21C1cc03afbc8C3fa,417.574769403855029208,23.619658625515040172,393.955110778339989036,32,96,0,0,1663566119,8,False
0xdE404fa410737650B69Dff08Ff3300Bc1eE9136E,736.906033606011977196,0,736.906033606011977196,16,16,0,0,1647123744,4,True
0xdE7bA8E60Bf33219fb578922edc44Bb468389Bd5,1170.023497796378803658,0,1170.023497796378803658,16,48,0,0,1712315723,4,True
0xdF0CA2607b359DB3c51dBC5Db75a65Af9AFdEA14,0,0,0,64,192,0,0,1652207386,18,False
0xda9CF32E808BA637B05Cbe49FE3b1c6524317d34,162.053655730654875114,0,162.053655730654875114,16,16,0,0,1659114846,4,True
0xdb057BD5018CC5896FA635c065E324dFee410340,1200.005315455753352847,0,1200.005315455753352847,8,24,0,0,1636416678,2,True
0xdb18011d572e7d45f563FB607756702Fbd5E3020,2320.776660079734929984,0,2320.776660079734929984,68,92,4,28,1636416526,16,False
0xdb883339A61B7Ac39712418CF76b6a1B44E596bf,0,0,0,64,448,64,448,1665827423,0,True
0xdc22Bb64132fB03467910fc49595F08fCf5C241b,1249.15328820665434169,0,1249.15328820665434169,32,96,0,0,1642083002,8,True
0xdc603B57548752de4BF7E4a673dbCb0005B9fcEC,2009.170854918433894951,104.532126786481865392,1904.638728131952029559,72,216,0,0,1736276111,18,True
0xdd2F0d4028d0b03230E842C7896B27303CA6d37c,1654.271910813815926318,66.231255137238663059,1588.040655676577263259,40,120,0,0,1666554671,10,True
0xdd6775682a8177F1ff6F4E347419d4DE3E126f4C,292.58629302659418909,0,292.58629302659418909,32,32,0,0,1683868043,8,True
0xdd9640425412aF7684bbB295031c8acf4031091d,61.89084795,0,61.89084795,16,16,0,0,1685466167,4,True
0xddFacEE32d8FBdd5531d1A52B52A8CEA5BE30130,0,0,0,16,48,0,0,1683631007,4,False
0xdf0Cb16090C0406748dC1E88F04441DE0b1c8060,571.07650622806029142,0,571.07650622806029142,16,16,0,0,1658933753,4,True
0xe044ca779f8BBD780fbFd7633a93fd6C331fE647,71.184507590569586314,4.229930292729358864,66.95457729784022745,24,72,0,0,1684757135,6,True
0xe0AE2961296851bF3eEAe5DDc81bF4Cc8634dceC,0,0,0,8,24,0,0,1665173903,2,False
0xe0a7373C41395c71345C48aBaC64e71A3a0C38E6,0,0,0,0,0,0,0,1750136483,2,True
0xe0eCaFa01f3926bD3d2ed9EA5b111ca6D7061aB9,5736.906672427262556968,0,5736.906672427262556968,224,672,0,0,1687451615,56,True
0xe0eCe6cd46cb93E138E4ee5345a719be8dc0E557,0,0,0,8,24,0,0,1755786095,2,True
0xe1002FAE052e9f08447F02428721f880434f2AF5,0,0,0,8,24,0,0,1719758171,2,True
0xe1057cC6dc682D4EF1a468a7cF9d05b5269ED16c,965.245882999466008418,0,965.245882999466008418,16,48,0,0,1699482527,4,True
0xe11daa3361887A93bf59D672Ccd8fD743008dD80,0,0,0,16,48,0,0,1722387563,4,True
0xe11f01fF4C05861ef333B8199E801D7996a84A2a,3313.162226018761082769,0,3313.162226018761082769,216,648,0,0,1640165485,54,True
0xe22e0f80992bf916387f6c65b07C1e006bCeE14f,747.780423077031120573,0,747.780423077031120573,16,48,0,0,1674993683,4,False
0xe24e5838BBcc39C88e6baAa14ea618aD4F475609,1891.540629181635239928,0,1891.540629181635239928,40,120,0,0,1689483107,10,False
0xe26619289d76d5fC9cB254f87d23F98C10Cd8A08,0,0,0,0,0,0,0,1772294171,0,False
0xe2D6B72EfdD468395062de0E96725a9fB805947b,116.832924036489193238,0,116.832924036489193238,16,48,0,0,1659389476,4,True
0xe2aE058aB9F9Eae950566520c271650D2F5891F3,1621.52,0,1621.52,24,136,16,112,1756326911,0,True
0xe34c348335Cc18835DE65585929c4Cbe7dFf050e,158.520381281010957168,0,158.520381281010957168,8,24,0,0,1682615255,2,False
0xe38C2bDeF33f9E0839da75d361aba8F9B43827b6,0,0,0,0,0,0,0,1771694687,0,True
0xe3A7eBDbC8201a151A409595093ad06B760FF173,0,0,0,16,48,0,0,1636789456,4,False
0xe3a7d69f3d26Eda204b29C01A6847de786B29693,0,0,0,0,0,0,0,1674206903,4,True
0xe3e19df96aAd58a0bCF6ae7af0253204C3eDdd68,0,0,0,108,756,108,756,1770445367,0,True
0xe3f400ae7AF807CEe6DF3e3299C74CBCf7322910,2500.000000050700150996,0,2500.000000050700150996,48,144,0,0,1636870243,12,True
0xe4283e107fB8E96F3175955EC7269afb51ECa6ea,8021.557589566671509531,0,8021.557589566671509531,56,168,0,0,1736567915,14,True
0xe43e5199Ca01Cd653d31d086156290AB1c537D68,1000.199340244062136844,0,1000.199340244062136844,16,16,0,0,1640990343,4,False
0xe44bB9b849D3b7B5fE638D3B895cD9b9fF8fF32a,0,0,0,8,56,8,56,1637197783,0,True
0xe46fc62bAD8bb5Cb1922F91f71d5973356250Ff7,0,0,0,96,288,0,0,1737410387,24,False
0xe56d89Aebcf46176C3182549bB43b0Ab537139bb,0,0,0,8,56,8,56,1790532863,0,False
0xe5F5aA513C60F69b8638D537D79183ba9298137E,618.78924946070303,0,618.78924946070303,16,48,0,0,1653299377,4,True
0xe5F8aaec2cbc7A9490FD479e74A83468a218FE13,315.858734146349761549,0,315.858734146349761549,80,144,0,0,1676002187,20,True
0xe5d9F27C439206975fad0e37bd45F38219FAc502,108.419469570459765253,10.549469570459765253,97.87,8,24,0,0,1684901447,2,True
0xe5dcC6913Df19EEC25A7aca76476890d65eFC728,2400.000000000000000001,0,2400.000000000000000001,8,24,0,0,1636416531,2,True
0xe5ebbf30fe9Ed5c3263684Ca87D6EaeB37DEe989,0,0,0,8,24,0,0,1755444707,2,True
0xe60F824760417e46E707ff61c5DFdc4AbE66f648,0,0,0,0,0,0,0,1775643275,0,False
0xe630eaDB7430E1741AE952882Eb9830240Bf6E5f,0,0,0,8,24,0,0,1755783695,2,True
0xe7BE4906f631d4f8C0b7AF22912A36Eee7475A1E,311.395016587236939038,0,311.395016587236939038,16,16,0,0,1638285398,4,False
0xe7d3e17f91362AB450DbddEDC347f595dFff89e3,0,0,0,32,32,0,0,1734599579,8,True
0xe81FcfEcc8fC2048D31578D6c2E54DADC60c33A6,963.568149534221179378,0,963.568149534221179378,32,96,0,0,1640796684,8,True
0xe87b0A40CB910ecD97a74991aE8a08350dB79bE4,634.670301580510767914,0,634.670301580510767914,8,24,0,0,1734888875,2,False
0xe89f5558c2fA56fA4d87305Bc7E401AF281a9024,388.854032037980504485,0,388.854032037980504485,16,48,0,0,1636426135,4,True
0xe8efB99D5BfcdAc119f4868BEF9484f43A05B2A8,957.686942223482891601,0,957.686942223482891601,16,16,0,0,1658671063,4,True
0xe94CF0dc1B935967144848d3352502F810dF7ac3,9791.759865306395060153,0,9791.759865306395060153,72,216,0,0,1643570842,18,True
0xe9915f0be04f0bEc270C254951ca77df913fd6fb,219.606632579757373027,0,219.606632579757373027,16,16,0,0,1666938059,4,True
0xe99495ea2Fba7a160e10417FD19Cb7cC7c025143,4066.033514926278285472,0,4066.033514926278285472,112,336,0,0,1637270937,28,True
0xeA981f1F3b4725FB3dccC5D6e7d6C6EE730A1aBd,897.523670463588154381,0,897.523670463588154381,16,48,0,0,1648906792,4,True
0xeB8dBF1f9C2629729c53938db085A313Ed2efFAd,373.47754579717298669,0,373.47754579717298669,16,48,0,0,1668217403,4,True
0xeDDE682885b852c53a6c53209d3F27EeA76F5aD9,340.842337730513682514,0,340.842337730513682514,16,48,0,0,1692353279,4,True
0xeE2283CD0c239f67997d7a9768d5649a9131C270,5292.461982255095873989,0,5292.461982255095873989,80,336,24,168,1677891803,14,True
0xeE4285DE90A508751a98724003dB2Ca436157E94,2831.434056722908356416,165.427179062741024946,2666.00687766016733147,48,144,0,0,1761752615,12,True
0xeE49BD18f9039Ad91e1Dc1A87b2532339BEb6d38,259.252119094783877305,0,259.252119094783877305,32,32,0,0,1684273727,8,True
0xeF868831EDE893e08EF48768500386f1DfE94a25,0,0,0,0,0,0,0,1766714051,0,True
0xeFD2Cc79FC8A86b4dA4Ca7E9F7d8cA1145af3074,234.847716573581880448,0,234.847716573581880448,16,16,0,0,1662226087,4,True
0xea0b6Ee3b9CC29BC3b5d77a4E352b9a23ba7FdcA,399.82,0,399.82,16,48,0,0,1696847975,4,True
0xea2feBE6f84532a7962c0E91fa029716B841373B,346.599775699083840637,0,346.599775699083840637,8,24,0,0,1710502919,2,True
0xea9B72e6C57b0FDfdCEF954eb00899D73857d9ca,487.233878995730030978,25.643700203968399719,461.590178791761631259,16,48,0,0,1703795675,4,True
0xeb6182E1a5BB22697385E569001F117cE8b574bE,211.9423437273779892,0,211.9423437273779892,8,24,0,0,1705497875,2,False
0xeb9310b185455F863F526Dab3d245809f6854B4d,324.771096951625558962,0,324.771096951625558962,16,16,0,0,1692192227,4,False
0xec0C30500b5f406dCb02120078391F7003b159A6,0,0,0,20,140,20,140,1664225387,0,True
0xec5BC2194B15305702340f9BDFd1F2e0d7Fb8329,0,0,0,8,24,0,0,1738804619,2,True
0xedB81017D2001f01a80B66a4AB6FCF529898170E,224.902657149949537184,0,224.902657149949537184,8,24,0,0,1702157687,2,True
0xee9dA0f2285c16740f504EFfA1B23ae7C25f76d9,613.490956236728610284,0,613.490956236728610284,8,24,0,0,1715527883,2,True
0xef22508c71a620f7aF8389638B3CcDbD7d74A19F,1077.63769,0,1077.63769,64,64,0,0,1685144591,16,True
0xef47536D66255B9c05938768d2dae4A69787F6e1,317.40550285362113152,0,317.40550285362113152,40,56,0,0,1675813247,10,True
0xf01694EFb198EC23B6e050A9B0577F69101f098c,48000,48000,0,32,224,32,224,1772080547,0,True
0xf0A93e692cd70C4fbf7614FA4acCEDCcE3E301E2,148.343742884087949272,148.343742884087949272,0,16,112,16,112,1750276535,0,True
0xf0e52218A721bec51cFfC3AFC8E3bBb9EfBC8293,195750.000000000000000001,0,195750.000000000000000001,1064,3192,0,0,1636931979,266,True
0xf11313C5f5AC4C6ba51a33Ca511c43E445CDdb3C,239.222547721581727218,0,239.222547721581727218,8,24,0,0,1687112771,2,True
0xf12ba80aAa4C0ffB47DeCCD796072FCAb4193427,48000,48000,0,32,224,32,224,1773099755,0,True
0xf17E433c906e4E0B6F485B2473BaB4935F9cBC3a,7341.458950604937320884,0,7341.458950604937320884,296,888,0,0,1641343677,74,True
0xf1D1283B1a4daFe4F474d8b35dba9e05Abb0e89b,1023.501477641877783791,0,1023.501477641877783791,36,60,4,28,1643499380,7,True
0xf1fa250AFF945932D5333076151DEA18bfd3910a,0,0,0,0,0,0,0,1780721903,0,False
0xf235f5CF79945E599771dc46DC45f5B4A4F256FC,679.797975989242502745,0,679.797975989242502745,32,96,0,0,1667263907,8,True
0xf2655b86f893d166A21a0400D58BC48f8E4Acd62,720.365387530393280597,52.911283541323080859,667.454103989070199738,40,120,0,0,1682073707,10,True
0xf2B7894BD6f6bb85CAB19Be630F2002EB9331D35,214.497646391264796949,0,214.497646391264796949,8,24,0,0,1694891531,2,True
0xf2C102400E1Ce4148b04f021101DEc8F68790442,806.67222907053786955,0,806.67222907053786955,24,72,0,0,1696390367,6,True
0xf2D539745f65dDBD31df23B03df2A17180DCCDd5,535.978383821979900647,0,535.978383821979900647,48,48,0,0,1659354977,12,True
0xf32dBA867F8f74D07D9E508422ae4f29939991a8,1151.11026450238267138,0,1151.11026450238267138,24,40,0,0,1644554847,6,True
0xf3813cD7b630b1488e68bA22a145d8C53ec17CbB,591.517086375304314179,0,591.517086375304314179,8,24,0,0,1664333819,2,True
0xf3A7448D3f73C6Ed2666616b94153DCbc050FA85,1449.894370498759582238,0,1449.894370498759582238,80,240,0,0,1695678407,20,True
0xf3DB7aC07BcCd5EbF20eB67ACedFC673C4A1fb75,151.752959421296063013,0,151.752959421296063013,16,16,0,0,1682475899,4,True
0xf3bA4E7d8569c928c08B2Ff3455CC206d34c7512,0,0,0,8,24,0,0,1761487067,2,False
0xf434181210Aea14b9c1F19B0Bba3B56c2995cdb3,30828.549142525514140728,0,30828.549142525514140728,368,1104,0,0,1713589379,92,True
0xf4987281483bf10278d1e4FA0Ad4470Eea367E72,0,0,0,0,0,0,0,1779018743,0,False
0xf4D71748c4C0c9c095973D1Ec53ed935116460ae,607.568888874590149541,0,607.568888874590149541,24,72,0,0,1670813447,6,True
0xf58a6956d3381863E74E108068dC0a258454ebd1,606.95672309391341481,0,606.95672309391341481,8,24,0,0,1717729427,2,True
0xf5DAa381B5f50286619464D217C301C4B17357B1,1104.300332934324960482,1104.300332934324960482,0,8,56,8,56,1654322868,0,True
0xf623CDa23c4d85881f877FC246c4E2B206A04aFB,1951.20879713128024942,0,1951.20879713128024942,8,24,0,0,1683599519,2,True
0xf654B4717e76147580F8F6dC26983B5A489b907f,0,0,0,0,0,0,0,1772290739,0,True
0xf67eeF409E51d5CE9c0311Ce53a84a8c1ea83877,1256.386643971201452371,0,1256.386643971201452371,48,144,0,0,1690356947,12,True
0xf68535EB651a6527aF9987a0A33F45D3c8a63474,0,0,0,4,28,4,28,1778534507,0,True
0xf6Dd8E9B46d81D8DAd9abe61E0Eb792C548799D5,671.42439192624308661,0,671.42439192624308661,32,32,0,0,1716744131,8,False
0xf72E4aa8E7339fF4505f4d73Db0Dc7d2469Ba711,48000,48000,0,32,224,32,224,1773014735,0,True
0xf778Ed88550da17E0545f0B6fCa74591cB2A81EC,232.794297894850234108,0,232.794297894850234108,16,48,0,0,1684246079,4,True
0xf78EFF6Af85CC3A36F84aC8d2896930ce7858552,666.137285122379134097,0,666.137285122379134097,8,24,0,0,1712245547,2,True
0xf7B549c0a1430596f87d4Df789bc06Ce6bfbC7Ea,1078.251561707203483775,166.91348567071640613,911.338076036487077645,32,32,0,0,1653935263,8,True
0xf810D2D91BAD7D726ed887C3D69C017617EDb6B7,600.000407820429121806,0,600.000407820429121806,16,48,0,0,1637665282,4,True
0xf95c420D3dc0849143E19118D8D418F82045B57d,0,0,0,8,24,0,0,1678928507,2,True
0xf9C477c8F9205516502e896a7F8170b54e73CD81,0,0,0,4,28,4,28,1780804307,0,False
0xfA3a7697fCA4b4E4166B239fcE254BC94D987A3f,948.989004690997306668,0,948.989004690997306668,16,48,0,0,1637789270,4,False
0xfA86220d91948c2E8b9FbaB0Fd553325248fd6Ef,2237.48649165,0,2237.48649165,32,96,0,0,1671383795,8,True
0xfB8190Ff376b0E049A613d1e634069b0d0Ea0EC9,0,0,0,0,0,0,0,1714419551,8,True
0xfB8F29d43eF5dB85a4f80Afc63326fCa4169C7C1,0,0,0,16,112,16,112,1675111631,0,True
0xfBb53FD8A60668C6396cACB1168cDF04998f2992,272.03405317882703076,0,272.03405317882703076,32,32,0,0,1646476708,8,False
0xfC625B74B917296564D4f32CceA7c30275B873F9,865,0,865,80,80,0,0,1694358983,20,True
0xfC99C527D859c148a46cAF61567C5FA31fe7CC62,2883.039295437125667455,0,2883.039295437125667455,40,88,0,0,1639823938,10,True
0xfD5Bb4f34b3CDa836616fbB7fD8a5368f1b61a17,124.502459,0,124.502459,8,24,0,0,1682143499,2,False
0xfE5153Cf829AD526B93F8a4b36194aA468E2cF35,1357.874434689766832265,0,1357.874434689766832265,32,64,0,0,1654300372,8,True
0xfE843Fc772c799a257c04dB72694164b4e94b682,665.430978480513458238,0,665.430978480513458238,32,64,0,0,1682268983,8,False
0xfE8636DE7ADcc8088AD0c027d89F8E306c7B6870,550.51957103,0,550.51957103,8,24,0,0,1696171535,2,True
0xfF0bA19b5C35a45843EB90D05DA44D526A0adfe2,220.57248065,0,220.57248065,24,40,0,0,1676013815,6,False
0xfF6F4D392766eE82F7Bc9059fBBb58946A22d299,0,0,0,0,0,0,0,1756188743,0,True
0xfb2A6Bf7C63C3823DB77379554fB7e9024d51720,0,0,0,0,0,0,0,1779040055,0,True
0xfbCeA0038df5514289e8b9c7514da2C4F1ad8516,312.449615040793815148,0,312.449615040793815148,48,144,0,0,1667114543,12,True
0xfbe56603B0dcD0414E5A62E22641D853873471a1,0,0,0,4,28,4,28,1777248479,0,False
0xfc158ed407CC9213C486cC533466652605AB6045,194.098109241474477187,0,194.098109241474477187,16,16,0,0,1639514138,4,False
0xfd42f4Cd3f64CFeD937FD102993d45309fB9Dd6C,2295.73798743155797999,0,2295.73798743155797999,52,172,4,28,1636518407,11,True
0xfd64e85bCDc3F664451EfC8ac4B550C793597f7F,718.178992184350944467,0,718.178992184350944467,64,64,0,0,1647497245,16,False
0xfdB924D2580783a925a62A051ba1FD2293D93eF6,3144.299057887677792169,0,3144.299057887677792169,64,192,0,0,1637612878,16,True
0xfdE82eA5f35755144b9D0EC901832704cb2164F2,4427.666537913535699222,0,4427.666537913535699222,176,528,0,0,1672218107,44,True
0xfe5bE5D4c1a444857913607F1D2eCeFB058b7bE5,185.203525665382620291,0,185.203525665382620291,8,24,0,0,1687203611,2,False
0xfeeb4ED5029fa0feBe1DBc87fE20Ba1118dCa49B,586.10441854019937182,0,586.10441854019937182,16,16,0,0,1663699607,4,True
0xff595948173341bAf2C330C8e43d3Df13b05A74c,0,0,0,0,0,0,0,1771416071,0,False
0xff886445598d9427CE2C9b356Fa662029E8D4281,9396.602720171554943272,9396.602720171554943272,0,8,56,8,56,1636426299,0,True
