queue,position,megapool,validator_id,supplied_eth,requested_eth
express,0,0xb18208080441E2C2E1FC7744B975480e75519d99,4,4.0,32.0
express,1,0xb18208080441E2C2E1FC7744B975480e75519d99,5,4.0,32.0
express,2,0xb18208080441E2C2E1FC7744B975480e75519d99,6,4.0,32.0
express,3,0xb18208080441E2C2E1FC7744B975480e75519d99,7,4.0,32.0
express,4,0xb18208080441E2C2E1FC7744B975480e75519d99,8,4.0,32.0
express,5,0xb18208080441E2C2E1FC7744B975480e75519d99,9,4.0,32.0
express,6,0xb18208080441E2C2E1FC7744B975480e75519d99,10,4.0,32.0
express,7,0xb18208080441E2C2E1FC7744B975480e75519d99,11,4.0,32.0
express,8,0xb18208080441E2C2E1FC7744B975480e75519d99,12,4.0,32.0
express,9,0xb18208080441E2C2E1FC7744B975480e75519d99,13,4.0,32.0
express,10,0xb18208080441E2C2E1FC7744B975480e75519d99,14,4.0,32.0
express,11,0xb18208080441E2C2E1FC7744B975480e75519d99,15,4.0,32.0
express,12,0xb18208080441E2C2E1FC7744B975480e75519d99,16,4.0,32.0
express,13,0xb18208080441E2C2E1FC7744B975480e75519d99,17,4.0,32.0
express,14,0xdFCed1cBc513C3d550267ecA0F86EE144AE89341,0,4.0,32.0
express,15,0xdFCed1cBc513C3d550267ecA0F86EE144AE89341,1,4.0,32.0
express,16,0xdFCed1cBc513C3d550267ecA0F86EE144AE89341,2,4.0,32.0
express,17,0xdFCed1cBc513C3d550267ecA0F86EE144AE89341,3,4.0,32.0
express,18,0xdFCed1cBc513C3d550267ecA0F86EE144AE89341,4,4.0,32.0
express,19,0xdFCed1cBc513C3d550267ecA0F86EE144AE89341,5,4.0,32.0
express,20,0xdFCed1cBc513C3d550267ecA0F86EE144AE89341,6,4.0,32.0
express,21,0xdFCed1cBc513C3d550267ecA0F86EE144AE89341,7,4.0,32.0
express,22,0xdFCed1cBc513C3d550267ecA0F86EE144AE89341,8,4.0,32.0
express,23,0xdFCed1cBc513C3d550267ecA0F86EE144AE89341,9,4.0,32.0
express,24,0xE75264d3362211005047155E4Af3DfCA0D733A0F,0,4.0,32.0
express,25,0xE75264d3362211005047155E4Af3DfCA0D733A0F,1,4.0,32.0
express,26,0xE75264d3362211005047155E4Af3DfCA0D733A0F,2,4.0,32.0
express,27,0xE75264d3362211005047155E4Af3DfCA0D733A0F,3,4.0,32.0
express,28,0xE75264d3362211005047155E4Af3DfCA0D733A0F,4,4.0,32.0
express,29,0xE75264d3362211005047155E4Af3DfCA0D733A0F,5,4.0,32.0
express,30,0xE75264d3362211005047155E4Af3DfCA0D733A0F,6,4.0,32.0
express,31,0xE75264d3362211005047155E4Af3DfCA0D733A0F,7,4.0,32.0
express,32,0xE75264d3362211005047155E4Af3DfCA0D733A0F,8,4.0,32.0
express,33,0xE75264d3362211005047155E4Af3DfCA0D733A0F,9,4.0,32.0
express,34,0x54972d3994f5B1a3b802129E71F5532000F27B18,94,4.0,32.0
express,35,0x54972d3994f5B1a3b802129E71F5532000F27B18,95,4.0,32.0
express,36,0x54972d3994f5B1a3b802129E71F5532000F27B18,96,4.0,32.0
express,37,0x54972d3994f5B1a3b802129E71F5532000F27B18,97,4.0,32.0
express,38,0x54972d3994f5B1a3b802129E71F5532000F27B18,98,4.0,32.0
express,39,0x54972d3994f5B1a3b802129E71F5532000F27B18,99,4.0,32.0
express,40,0x54972d3994f5B1a3b802129E71F5532000F27B18,100,4.0,32.0
express,41,0x54972d3994f5B1a3b802129E71F5532000F27B18,101,4.0,32.0
express,42,0x54972d3994f5B1a3b802129E71F5532000F27B18,102,4.0,32.0
express,43,0x54972d3994f5B1a3b802129E71F5532000F27B18,103,4.0,32.0
express,44,0x54972d3994f5B1a3b802129E71F5532000F27B18,104,4.0,32.0
express,45,0x54972d3994f5B1a3b802129E71F5532000F27B18,105,4.0,32.0
express,46,0x54972d3994f5B1a3b802129E71F5532000F27B18,106,4.0,32.0
express,47,0x54972d3994f5B1a3b802129E71F5532000F27B18,107,4.0,32.0
express,48,0x54972d3994f5B1a3b802129E71F5532000F27B18,108,4.0,32.0
express,49,0x61F76BC6F04D19BEaeC73BcdbDA4B1edE8d8cd29,0,4.0,32.0
express,50,0x61F76BC6F04D19BEaeC73BcdbDA4B1edE8d8cd29,1,4.0,32.0
express,51,0xeBF0232C9B29B0E72114dE1d13723911f3C0635c,0,4.0,32.0
express,52,0xeBF0232C9B29B0E72114dE1d13723911f3C0635c,1,4.0,32.0
express,53,0xeBF0232C9B29B0E72114dE1d13723911f3C0635c,2,4.0,32.0
express,54,0xeBF0232C9B29B0E72114dE1d13723911f3C0635c,3,4.0,32.0
express,55,0xeBF0232C9B29B0E72114dE1d13723911f3C0635c,4,4.0,32.0
express,56,0xeBF0232C9B29B0E72114dE1d13723911f3C0635c,5,4.0,32.0
express,57,0xeBF0232C9B29B0E72114dE1d13723911f3C0635c,6,4.0,32.0
express,58,0x89EdEB54Dad88438D951AD958DB15C7CebC70FC1,0,4.0,32.0
express,59,0x89EdEB54Dad88438D951AD958DB15C7CebC70FC1,1,4.0,32.0
express,60,0x89EdEB54Dad88438D951AD958DB15C7CebC70FC1,2,4.0,32.0
express,61,0x89EdEB54Dad88438D951AD958DB15C7CebC70FC1,3,4.0,32.0
express,62,0x89EdEB54Dad88438D951AD958DB15C7CebC70FC1,4,4.0,32.0
express,63,0x89EdEB54Dad88438D951AD958DB15C7CebC70FC1,5,4.0,32.0
express,64,0x89EdEB54Dad88438D951AD958DB15C7CebC70FC1,6,4.0,32.0
express,65,0x89EdEB54Dad88438D951AD958DB15C7CebC70FC1,7,4.0,32.0
express,66,0x80A6Fc45dd12EeBEd3E68F86be42A40fAEcFe050,0,4.0,32.0
express,67,0x80A6Fc45dd12EeBEd3E68F86be42A40fAEcFe050,1,4.0,32.0
express,68,0x80A6Fc45dd12EeBEd3E68F86be42A40fAEcFe050,2,4.0,32.0
express,69,0x80A6Fc45dd12EeBEd3E68F86be42A40fAEcFe050,3,4.0,32.0
express,70,0x80A6Fc45dd12EeBEd3E68F86be42A40fAEcFe050,4,4.0,32.0
express,71,0x80A6Fc45dd12EeBEd3E68F86be42A40fAEcFe050,5,4.0,32.0
express,72,0x80A6Fc45dd12EeBEd3E68F86be42A40fAEcFe050,6,4.0,32.0
express,73,0x80A6Fc45dd12EeBEd3E68F86be42A40fAEcFe050,7,4.0,32.0
express,74,0x80A6Fc45dd12EeBEd3E68F86be42A40fAEcFe050,8,4.0,32.0
express,75,0x80A6Fc45dd12EeBEd3E68F86be42A40fAEcFe050,9,4.0,32.0
express,76,0x80A6Fc45dd12EeBEd3E68F86be42A40fAEcFe050,10,4.0,32.0
express,77,0x80A6Fc45dd12EeBEd3E68F86be42A40fAEcFe050,11,4.0,32.0
express,78,0x80A6Fc45dd12EeBEd3E68F86be42A40fAEcFe050,12,4.0,32.0
express,79,0x80A6Fc45dd12EeBEd3E68F86be42A40fAEcFe050,13,4.0,32.0
express,80,0x80A6Fc45dd12EeBEd3E68F86be42A40fAEcFe050,14,4.0,32.0
express,81,0x80A6Fc45dd12EeBEd3E68F86be42A40fAEcFe050,15,4.0,32.0
express,82,0x80A6Fc45dd12EeBEd3E68F86be42A40fAEcFe050,16,4.0,32.0
express,83,0x80A6Fc45dd12EeBEd3E68F86be42A40fAEcFe050,17,4.0,32.0
express,84,0x80A6Fc45dd12EeBEd3E68F86be42A40fAEcFe050,18,4.0,32.0
express,85,0x80A6Fc45dd12EeBEd3E68F86be42A40fAEcFe050,19,4.0,32.0
express,86,0x80A6Fc45dd12EeBEd3E68F86be42A40fAEcFe050,20,4.0,32.0
express,87,0x80A6Fc45dd12EeBEd3E68F86be42A40fAEcFe050,21,4.0,32.0
express,88,0x80A6Fc45dd12EeBEd3E68F86be42A40fAEcFe050,22,4.0,32.0
express,89,0x80A6Fc45dd12EeBEd3E68F86be42A40fAEcFe050,23,4.0,32.0
express,90,0x80A6Fc45dd12EeBEd3E68F86be42A40fAEcFe050,24,4.0,32.0
express,91,0x80A6Fc45dd12EeBEd3E68F86be42A40fAEcFe050,25,4.0,32.0
express,92,0x80A6Fc45dd12EeBEd3E68F86be42A40fAEcFe050,26,4.0,32.0
express,93,0x80A6Fc45dd12EeBEd3E68F86be42A40fAEcFe050,27,4.0,32.0
express,94,0x80A6Fc45dd12EeBEd3E68F86be42A40fAEcFe050,28,4.0,32.0
express,95,0x80A6Fc45dd12EeBEd3E68F86be42A40fAEcFe050,29,4.0,32.0
express,96,0x80A6Fc45dd12EeBEd3E68F86be42A40fAEcFe050,30,4.0,32.0
express,97,0x80A6Fc45dd12EeBEd3E68F86be42A40fAEcFe050,31,4.0,32.0
express,98,0x80A6Fc45dd12EeBEd3E68F86be42A40fAEcFe050,32,4.0,32.0
express,99,0x80A6Fc45dd12EeBEd3E68F86be42A40fAEcFe050,33,4.0,32.0
express,100,0x80A6Fc45dd12EeBEd3E68F86be42A40fAEcFe050,34,4.0,32.0
express,101,0x80A6Fc45dd12EeBEd3E68F86be42A40fAEcFe050,35,4.0,32.0
express,102,0x80A6Fc45dd12EeBEd3E68F86be42A40fAEcFe050,36,4.0,32.0
express,103,0x80A6Fc45dd12EeBEd3E68F86be42A40fAEcFe050,37,4.0,32.0
express,104,0x80A6Fc45dd12EeBEd3E68F86be42A40fAEcFe050,38,4.0,32.0
express,105,0x80A6Fc45dd12EeBEd3E68F86be42A40fAEcFe050,39,4.0,32.0
express,106,0x80A6Fc45dd12EeBEd3E68F86be42A40fAEcFe050,40,4.0,32.0
express,107,0x80A6Fc45dd12EeBEd3E68F86be42A40fAEcFe050,41,4.0,32.0
express,108,0x80A6Fc45dd12EeBEd3E68F86be42A40fAEcFe050,42,4.0,32.0
express,109,0x80A6Fc45dd12EeBEd3E68F86be42A40fAEcFe050,43,4.0,32.0
express,110,0x80A6Fc45dd12EeBEd3E68F86be42A40fAEcFe050,44,4.0,32.0
express,111,0x80A6Fc45dd12EeBEd3E68F86be42A40fAEcFe050,45,4.0,32.0
express,112,0x80A6Fc45dd12EeBEd3E68F86be42A40fAEcFe050,46,4.0,32.0
express,113,0x80A6Fc45dd12EeBEd3E68F86be42A40fAEcFe050,47,4.0,32.0
express,114,0x80A6Fc45dd12EeBEd3E68F86be42A40fAEcFe050,48,4.0,32.0
express,115,0x80A6Fc45dd12EeBEd3E68F86be42A40fAEcFe050,49,4.0,32.0
express,116,0x80A6Fc45dd12EeBEd3E68F86be42A40fAEcFe050,50,4.0,32.0
express,117,0x80A6Fc45dd12EeBEd3E68F86be42A40fAEcFe050,51,4.0,32.0
express,118,0x80A6Fc45dd12EeBEd3E68F86be42A40fAEcFe050,52,4.0,32.0
express,119,0x80A6Fc45dd12EeBEd3E68F86be42A40fAEcFe050,53,4.0,32.0
express,120,0x80A6Fc45dd12EeBEd3E68F86be42A40fAEcFe050,54,4.0,32.0
express,121,0x80A6Fc45dd12EeBEd3E68F86be42A40fAEcFe050,55,4.0,32.0
express,122,0x80A6Fc45dd12EeBEd3E68F86be42A40fAEcFe050,56,4.0,32.0
express,123,0x80A6Fc45dd12EeBEd3E68F86be42A40fAEcFe050,57,4.0,32.0
express,124,0x80A6Fc45dd12EeBEd3E68F86be42A40fAEcFe050,58,4.0,32.0
express,125,0x80A6Fc45dd12EeBEd3E68F86be42A40fAEcFe050,59,4.0,32.0
express,126,0x80A6Fc45dd12EeBEd3E68F86be42A40fAEcFe050,60,4.0,32.0
express,127,0x80A6Fc45dd12EeBEd3E68F86be42A40fAEcFe050,61,4.0,32.0
express,128,0x80A6Fc45dd12EeBEd3E68F86be42A40fAEcFe050,62,4.0,32.0
express,129,0x80A6Fc45dd12EeBEd3E68F86be42A40fAEcFe050,63,4.0,32.0
express,130,0x80A6Fc45dd12EeBEd3E68F86be42A40fAEcFe050,64,4.0,32.0
express,131,0x80A6Fc45dd12EeBEd3E68F86be42A40fAEcFe050,65,4.0,32.0
express,132,0x80A6Fc45dd12EeBEd3E68F86be42A40fAEcFe050,66,4.0,32.0
express,133,0x80A6Fc45dd12EeBEd3E68F86be42A40fAEcFe050,67,4.0,32.0
express,134,0x80A6Fc45dd12EeBEd3E68F86be42A40fAEcFe050,68,4.0,32.0
express,135,0x80A6Fc45dd12EeBEd3E68F86be42A40fAEcFe050,69,4.0,32.0
express,136,0x80A6Fc45dd12EeBEd3E68F86be42A40fAEcFe050,70,4.0,32.0
express,137,0x80A6Fc45dd12EeBEd3E68F86be42A40fAEcFe050,71,4.0,32.0
express,138,0x80A6Fc45dd12EeBEd3E68F86be42A40fAEcFe050,72,4.0,32.0
express,139,0x80A6Fc45dd12EeBEd3E68F86be42A40fAEcFe050,73,4.0,32.0
express,140,0x6D3cad7445B4cC17714ACaA35C81ACBf8d1e2B98,1,4.0,32.0
express,141,0x3993A11D14B39a816E122E04575D867eb5fa2F14,28,4.0,32.0
express,142,0x3993A11D14B39a816E122E04575D867eb5fa2F14,29,4.0,32.0
express,143,0x3993A11D14B39a816E122E04575D867eb5fa2F14,30,4.0,32.0
express,144,0x3993A11D14B39a816E122E04575D867eb5fa2F14,31,4.0,32.0
express,145,0x3993A11D14B39a816E122E04575D867eb5fa2F14,32,4.0,32.0
express,146,0x3993A11D14B39a816E122E04575D867eb5fa2F14,33,4.0,32.0
express,147,0x3993A11D14B39a816E122E04575D867eb5fa2F14,34,4.0,32.0
express,148,0x3993A11D14B39a816E122E04575D867eb5fa2F14,35,4.0,32.0
express,149,0x3993A11D14B39a816E122E04575D867eb5fa2F14,36,4.0,32.0
express,150,0x3993A11D14B39a816E122E04575D867eb5fa2F14,37,4.0,32.0
express,151,0x3993A11D14B39a816E122E04575D867eb5fa2F14,38,4.0,32.0
express,152,0x3993A11D14B39a816E122E04575D867eb5fa2F14,39,4.0,32.0
express,153,0x3993A11D14B39a816E122E04575D867eb5fa2F14,40,4.0,32.0
express,154,0x3993A11D14B39a816E122E04575D867eb5fa2F14,41,4.0,32.0
express,155,0x3993A11D14B39a816E122E04575D867eb5fa2F14,42,4.0,32.0
express,156,0x3993A11D14B39a816E122E04575D867eb5fa2F14,43,4.0,32.0
express,157,0x3993A11D14B39a816E122E04575D867eb5fa2F14,44,4.0,32.0
express,158,0x3993A11D14B39a816E122E04575D867eb5fa2F14,45,4.0,32.0
express,159,0x3993A11D14B39a816E122E04575D867eb5fa2F14,46,4.0,32.0
express,160,0x3993A11D14B39a816E122E04575D867eb5fa2F14,47,4.0,32.0
express,161,0x3993A11D14B39a816E122E04575D867eb5fa2F14,48,4.0,32.0
express,162,0x3993A11D14B39a816E122E04575D867eb5fa2F14,49,4.0,32.0
express,163,0x3993A11D14B39a816E122E04575D867eb5fa2F14,50,4.0,32.0
express,164,0x3993A11D14B39a816E122E04575D867eb5fa2F14,51,4.0,32.0
express,165,0x3993A11D14B39a816E122E04575D867eb5fa2F14,52,4.0,32.0
express,166,0x3993A11D14B39a816E122E04575D867eb5fa2F14,53,4.0,32.0
express,167,0x3993A11D14B39a816E122E04575D867eb5fa2F14,54,4.0,32.0
express,168,0x3993A11D14B39a816E122E04575D867eb5fa2F14,55,4.0,32.0
express,169,0x3993A11D14B39a816E122E04575D867eb5fa2F14,56,4.0,32.0
express,170,0x85B4E95CfeEE1ab6EF647111308C81d90e242aCF,5,4.0,32.0
express,171,0x402634757CFEf54ee78b1E6E36a6Cf5454702597,0,4.0,32.0
express,172,0x402634757CFEf54ee78b1E6E36a6Cf5454702597,1,4.0,32.0
express,173,0xB4A70c2D373C1a1B5FdFb9EFa1d6E16C9200Dc28,0,4.0,32.0
express,174,0xB4A70c2D373C1a1B5FdFb9EFa1d6E16C9200Dc28,1,4.0,32.0
express,175,0xF70f8AAa9F837A5eB963036243178E81B26CEeb0,36,4.0,32.0
express,176,0xF70f8AAa9F837A5eB963036243178E81B26CEeb0,37,4.0,32.0
express,177,0xF70f8AAa9F837A5eB963036243178E81B26CEeb0,38,4.0,32.0
express,178,0xF70f8AAa9F837A5eB963036243178E81B26CEeb0,39,4.0,32.0
express,179,0xF70f8AAa9F837A5eB963036243178E81B26CEeb0,40,4.0,32.0
express,180,0xF70f8AAa9F837A5eB963036243178E81B26CEeb0,41,4.0,32.0
express,181,0xF70f8AAa9F837A5eB963036243178E81B26CEeb0,42,4.0,32.0
express,182,0xF70f8AAa9F837A5eB963036243178E81B26CEeb0,44,4.0,32.0
express,183,0xF70f8AAa9F837A5eB963036243178E81B26CEeb0,45,4.0,32.0
express,184,0xF70f8AAa9F837A5eB963036243178E81B26CEeb0,46,4.0,32.0
express,185,0xF70f8AAa9F837A5eB963036243178E81B26CEeb0,47,4.0,32.0
express,186,0xF70f8AAa9F837A5eB963036243178E81B26CEeb0,48,4.0,32.0
express,187,0xF70f8AAa9F837A5eB963036243178E81B26CEeb0,49,4.0,32.0
express,188,0xF70f8AAa9F837A5eB963036243178E81B26CEeb0,50,4.0,32.0
express,189,0xF70f8AAa9F837A5eB963036243178E81B26CEeb0,51,4.0,32.0
express,190,0xF70f8AAa9F837A5eB963036243178E81B26CEeb0,52,4.0,32.0
express,191,0xF70f8AAa9F837A5eB963036243178E81B26CEeb0,53,4.0,32.0
express,192,0xF70f8AAa9F837A5eB963036243178E81B26CEeb0,54,4.0,32.0
express,193,0xF70f8AAa9F837A5eB963036243178E81B26CEeb0,55,4.0,32.0
express,194,0xF70f8AAa9F837A5eB963036243178E81B26CEeb0,56,4.0,32.0
express,195,0xF70f8AAa9F837A5eB963036243178E81B26CEeb0,57,4.0,32.0
express,196,0xF70f8AAa9F837A5eB963036243178E81B26CEeb0,58,4.0,32.0
express,197,0xF70f8AAa9F837A5eB963036243178E81B26CEeb0,59,4.0,32.0
express,198,0xF70f8AAa9F837A5eB963036243178E81B26CEeb0,60,4.0,32.0
express,199,0xF70f8AAa9F837A5eB963036243178E81B26CEeb0,61,4.0,32.0
express,200,0xF70f8AAa9F837A5eB963036243178E81B26CEeb0,62,4.0,32.0
express,201,0xF70f8AAa9F837A5eB963036243178E81B26CEeb0,63,4.0,32.0
express,202,0xF70f8AAa9F837A5eB963036243178E81B26CEeb0,64,4.0,32.0
express,203,0xF70f8AAa9F837A5eB963036243178E81B26CEeb0,65,4.0,32.0
express,204,0xF70f8AAa9F837A5eB963036243178E81B26CEeb0,66,4.0,32.0
express,205,0xF70f8AAa9F837A5eB963036243178E81B26CEeb0,67,4.0,32.0
express,206,0xF70f8AAa9F837A5eB963036243178E81B26CEeb0,68,4.0,32.0
express,207,0xF70f8AAa9F837A5eB963036243178E81B26CEeb0,69,4.0,32.0
express,208,0xF70f8AAa9F837A5eB963036243178E81B26CEeb0,70,4.0,32.0
express,209,0xF70f8AAa9F837A5eB963036243178E81B26CEeb0,71,4.0,32.0
express,210,0xF70f8AAa9F837A5eB963036243178E81B26CEeb0,72,4.0,32.0
express,211,0xF70f8AAa9F837A5eB963036243178E81B26CEeb0,73,4.0,32.0
express,212,0xF70f8AAa9F837A5eB963036243178E81B26CEeb0,75,4.0,32.0
express,213,0xF70f8AAa9F837A5eB963036243178E81B26CEeb0,77,4.0,32.0
express,214,0xF70f8AAa9F837A5eB963036243178E81B26CEeb0,78,4.0,32.0
express,215,0xF70f8AAa9F837A5eB963036243178E81B26CEeb0,79,4.0,32.0
express,216,0xF70f8AAa9F837A5eB963036243178E81B26CEeb0,80,4.0,32.0
express,217,0xF70f8AAa9F837A5eB963036243178E81B26CEeb0,81,4.0,32.0
express,218,0xF70f8AAa9F837A5eB963036243178E81B26CEeb0,82,4.0,32.0
express,219,0xF70f8AAa9F837A5eB963036243178E81B26CEeb0,83,4.0,32.0
express,220,0xF70f8AAa9F837A5eB963036243178E81B26CEeb0,84,4.0,32.0
express,221,0xF70f8AAa9F837A5eB963036243178E81B26CEeb0,86,4.0,32.0
express,222,0xF70f8AAa9F837A5eB963036243178E81B26CEeb0,87,4.0,32.0
express,223,0xF70f8AAa9F837A5eB963036243178E81B26CEeb0,88,4.0,32.0
express,224,0xF70f8AAa9F837A5eB963036243178E81B26CEeb0,89,4.0,32.0
express,225,0xF70f8AAa9F837A5eB963036243178E81B26CEeb0,90,4.0,32.0
express,226,0xF70f8AAa9F837A5eB963036243178E81B26CEeb0,91,4.0,32.0
express,227,0xF70f8AAa9F837A5eB963036243178E81B26CEeb0,92,4.0,32.0
express,228,0xF70f8AAa9F837A5eB963036243178E81B26CEeb0,93,4.0,32.0
express,229,0xF70f8AAa9F837A5eB963036243178E81B26CEeb0,94,4.0,32.0
express,230,0xF70f8AAa9F837A5eB963036243178E81B26CEeb0,95,4.0,32.0
express,231,0xF70f8AAa9F837A5eB963036243178E81B26CEeb0,97,4.0,32.0
express,232,0xF70f8AAa9F837A5eB963036243178E81B26CEeb0,99,4.0,32.0
express,233,0xF70f8AAa9F837A5eB963036243178E81B26CEeb0,100,4.0,32.0
express,234,0xF70f8AAa9F837A5eB963036243178E81B26CEeb0,101,4.0,32.0
express,235,0xF70f8AAa9F837A5eB963036243178E81B26CEeb0,102,4.0,32.0
express,236,0xF70f8AAa9F837A5eB963036243178E81B26CEeb0,103,4.0,32.0
express,237,0xF70f8AAa9F837A5eB963036243178E81B26CEeb0,104,4.0,32.0
express,238,0xF70f8AAa9F837A5eB963036243178E81B26CEeb0,105,4.0,32.0
express,239,0xF70f8AAa9F837A5eB963036243178E81B26CEeb0,106,4.0,32.0
express,240,0xF70f8AAa9F837A5eB963036243178E81B26CEeb0,107,4.0,32.0
express,241,0xF70f8AAa9F837A5eB963036243178E81B26CEeb0,108,4.0,32.0
express,242,0xF70f8AAa9F837A5eB963036243178E81B26CEeb0,109,4.0,32.0
express,243,0xF70f8AAa9F837A5eB963036243178E81B26CEeb0,110,4.0,32.0
express,244,0xF70f8AAa9F837A5eB963036243178E81B26CEeb0,111,4.0,32.0
express,245,0xF70f8AAa9F837A5eB963036243178E81B26CEeb0,112,4.0,32.0
express,246,0xF70f8AAa9F837A5eB963036243178E81B26CEeb0,113,4.0,32.0
express,247,0xF70f8AAa9F837A5eB963036243178E81B26CEeb0,114,4.0,32.0
express,248,0xF70f8AAa9F837A5eB963036243178E81B26CEeb0,115,4.0,32.0
express,249,0xF70f8AAa9F837A5eB963036243178E81B26CEeb0,116,4.0,32.0
express,250,0xF70f8AAa9F837A5eB963036243178E81B26CEeb0,117,4.0,32.0
express,251,0xF70f8AAa9F837A5eB963036243178E81B26CEeb0,118,4.0,32.0
express,252,0xF70f8AAa9F837A5eB963036243178E81B26CEeb0,119,4.0,32.0
express,253,0xF70f8AAa9F837A5eB963036243178E81B26CEeb0,120,4.0,32.0
express,254,0xF70f8AAa9F837A5eB963036243178E81B26CEeb0,121,4.0,32.0
express,255,0xF70f8AAa9F837A5eB963036243178E81B26CEeb0,123,4.0,32.0
express,256,0xF70f8AAa9F837A5eB963036243178E81B26CEeb0,124,4.0,32.0
express,257,0xF70f8AAa9F837A5eB963036243178E81B26CEeb0,125,4.0,32.0
express,258,0xF70f8AAa9F837A5eB963036243178E81B26CEeb0,126,4.0,32.0
express,259,0xF70f8AAa9F837A5eB963036243178E81B26CEeb0,127,4.0,32.0
express,260,0xF70f8AAa9F837A5eB963036243178E81B26CEeb0,128,4.0,32.0
express,261,0xF70f8AAa9F837A5eB963036243178E81B26CEeb0,129,4.0,32.0
express,262,0xF70f8AAa9F837A5eB963036243178E81B26CEeb0,130,4.0,32.0
express,263,0xF70f8AAa9F837A5eB963036243178E81B26CEeb0,131,4.0,32.0
express,264,0xF70f8AAa9F837A5eB963036243178E81B26CEeb0,132,4.0,32.0
express,265,0xF70f8AAa9F837A5eB963036243178E81B26CEeb0,133,4.0,32.0
express,266,0xF70f8AAa9F837A5eB963036243178E81B26CEeb0,134,4.0,32.0
express,267,0xF70f8AAa9F837A5eB963036243178E81B26CEeb0,135,4.0,32.0
express,268,0xF70f8AAa9F837A5eB963036243178E81B26CEeb0,136,4.0,32.0
express,269,0xF70f8AAa9F837A5eB963036243178E81B26CEeb0,137,4.0,32.0
express,270,0xF70f8AAa9F837A5eB963036243178E81B26CEeb0,139,4.0,32.0
express,271,0xF70f8AAa9F837A5eB963036243178E81B26CEeb0,140,4.0,32.0
express,272,0xF70f8AAa9F837A5eB963036243178E81B26CEeb0,141,4.0,32.0
express,273,0xF70f8AAa9F837A5eB963036243178E81B26CEeb0,142,4.0,32.0
express,274,0xF70f8AAa9F837A5eB963036243178E81B26CEeb0,143,4.0,32.0
express,275,0xF70f8AAa9F837A5eB963036243178E81B26CEeb0,144,4.0,32.0
express,276,0xF70f8AAa9F837A5eB963036243178E81B26CEeb0,145,4.0,32.0
express,277,0xF70f8AAa9F837A5eB963036243178E81B26CEeb0,147,4.0,32.0
express,278,0xF70f8AAa9F837A5eB963036243178E81B26CEeb0,148,4.0,32.0
express,279,0xF70f8AAa9F837A5eB963036243178E81B26CEeb0,149,4.0,32.0
express,280,0xF70f8AAa9F837A5eB963036243178E81B26CEeb0,151,4.0,32.0
express,281,0xF70f8AAa9F837A5eB963036243178E81B26CEeb0,152,4.0,32.0
express,282,0xF70f8AAa9F837A5eB963036243178E81B26CEeb0,153,4.0,32.0
express,283,0xF70f8AAa9F837A5eB963036243178E81B26CEeb0,154,4.0,32.0
express,284,0xF70f8AAa9F837A5eB963036243178E81B26CEeb0,155,4.0,32.0
express,285,0xF70f8AAa9F837A5eB963036243178E81B26CEeb0,156,4.0,32.0
express,286,0xF70f8AAa9F837A5eB963036243178E81B26CEeb0,157,4.0,32.0
express,287,0xF70f8AAa9F837A5eB963036243178E81B26CEeb0,158,4.0,32.0
express,288,0xF70f8AAa9F837A5eB963036243178E81B26CEeb0,159,4.0,32.0
express,289,0xF70f8AAa9F837A5eB963036243178E81B26CEeb0,160,4.0,32.0
express,290,0xF70f8AAa9F837A5eB963036243178E81B26CEeb0,161,4.0,32.0
express,291,0xF70f8AAa9F837A5eB963036243178E81B26CEeb0,162,4.0,32.0
express,292,0xF70f8AAa9F837A5eB963036243178E81B26CEeb0,163,4.0,32.0
express,293,0xF70f8AAa9F837A5eB963036243178E81B26CEeb0,164,4.0,32.0
express,294,0xF70f8AAa9F837A5eB963036243178E81B26CEeb0,165,4.0,32.0
express,295,0xF70f8AAa9F837A5eB963036243178E81B26CEeb0,166,4.0,32.0
express,296,0xF70f8AAa9F837A5eB963036243178E81B26CEeb0,167,4.0,32.0
express,297,0xF70f8AAa9F837A5eB963036243178E81B26CEeb0,168,4.0,32.0
express,298,0xF70f8AAa9F837A5eB963036243178E81B26CEeb0,169,4.0,32.0
express,299,0xF70f8AAa9F837A5eB963036243178E81B26CEeb0,170,4.0,32.0
express,300,0xF70f8AAa9F837A5eB963036243178E81B26CEeb0,171,4.0,32.0
express,301,0xF70f8AAa9F837A5eB963036243178E81B26CEeb0,172,4.0,32.0
express,302,0xF70f8AAa9F837A5eB963036243178E81B26CEeb0,173,4.0,32.0
express,303,0xF70f8AAa9F837A5eB963036243178E81B26CEeb0,174,4.0,32.0
express,304,0xF70f8AAa9F837A5eB963036243178E81B26CEeb0,175,4.0,32.0
express,305,0xF70f8AAa9F837A5eB963036243178E81B26CEeb0,176,4.0,32.0
express,306,0xF70f8AAa9F837A5eB963036243178E81B26CEeb0,177,4.0,32.0
express,307,0xF70f8AAa9F837A5eB963036243178E81B26CEeb0,178,4.0,32.0
express,308,0xF70f8AAa9F837A5eB963036243178E81B26CEeb0,179,4.0,32.0
express,309,0xF70f8AAa9F837A5eB963036243178E81B26CEeb0,180,4.0,32.0
express,310,0xF70f8AAa9F837A5eB963036243178E81B26CEeb0,181,4.0,32.0
express,311,0xF70f8AAa9F837A5eB963036243178E81B26CEeb0,182,4.0,32.0
express,312,0xF70f8AAa9F837A5eB963036243178E81B26CEeb0,183,4.0,32.0
express,313,0xF70f8AAa9F837A5eB963036243178E81B26CEeb0,184,4.0,32.0
express,314,0xF70f8AAa9F837A5eB963036243178E81B26CEeb0,185,4.0,32.0
express,315,0xF70f8AAa9F837A5eB963036243178E81B26CEeb0,186,4.0,32.0
express,316,0xF70f8AAa9F837A5eB963036243178E81B26CEeb0,187,4.0,32.0
express,317,0xF70f8AAa9F837A5eB963036243178E81B26CEeb0,188,4.0,32.0
express,318,0xF70f8AAa9F837A5eB963036243178E81B26CEeb0,189,4.0,32.0
express,319,0xF70f8AAa9F837A5eB963036243178E81B26CEeb0,190,4.0,32.0
express,320,0xF70f8AAa9F837A5eB963036243178E81B26CEeb0,191,4.0,32.0
express,321,0xF70f8AAa9F837A5eB963036243178E81B26CEeb0,192,4.0,32.0
express,322,0xF70f8AAa9F837A5eB963036243178E81B26CEeb0,193,4.0,32.0
express,323,0xF70f8AAa9F837A5eB963036243178E81B26CEeb0,194,4.0,32.0
express,324,0xF70f8AAa9F837A5eB963036243178E81B26CEeb0,195,4.0,32.0
express,325,0xF70f8AAa9F837A5eB963036243178E81B26CEeb0,196,4.0,32.0
express,326,0xF70f8AAa9F837A5eB963036243178E81B26CEeb0,197,4.0,32.0
express,327,0xF70f8AAa9F837A5eB963036243178E81B26CEeb0,198,4.0,32.0
express,328,0xF70f8AAa9F837A5eB963036243178E81B26CEeb0,199,4.0,32.0
express,329,0xF70f8AAa9F837A5eB963036243178E81B26CEeb0,200,4.0,32.0
express,330,0xF70f8AAa9F837A5eB963036243178E81B26CEeb0,201,4.0,32.0
express,331,0xF70f8AAa9F837A5eB963036243178E81B26CEeb0,202,4.0,32.0
express,332,0xF70f8AAa9F837A5eB963036243178E81B26CEeb0,203,4.0,32.0
express,333,0xF70f8AAa9F837A5eB963036243178E81B26CEeb0,204,4.0,32.0
express,334,0xF70f8AAa9F837A5eB963036243178E81B26CEeb0,205,4.0,32.0
express,335,0xF70f8AAa9F837A5eB963036243178E81B26CEeb0,206,4.0,32.0
express,336,0xF70f8AAa9F837A5eB963036243178E81B26CEeb0,207,4.0,32.0
express,337,0xF70f8AAa9F837A5eB963036243178E81B26CEeb0,208,4.0,32.0
express,338,0xF70f8AAa9F837A5eB963036243178E81B26CEeb0,209,4.0,32.0
express,339,0xF70f8AAa9F837A5eB963036243178E81B26CEeb0,210,4.0,32.0
express,340,0xF70f8AAa9F837A5eB963036243178E81B26CEeb0,211,4.0,32.0
express,341,0xF70f8AAa9F837A5eB963036243178E81B26CEeb0,212,4.0,32.0
express,342,0xF70f8AAa9F837A5eB963036243178E81B26CEeb0,213,4.0,32.0
express,343,0xF70f8AAa9F837A5eB963036243178E81B26CEeb0,214,4.0,32.0
express,344,0xF70f8AAa9F837A5eB963036243178E81B26CEeb0,215,4.0,32.0
express,345,0xF70f8AAa9F837A5eB963036243178E81B26CEeb0,216,4.0,32.0
express,346,0xF70f8AAa9F837A5eB963036243178E81B26CEeb0,217,4.0,32.0
express,347,0xF70f8AAa9F837A5eB963036243178E81B26CEeb0,218,4.0,32.0
express,348,0xF70f8AAa9F837A5eB963036243178E81B26CEeb0,219,4.0,32.0
express,349,0xF70f8AAa9F837A5eB963036243178E81B26CEeb0,220,4.0,32.0
express,350,0xF70f8AAa9F837A5eB963036243178E81B26CEeb0,221,4.0,32.0
express,351,0xF70f8AAa9F837A5eB963036243178E81B26CEeb0,222,4.0,32.0
express,352,0xF70f8AAa9F837A5eB963036243178E81B26CEeb0,225,4.0,32.0
express,353,0xF70f8AAa9F837A5eB963036243178E81B26CEeb0,226,4.0,32.0
express,354,0xF70f8AAa9F837A5eB963036243178E81B26CEeb0,227,4.0,32.0
express,355,0xF70f8AAa9F837A5eB963036243178E81B26CEeb0,228,4.0,32.0
express,356,0xF70f8AAa9F837A5eB963036243178E81B26CEeb0,229,4.0,32.0
express,357,0xF70f8AAa9F837A5eB963036243178E81B26CEeb0,230,4.0,32.0
express,358,0xF70f8AAa9F837A5eB963036243178E81B26CEeb0,231,4.0,32.0
express,359,0xF70f8AAa9F837A5eB963036243178E81B26CEeb0,232,4.0,32.0
express,360,0xF70f8AAa9F837A5eB963036243178E81B26CEeb0,233,4.0,32.0
express,361,0xF70f8AAa9F837A5eB963036243178E81B26CEeb0,234,4.0,32.0
express,362,0xF70f8AAa9F837A5eB963036243178E81B26CEeb0,235,4.0,32.0
express,363,0xF70f8AAa9F837A5eB963036243178E81B26CEeb0,236,4.0,32.0
express,364,0xF70f8AAa9F837A5eB963036243178E81B26CEeb0,237,4.0,32.0
express,365,0xF70f8AAa9F837A5eB963036243178E81B26CEeb0,238,4.0,32.0
express,366,0xF70f8AAa9F837A5eB963036243178E81B26CEeb0,239,4.0,32.0
express,367,0xF70f8AAa9F837A5eB963036243178E81B26CEeb0,240,4.0,32.0
express,368,0xF70f8AAa9F837A5eB963036243178E81B26CEeb0,241,4.0,32.0
express,369,0xF70f8AAa9F837A5eB963036243178E81B26CEeb0,242,4.0,32.0
express,370,0xF70f8AAa9F837A5eB963036243178E81B26CEeb0,243,4.0,32.0
express,371,0xF70f8AAa9F837A5eB963036243178E81B26CEeb0,244,4.0,32.0
express,372,0xF70f8AAa9F837A5eB963036243178E81B26CEeb0,245,4.0,32.0
express,373,0xe53aaf695Bc50007a60FCD997181222636b6DC6f,1,4.0,32.0
express,374,0xe53aaf695Bc50007a60FCD997181222636b6DC6f,2,4.0,32.0
express,375,0x4a1D58B784bf1808472F108DBEF2ab41c97C02b7,0,4.0,32.0
express,376,0x4a1D58B784bf1808472F108DBEF2ab41c97C02b7,1,4.0,32.0
express,377,0x4a1D58B784bf1808472F108DBEF2ab41c97C02b7,2,4.0,32.0
express,378,0x4a1D58B784bf1808472F108DBEF2ab41c97C02b7,3,4.0,32.0
express,379,0x4a1D58B784bf1808472F108DBEF2ab41c97C02b7,4,4.0,32.0
express,380,0x4a1D58B784bf1808472F108DBEF2ab41c97C02b7,5,4.0,32.0
express,381,0x4a1D58B784bf1808472F108DBEF2ab41c97C02b7,6,4.0,32.0
express,382,0x4a1D58B784bf1808472F108DBEF2ab41c97C02b7,7,4.0,32.0
express,383,0x4a1D58B784bf1808472F108DBEF2ab41c97C02b7,8,4.0,32.0
express,384,0x4a1D58B784bf1808472F108DBEF2ab41c97C02b7,9,4.0,32.0
express,385,0xA43294e8Cf620F525Afe3e5E08720763ddCe524D,0,4.0,32.0
express,386,0xb18208080441E2C2E1FC7744B975480e75519d99,18,4.0,32.0
express,387,0xb18208080441E2C2E1FC7744B975480e75519d99,19,4.0,32.0
express,388,0xF70f8AAa9F837A5eB963036243178E81B26CEeb0,248,4.0,32.0
express,389,0xF70f8AAa9F837A5eB963036243178E81B26CEeb0,249,4.0,32.0
express,390,0xF70f8AAa9F837A5eB963036243178E81B26CEeb0,250,4.0,32.0
express,391,0xF70f8AAa9F837A5eB963036243178E81B26CEeb0,251,4.0,32.0
express,392,0xF70f8AAa9F837A5eB963036243178E81B26CEeb0,252,4.0,32.0
express,393,0xF70f8AAa9F837A5eB963036243178E81B26CEeb0,253,4.0,32.0
express,394,0xF70f8AAa9F837A5eB963036243178E81B26CEeb0,254,4.0,32.0
express,395,0xF70f8AAa9F837A5eB963036243178E81B26CEeb0,256,4.0,32.0
express,396,0xF70f8AAa9F837A5eB963036243178E81B26CEeb0,257,4.0,32.0
express,397,0xF70f8AAa9F837A5eB963036243178E81B26CEeb0,258,4.0,32.0
express,398,0xF70f8AAa9F837A5eB963036243178E81B26CEeb0,259,4.0,32.0
express,399,0xF70f8AAa9F837A5eB963036243178E81B26CEeb0,260,4.0,32.0
express,400,0xF70f8AAa9F837A5eB963036243178E81B26CEeb0,261,4.0,32.0
express,401,0xF70f8AAa9F837A5eB963036243178E81B26CEeb0,262,4.0,32.0
express,402,0xF70f8AAa9F837A5eB963036243178E81B26CEeb0,263,4.0,32.0
express,403,0xF70f8AAa9F837A5eB963036243178E81B26CEeb0,264,4.0,32.0
express,404,0xF70f8AAa9F837A5eB963036243178E81B26CEeb0,265,4.0,32.0
express,405,0xF70f8AAa9F837A5eB963036243178E81B26CEeb0,266,4.0,32.0
express,406,0xF70f8AAa9F837A5eB963036243178E81B26CEeb0,267,4.0,32.0
express,407,0xF70f8AAa9F837A5eB963036243178E81B26CEeb0,268,4.0,32.0
express,408,0xF70f8AAa9F837A5eB963036243178E81B26CEeb0,269,4.0,32.0
express,409,0xF70f8AAa9F837A5eB963036243178E81B26CEeb0,270,4.0,32.0
express,410,0xF70f8AAa9F837A5eB963036243178E81B26CEeb0,271,4.0,32.0
express,411,0xF70f8AAa9F837A5eB963036243178E81B26CEeb0,272,4.0,32.0
express,412,0xF70f8AAa9F837A5eB963036243178E81B26CEeb0,273,4.0,32.0
express,413,0xF70f8AAa9F837A5eB963036243178E81B26CEeb0,274,4.0,32.0
express,414,0xF70f8AAa9F837A5eB963036243178E81B26CEeb0,275,4.0,32.0
express,415,0xF70f8AAa9F837A5eB963036243178E81B26CEeb0,276,4.0,32.0
express,416,0xF70f8AAa9F837A5eB963036243178E81B26CEeb0,277,4.0,32.0
express,417,0xF70f8AAa9F837A5eB963036243178E81B26CEeb0,278,4.0,32.0
express,418,0xF70f8AAa9F837A5eB963036243178E81B26CEeb0,279,4.0,32.0
express,419,0xF70f8AAa9F837A5eB963036243178E81B26CEeb0,280,4.0,32.0
express,420,0xF70f8AAa9F837A5eB963036243178E81B26CEeb0,281,4.0,32.0
express,421,0xF70f8AAa9F837A5eB963036243178E81B26CEeb0,282,4.0,32.0
express,422,0xF70f8AAa9F837A5eB963036243178E81B26CEeb0,283,4.0,32.0
express,423,0xF70f8AAa9F837A5eB963036243178E81B26CEeb0,284,4.0,32.0
express,424,0xF70f8AAa9F837A5eB963036243178E81B26CEeb0,285,4.0,32.0
express,425,0xF70f8AAa9F837A5eB963036243178E81B26CEeb0,286,4.0,32.0
express,426,0xF70f8AAa9F837A5eB963036243178E81B26CEeb0,287,4.0,32.0
express,427,0xF70f8AAa9F837A5eB963036243178E81B26CEeb0,288,4.0,32.0
express,428,0xF70f8AAa9F837A5eB963036243178E81B26CEeb0,289,4.0,32.0
express,429,0xF70f8AAa9F837A5eB963036243178E81B26CEeb0,290,4.0,32.0
express,430,0xF70f8AAa9F837A5eB963036243178E81B26CEeb0,291,4.0,32.0
express,431,0xF70f8AAa9F837A5eB963036243178E81B26CEeb0,292,4.0,32.0
express,432,0xF70f8AAa9F837A5eB963036243178E81B26CEeb0,293,4.0,32.0
express,433,0xF70f8AAa9F837A5eB963036243178E81B26CEeb0,294,4.0,32.0
express,434,0xF70f8AAa9F837A5eB963036243178E81B26CEeb0,295,4.0,32.0
express,435,0xF70f8AAa9F837A5eB963036243178E81B26CEeb0,296,4.0,32.0
express,436,0xF70f8AAa9F837A5eB963036243178E81B26CEeb0,297,4.0,32.0
express,437,0xF70f8AAa9F837A5eB963036243178E81B26CEeb0,298,4.0,32.0
express,438,0xF70f8AAa9F837A5eB963036243178E81B26CEeb0,299,4.0,32.0
express,439,0x927771A34DcfbFAa0db53683F78fEA5537Afe9b4,3,4.0,32.0
express,440,0x927771A34DcfbFAa0db53683F78fEA5537Afe9b4,4,4.0,32.0
express,441,0x927771A34DcfbFAa0db53683F78fEA5537Afe9b4,5,4.0,32.0
express,442,0x927771A34DcfbFAa0db53683F78fEA5537Afe9b4,6,4.0,32.0
express,443,0x927771A34DcfbFAa0db53683F78fEA5537Afe9b4,7,4.0,32.0
express,444,0x927771A34DcfbFAa0db53683F78fEA5537Afe9b4,8,4.0,32.0
express,445,0x927771A34DcfbFAa0db53683F78fEA5537Afe9b4,9,4.0,32.0
express,446,0x927771A34DcfbFAa0db53683F78fEA5537Afe9b4,10,4.0,32.0
express,447,0x927771A34DcfbFAa0db53683F78fEA5537Afe9b4,11,4.0,32.0
express,448,0x927771A34DcfbFAa0db53683F78fEA5537Afe9b4,12,4.0,32.0
express,449,0x997D32ac7FEfdB784C7c7cD6944f68fEC2495b5b,1,4.0,32.0
express,450,0x927771A34DcfbFAa0db53683F78fEA5537Afe9b4,13,4.0,32.0
express,451,0x927771A34DcfbFAa0db53683F78fEA5537Afe9b4,14,4.0,32.0
express,452,0x927771A34DcfbFAa0db53683F78fEA5537Afe9b4,15,4.0,32.0
express,453,0x927771A34DcfbFAa0db53683F78fEA5537Afe9b4,16,4.0,32.0
express,454,0x927771A34DcfbFAa0db53683F78fEA5537Afe9b4,17,4.0,32.0
express,455,0x927771A34DcfbFAa0db53683F78fEA5537Afe9b4,18,4.0,32.0
express,456,0x2aB7c535b1875a4212Eb41e45a905d5F72495B73,1,4.0,32.0
express,457,0xe0F9f7AEb2F1f0C827035044906fe1C357E396Ea,0,4.0,32.0
express,458,0xe0F9f7AEb2F1f0C827035044906fe1C357E396Ea,1,4.0,32.0
express,459,0xe0F9f7AEb2F1f0C827035044906fe1C357E396Ea,2,4.0,32.0
express,460,0xe0F9f7AEb2F1f0C827035044906fe1C357E396Ea,3,4.0,32.0
express,461,0xe0F9f7AEb2F1f0C827035044906fe1C357E396Ea,4,4.0,32.0
express,462,0xe0F9f7AEb2F1f0C827035044906fe1C357E396Ea,5,4.0,32.0
express,463,0xe0F9f7AEb2F1f0C827035044906fe1C357E396Ea,6,4.0,32.0
express,464,0xe0F9f7AEb2F1f0C827035044906fe1C357E396Ea,7,4.0,32.0
express,465,0xe0F9f7AEb2F1f0C827035044906fe1C357E396Ea,8,4.0,32.0
express,466,0xe0F9f7AEb2F1f0C827035044906fe1C357E396Ea,9,4.0,32.0
express,467,0xe0F9f7AEb2F1f0C827035044906fe1C357E396Ea,10,4.0,32.0
express,468,0xe0F9f7AEb2F1f0C827035044906fe1C357E396Ea,11,4.0,32.0
express,469,0xe0F9f7AEb2F1f0C827035044906fe1C357E396Ea,12,4.0,32.0
express,470,0xe0F9f7AEb2F1f0C827035044906fe1C357E396Ea,13,4.0,32.0
express,471,0xe0F9f7AEb2F1f0C827035044906fe1C357E396Ea,14,4.0,32.0
express,472,0xe0F9f7AEb2F1f0C827035044906fe1C357E396Ea,15,4.0,32.0
express,473,0xe0F9f7AEb2F1f0C827035044906fe1C357E396Ea,16,4.0,32.0
express,474,0xe0F9f7AEb2F1f0C827035044906fe1C357E396Ea,17,4.0,32.0
express,475,0xe0F9f7AEb2F1f0C827035044906fe1C357E396Ea,18,4.0,32.0
express,476,0xe0F9f7AEb2F1f0C827035044906fe1C357E396Ea,19,4.0,32.0
express,477,0xe0F9f7AEb2F1f0C827035044906fe1C357E396Ea,20,4.0,32.0
express,478,0xe0F9f7AEb2F1f0C827035044906fe1C357E396Ea,21,4.0,32.0
express,479,0xe0F9f7AEb2F1f0C827035044906fe1C357E396Ea,22,4.0,32.0
express,480,0xe0F9f7AEb2F1f0C827035044906fe1C357E396Ea,23,4.0,32.0
express,481,0xe0F9f7AEb2F1f0C827035044906fe1C357E396Ea,24,4.0,32.0
express,482,0xe0F9f7AEb2F1f0C827035044906fe1C357E396Ea,25,4.0,32.0
express,483,0xe0F9f7AEb2F1f0C827035044906fe1C357E396Ea,26,4.0,32.0
express,484,0xe0F9f7AEb2F1f0C827035044906fe1C357E396Ea,27,4.0,32.0
express,485,0x46e6Ee4217f750e2BAb65C8912f1f3c06f648bF1,12,4.0,32.0
express,486,0x46e6Ee4217f750e2BAb65C8912f1f3c06f648bF1,13,4.0,32.0
express,487,0x14fCd50de18EDB499727D43e7bBac22c12CC67D0,0,4.0,32.0
express,488,0x3eeDc0Eb271804Ec68DF9bcCfD565AA31dF2A9c9,0,4.0,32.0
express,489,0x04FC77C4EE3Ba206935907845228681542FfC04F,2,4.0,32.0
express,490,0x155cc72801817589c388beD27Ab3678B42a744E0,5,4.0,32.0
express,491,0xa06D6c19E662A1f3608e259753Cd040395F18406,2,4.0,32.0
express,492,0xa06D6c19E662A1f3608e259753Cd040395F18406,3,4.0,32.0
express,493,0xECf80D01EbCDb8C6f275f9D20548aA9A7A15b0C0,12,4.0,32.0
express,494,0xECf80D01EbCDb8C6f275f9D20548aA9A7A15b0C0,13,4.0,32.0
express,495,0xECf80D01EbCDb8C6f275f9D20548aA9A7A15b0C0,14,4.0,32.0
express,496,0xECf80D01EbCDb8C6f275f9D20548aA9A7A15b0C0,15,4.0,32.0
express,497,0xECf80D01EbCDb8C6f275f9D20548aA9A7A15b0C0,16,4.0,32.0
express,498,0xECf80D01EbCDb8C6f275f9D20548aA9A7A15b0C0,17,4.0,32.0
express,499,0xd2b3dd90a12AA8Dfaddd39881837803807db1093,0,4.0,32.0
express,500,0xd2b3dd90a12AA8Dfaddd39881837803807db1093,1,4.0,32.0
express,501,0x3993A11D14B39a816E122E04575D867eb5fa2F14,57,4.0,32.0
express,502,0x3993A11D14B39a816E122E04575D867eb5fa2F14,58,4.0,32.0
express,503,0x3993A11D14B39a816E122E04575D867eb5fa2F14,59,4.0,32.0
express,504,0x3993A11D14B39a816E122E04575D867eb5fa2F14,60,4.0,32.0
express,505,0x3993A11D14B39a816E122E04575D867eb5fa2F14,61,4.0,32.0
express,506,0x3993A11D14B39a816E122E04575D867eb5fa2F14,62,4.0,32.0
express,507,0x3993A11D14B39a816E122E04575D867eb5fa2F14,63,4.0,32.0
express,508,0xcD5C31b69853d8FC5F347f1D29AC58B533937165,0,4.0,32.0
express,509,0xcD5C31b69853d8FC5F347f1D29AC58B533937165,1,4.0,32.0
express,510,0xcD5C31b69853d8FC5F347f1D29AC58B533937165,2,4.0,32.0
express,511,0xcD5C31b69853d8FC5F347f1D29AC58B533937165,3,4.0,32.0
express,512,0xcD5C31b69853d8FC5F347f1D29AC58B533937165,4,4.0,32.0
express,513,0xcD5C31b69853d8FC5F347f1D29AC58B533937165,5,4.0,32.0
express,514,0x46e6Ee4217f750e2BAb65C8912f1f3c06f648bF1,14,4.0,32.0
express,515,0x46e6Ee4217f750e2BAb65C8912f1f3c06f648bF1,15,4.0,32.0
express,516,0xd8D949DE8475cD23924FCC66D4c0AF499F7CEbA2,0,4.0,32.0
express,517,0xd8D949DE8475cD23924FCC66D4c0AF499F7CEbA2,1,4.0,32.0
express,518,0xc451aA44d336C30d75A778b968467445A6bfb59a,0,4.0,32.0
express,519,0xc451aA44d336C30d75A778b968467445A6bfb59a,1,4.0,32.0
express,520,0xc451aA44d336C30d75A778b968467445A6bfb59a,2,4.0,32.0
express,521,0xc451aA44d336C30d75A778b968467445A6bfb59a,3,4.0,32.0
express,522,0xC4c55C44bb2E1A48F07E0dd42917447A7591d6fF,0,4.0,32.0
express,523,0x61F76BC6F04D19BEaeC73BcdbDA4B1edE8d8cd29,2,4.0,32.0
express,524,0x61F76BC6F04D19BEaeC73BcdbDA4B1edE8d8cd29,3,4.0,32.0
express,525,0x61F76BC6F04D19BEaeC73BcdbDA4B1edE8d8cd29,4,4.0,32.0
express,526,0x61F76BC6F04D19BEaeC73BcdbDA4B1edE8d8cd29,5,4.0,32.0
express,527,0x61F76BC6F04D19BEaeC73BcdbDA4B1edE8d8cd29,6,4.0,32.0
express,528,0x61F76BC6F04D19BEaeC73BcdbDA4B1edE8d8cd29,7,4.0,32.0
express,529,0x61F76BC6F04D19BEaeC73BcdbDA4B1edE8d8cd29,8,4.0,32.0
express,530,0x61F76BC6F04D19BEaeC73BcdbDA4B1edE8d8cd29,9,4.0,32.0
express,531,0x61F76BC6F04D19BEaeC73BcdbDA4B1edE8d8cd29,10,4.0,32.0
express,532,0x61F76BC6F04D19BEaeC73BcdbDA4B1edE8d8cd29,11,4.0,32.0
express,533,0x61F76BC6F04D19BEaeC73BcdbDA4B1edE8d8cd29,12,4.0,32.0
express,534,0x61F76BC6F04D19BEaeC73BcdbDA4B1edE8d8cd29,13,4.0,32.0
express,535,0x61F76BC6F04D19BEaeC73BcdbDA4B1edE8d8cd29,14,4.0,32.0
express,536,0x61F76BC6F04D19BEaeC73BcdbDA4B1edE8d8cd29,15,4.0,32.0
express,537,0x61F76BC6F04D19BEaeC73BcdbDA4B1edE8d8cd29,16,4.0,32.0
express,538,0x61F76BC6F04D19BEaeC73BcdbDA4B1edE8d8cd29,17,4.0,32.0
express,539,0x61F76BC6F04D19BEaeC73BcdbDA4B1edE8d8cd29,18,4.0,32.0
express,540,0x61F76BC6F04D19BEaeC73BcdbDA4B1edE8d8cd29,19,4.0,32.0
express,541,0x61F76BC6F04D19BEaeC73BcdbDA4B1edE8d8cd29,20,4.0,32.0
express,542,0x61F76BC6F04D19BEaeC73BcdbDA4B1edE8d8cd29,21,4.0,32.0
express,543,0x61F76BC6F04D19BEaeC73BcdbDA4B1edE8d8cd29,22,4.0,32.0
express,544,0x61F76BC6F04D19BEaeC73BcdbDA4B1edE8d8cd29,23,4.0,32.0
express,545,0x61F76BC6F04D19BEaeC73BcdbDA4B1edE8d8cd29,24,4.0,32.0
express,546,0x61F76BC6F04D19BEaeC73BcdbDA4B1edE8d8cd29,25,4.0,32.0
express,547,0x61F76BC6F04D19BEaeC73BcdbDA4B1edE8d8cd29,26,4.0,32.0
express,548,0x61F76BC6F04D19BEaeC73BcdbDA4B1edE8d8cd29,27,4.0,32.0
express,549,0x80A6Fc45dd12EeBEd3E68F86be42A40fAEcFe050,74,4.0,32.0
express,550,0x80A6Fc45dd12EeBEd3E68F86be42A40fAEcFe050,75,4.0,32.0
express,551,0x80A6Fc45dd12EeBEd3E68F86be42A40fAEcFe050,76,4.0,32.0
express,552,0x80A6Fc45dd12EeBEd3E68F86be42A40fAEcFe050,77,4.0,32.0
express,553,0x80A6Fc45dd12EeBEd3E68F86be42A40fAEcFe050,78,4.0,32.0
express,554,0x80A6Fc45dd12EeBEd3E68F86be42A40fAEcFe050,79,4.0,32.0
express,555,0x80A6Fc45dd12EeBEd3E68F86be42A40fAEcFe050,80,4.0,32.0
express,556,0x80A6Fc45dd12EeBEd3E68F86be42A40fAEcFe050,81,4.0,32.0
express,557,0x80A6Fc45dd12EeBEd3E68F86be42A40fAEcFe050,82,4.0,32.0
express,558,0x80A6Fc45dd12EeBEd3E68F86be42A40fAEcFe050,83,4.0,32.0
express,559,0x80A6Fc45dd12EeBEd3E68F86be42A40fAEcFe050,84,4.0,32.0
express,560,0x80A6Fc45dd12EeBEd3E68F86be42A40fAEcFe050,85,4.0,32.0
express,561,0x80A6Fc45dd12EeBEd3E68F86be42A40fAEcFe050,86,4.0,32.0
express,562,0x80A6Fc45dd12EeBEd3E68F86be42A40fAEcFe050,87,4.0,32.0
express,563,0x80A6Fc45dd12EeBEd3E68F86be42A40fAEcFe050,88,4.0,32.0
express,564,0x80A6Fc45dd12EeBEd3E68F86be42A40fAEcFe050,89,4.0,32.0
express,565,0x80A6Fc45dd12EeBEd3E68F86be42A40fAEcFe050,90,4.0,32.0
express,566,0x80A6Fc45dd12EeBEd3E68F86be42A40fAEcFe050,91,4.0,32.0
express,567,0x80A6Fc45dd12EeBEd3E68F86be42A40fAEcFe050,92,4.0,32.0
express,568,0x80A6Fc45dd12EeBEd3E68F86be42A40fAEcFe050,93,4.0,32.0
express,569,0x80A6Fc45dd12EeBEd3E68F86be42A40fAEcFe050,94,4.0,32.0
express,570,0x80A6Fc45dd12EeBEd3E68F86be42A40fAEcFe050,95,4.0,32.0
express,571,0x80A6Fc45dd12EeBEd3E68F86be42A40fAEcFe050,96,4.0,32.0
express,572,0x80A6Fc45dd12EeBEd3E68F86be42A40fAEcFe050,97,4.0,32.0
express,573,0x80A6Fc45dd12EeBEd3E68F86be42A40fAEcFe050,98,4.0,32.0
express,574,0x80A6Fc45dd12EeBEd3E68F86be42A40fAEcFe050,99,4.0,32.0
express,575,0x80A6Fc45dd12EeBEd3E68F86be42A40fAEcFe050,100,4.0,32.0
express,576,0x80A6Fc45dd12EeBEd3E68F86be42A40fAEcFe050,101,4.0,32.0
express,577,0x80A6Fc45dd12EeBEd3E68F86be42A40fAEcFe050,102,4.0,32.0
express,578,0x80A6Fc45dd12EeBEd3E68F86be42A40fAEcFe050,103,4.0,32.0
express,579,0x80A6Fc45dd12EeBEd3E68F86be42A40fAEcFe050,104,4.0,32.0
express,580,0x80A6Fc45dd12EeBEd3E68F86be42A40fAEcFe050,105,4.0,32.0
express,581,0x3eeDc0Eb271804Ec68DF9bcCfD565AA31dF2A9c9,1,4.0,32.0
express,582,0x3eeDc0Eb271804Ec68DF9bcCfD565AA31dF2A9c9,2,4.0,32.0
express,583,0x3eeDc0Eb271804Ec68DF9bcCfD565AA31dF2A9c9,3,4.0,32.0
express,584,0x3eeDc0Eb271804Ec68DF9bcCfD565AA31dF2A9c9,4,4.0,32.0
express,585,0x3eeDc0Eb271804Ec68DF9bcCfD565AA31dF2A9c9,5,4.0,32.0
express,586,0x3eeDc0Eb271804Ec68DF9bcCfD565AA31dF2A9c9,6,4.0,32.0
express,587,0x3eeDc0Eb271804Ec68DF9bcCfD565AA31dF2A9c9,7,4.0,32.0
express,588,0x3eeDc0Eb271804Ec68DF9bcCfD565AA31dF2A9c9,8,4.0,32.0
express,589,0x3eeDc0Eb271804Ec68DF9bcCfD565AA31dF2A9c9,9,4.0,32.0
express,590,0x3eeDc0Eb271804Ec68DF9bcCfD565AA31dF2A9c9,10,4.0,32.0
express,591,0x3eeDc0Eb271804Ec68DF9bcCfD565AA31dF2A9c9,11,4.0,32.0
express,592,0x3eeDc0Eb271804Ec68DF9bcCfD565AA31dF2A9c9,12,4.0,32.0
express,593,0x3eeDc0Eb271804Ec68DF9bcCfD565AA31dF2A9c9,13,4.0,32.0
express,594,0x3eeDc0Eb271804Ec68DF9bcCfD565AA31dF2A9c9,14,4.0,32.0
express,595,0x3eeDc0Eb271804Ec68DF9bcCfD565AA31dF2A9c9,15,4.0,32.0
express,596,0x3eeDc0Eb271804Ec68DF9bcCfD565AA31dF2A9c9,16,4.0,32.0
express,597,0x3eeDc0Eb271804Ec68DF9bcCfD565AA31dF2A9c9,17,4.0,32.0
express,598,0x3eeDc0Eb271804Ec68DF9bcCfD565AA31dF2A9c9,18,4.0,32.0
express,599,0x3eeDc0Eb271804Ec68DF9bcCfD565AA31dF2A9c9,19,4.0,32.0
express,600,0x3eeDc0Eb271804Ec68DF9bcCfD565AA31dF2A9c9,20,4.0,32.0
express,601,0x3eeDc0Eb271804Ec68DF9bcCfD565AA31dF2A9c9,21,4.0,32.0
express,602,0x3eeDc0Eb271804Ec68DF9bcCfD565AA31dF2A9c9,22,4.0,32.0
express,603,0x3eeDc0Eb271804Ec68DF9bcCfD565AA31dF2A9c9,23,4.0,32.0
express,604,0x3eeDc0Eb271804Ec68DF9bcCfD565AA31dF2A9c9,24,4.0,32.0
express,605,0x3eeDc0Eb271804Ec68DF9bcCfD565AA31dF2A9c9,25,4.0,32.0
express,606,0x3eeDc0Eb271804Ec68DF9bcCfD565AA31dF2A9c9,26,4.0,32.0
express,607,0x3eeDc0Eb271804Ec68DF9bcCfD565AA31dF2A9c9,27,4.0,32.0
express,608,0x3eeDc0Eb271804Ec68DF9bcCfD565AA31dF2A9c9,28,4.0,32.0
express,609,0x3eeDc0Eb271804Ec68DF9bcCfD565AA31dF2A9c9,29,4.0,32.0
express,610,0x3eeDc0Eb271804Ec68DF9bcCfD565AA31dF2A9c9,30,4.0,32.0
express,611,0x3eeDc0Eb271804Ec68DF9bcCfD565AA31dF2A9c9,31,4.0,32.0
express,612,0x3eeDc0Eb271804Ec68DF9bcCfD565AA31dF2A9c9,32,4.0,32.0
express,613,0x3eeDc0Eb271804Ec68DF9bcCfD565AA31dF2A9c9,33,4.0,32.0
express,614,0xAe5c9B4e6B511e49ceb2f822916eae74EF27FAF9,0,4.0,32.0
express,615,0xAe5c9B4e6B511e49ceb2f822916eae74EF27FAF9,1,4.0,32.0
express,616,0xAe5c9B4e6B511e49ceb2f822916eae74EF27FAF9,2,4.0,32.0
express,617,0xAe5c9B4e6B511e49ceb2f822916eae74EF27FAF9,3,4.0,32.0
express,618,0x4Fb8244BFC58ECc251DeC763A556EA9F0FE59514,0,4.0,32.0
express,619,0x4Fb8244BFC58ECc251DeC763A556EA9F0FE59514,1,4.0,32.0
express,620,0x155cc72801817589c388beD27Ab3678B42a744E0,6,4.0,32.0
express,621,0x155cc72801817589c388beD27Ab3678B42a744E0,7,4.0,32.0
express,622,0x340a8E4893cFEe38F6d49C22a283C7CA49431eCB,0,4.0,32.0
express,623,0x340a8E4893cFEe38F6d49C22a283C7CA49431eCB,1,4.0,32.0
express,624,0x340a8E4893cFEe38F6d49C22a283C7CA49431eCB,2,4.0,32.0
express,625,0x340a8E4893cFEe38F6d49C22a283C7CA49431eCB,3,4.0,32.0
express,626,0x340a8E4893cFEe38F6d49C22a283C7CA49431eCB,4,4.0,32.0
express,627,0x340a8E4893cFEe38F6d49C22a283C7CA49431eCB,5,4.0,32.0
express,628,0x340a8E4893cFEe38F6d49C22a283C7CA49431eCB,6,4.0,32.0
express,629,0x340a8E4893cFEe38F6d49C22a283C7CA49431eCB,7,4.0,32.0
express,630,0x340a8E4893cFEe38F6d49C22a283C7CA49431eCB,8,4.0,32.0
express,631,0x340a8E4893cFEe38F6d49C22a283C7CA49431eCB,9,4.0,32.0
express,632,0x85AAE9B1B4016E46c1e23761f14d2Fb768a868bA,2,4.0,32.0
express,633,0x85AAE9B1B4016E46c1e23761f14d2Fb768a868bA,3,4.0,32.0
express,634,0x85AAE9B1B4016E46c1e23761f14d2Fb768a868bA,4,4.0,32.0
express,635,0x85AAE9B1B4016E46c1e23761f14d2Fb768a868bA,5,4.0,32.0
express,636,0x7479E9a3D36Bd74f8cE89F284a50DEafD090663D,0,4.0,32.0
express,637,0x7479E9a3D36Bd74f8cE89F284a50DEafD090663D,1,4.0,32.0
express,638,0x856b5e6B28B85ec8c3e2Ef4e49c1Ca54ad50E3Fc,1,4.0,32.0
express,639,0x856b5e6B28B85ec8c3e2Ef4e49c1Ca54ad50E3Fc,2,4.0,32.0
express,640,0x856b5e6B28B85ec8c3e2Ef4e49c1Ca54ad50E3Fc,3,4.0,32.0
express,641,0x856b5e6B28B85ec8c3e2Ef4e49c1Ca54ad50E3Fc,4,4.0,32.0
express,642,0x856b5e6B28B85ec8c3e2Ef4e49c1Ca54ad50E3Fc,5,4.0,32.0
express,643,0x5F19d09553B513c383e8e6bd3Ab9C67F912B0bf3,0,4.0,32.0
express,644,0x5F19d09553B513c383e8e6bd3Ab9C67F912B0bf3,1,4.0,32.0
express,645,0x5F19d09553B513c383e8e6bd3Ab9C67F912B0bf3,2,4.0,32.0
express,646,0x5F19d09553B513c383e8e6bd3Ab9C67F912B0bf3,3,4.0,32.0
express,647,0x5F19d09553B513c383e8e6bd3Ab9C67F912B0bf3,4,4.0,32.0
express,648,0x5F19d09553B513c383e8e6bd3Ab9C67F912B0bf3,5,4.0,32.0
express,649,0x5F19d09553B513c383e8e6bd3Ab9C67F912B0bf3,6,4.0,32.0
express,650,0x5F19d09553B513c383e8e6bd3Ab9C67F912B0bf3,7,4.0,32.0
express,651,0x5F19d09553B513c383e8e6bd3Ab9C67F912B0bf3,8,4.0,32.0
express,652,0x5F19d09553B513c383e8e6bd3Ab9C67F912B0bf3,9,4.0,32.0
express,653,0x5F19d09553B513c383e8e6bd3Ab9C67F912B0bf3,10,4.0,32.0
express,654,0x5F19d09553B513c383e8e6bd3Ab9C67F912B0bf3,11,4.0,32.0
express,655,0x5F19d09553B513c383e8e6bd3Ab9C67F912B0bf3,12,4.0,32.0
express,656,0x5F19d09553B513c383e8e6bd3Ab9C67F912B0bf3,13,4.0,32.0
express,657,0x5F19d09553B513c383e8e6bd3Ab9C67F912B0bf3,14,4.0,32.0
express,658,0x5F19d09553B513c383e8e6bd3Ab9C67F912B0bf3,15,4.0,32.0
express,659,0x5F19d09553B513c383e8e6bd3Ab9C67F912B0bf3,16,4.0,32.0
express,660,0x5F19d09553B513c383e8e6bd3Ab9C67F912B0bf3,17,4.0,32.0
express,661,0x5F19d09553B513c383e8e6bd3Ab9C67F912B0bf3,18,4.0,32.0
express,662,0x5F19d09553B513c383e8e6bd3Ab9C67F912B0bf3,19,4.0,32.0
express,663,0x5F19d09553B513c383e8e6bd3Ab9C67F912B0bf3,20,4.0,32.0
express,664,0x5F19d09553B513c383e8e6bd3Ab9C67F912B0bf3,21,4.0,32.0
express,665,0x5F19d09553B513c383e8e6bd3Ab9C67F912B0bf3,22,4.0,32.0
express,666,0x5F19d09553B513c383e8e6bd3Ab9C67F912B0bf3,23,4.0,32.0
express,667,0x5F19d09553B513c383e8e6bd3Ab9C67F912B0bf3,24,4.0,32.0
express,668,0x5F19d09553B513c383e8e6bd3Ab9C67F912B0bf3,25,4.0,32.0
express,669,0x5F19d09553B513c383e8e6bd3Ab9C67F912B0bf3,26,4.0,32.0
express,670,0x5F19d09553B513c383e8e6bd3Ab9C67F912B0bf3,27,4.0,32.0
express,671,0x5F19d09553B513c383e8e6bd3Ab9C67F912B0bf3,28,4.0,32.0
express,672,0x5F19d09553B513c383e8e6bd3Ab9C67F912B0bf3,29,4.0,32.0
express,673,0x5F19d09553B513c383e8e6bd3Ab9C67F912B0bf3,30,4.0,32.0
express,674,0x5F19d09553B513c383e8e6bd3Ab9C67F912B0bf3,31,4.0,32.0
express,675,0x5F19d09553B513c383e8e6bd3Ab9C67F912B0bf3,32,4.0,32.0
express,676,0x5F19d09553B513c383e8e6bd3Ab9C67F912B0bf3,33,4.0,32.0
express,677,0x5F19d09553B513c383e8e6bd3Ab9C67F912B0bf3,34,4.0,32.0
express,678,0x5F19d09553B513c383e8e6bd3Ab9C67F912B0bf3,35,4.0,32.0
express,679,0x5F19d09553B513c383e8e6bd3Ab9C67F912B0bf3,36,4.0,32.0
express,680,0x5F19d09553B513c383e8e6bd3Ab9C67F912B0bf3,37,4.0,32.0
express,681,0x5F19d09553B513c383e8e6bd3Ab9C67F912B0bf3,38,4.0,32.0
express,682,0x5F19d09553B513c383e8e6bd3Ab9C67F912B0bf3,39,4.0,32.0
express,683,0xF7eaC112aa279dB5a2c2f77587b587d1D3954992,0,4.0,32.0
express,684,0xF7eaC112aa279dB5a2c2f77587b587d1D3954992,1,4.0,32.0
express,685,0xF7eaC112aa279dB5a2c2f77587b587d1D3954992,2,4.0,32.0
express,686,0xF7eaC112aa279dB5a2c2f77587b587d1D3954992,3,4.0,32.0
express,687,0xF7eaC112aa279dB5a2c2f77587b587d1D3954992,4,4.0,32.0
express,688,0xF7eaC112aa279dB5a2c2f77587b587d1D3954992,5,4.0,32.0
express,689,0xb18208080441E2C2E1FC7744B975480e75519d99,20,4.0,32.0
express,690,0xb18208080441E2C2E1FC7744B975480e75519d99,21,4.0,32.0
express,691,0x16E3a75Ff094a6D084E873265a2Dd3D3B5321225,0,4.0,32.0
express,692,0x16E3a75Ff094a6D084E873265a2Dd3D3B5321225,1,4.0,32.0
express,693,0x16E3a75Ff094a6D084E873265a2Dd3D3B5321225,2,4.0,32.0
express,694,0x16E3a75Ff094a6D084E873265a2Dd3D3B5321225,3,4.0,32.0
express,695,0x16E3a75Ff094a6D084E873265a2Dd3D3B5321225,4,4.0,32.0
express,696,0x16E3a75Ff094a6D084E873265a2Dd3D3B5321225,5,4.0,32.0
express,697,0x16E3a75Ff094a6D084E873265a2Dd3D3B5321225,6,4.0,32.0
express,698,0x16E3a75Ff094a6D084E873265a2Dd3D3B5321225,7,4.0,32.0
express,699,0xc2EA323c6bdF100E85d014929b7a1FF8420a9753,0,4.0,32.0
express,700,0x3b42F9123FEc85D13426E1d7593f3Ac2f563DAeb,0,4.0,32.0
express,701,0x3b42F9123FEc85D13426E1d7593f3Ac2f563DAeb,1,4.0,32.0
express,702,0xD4b5D5F071397b42628fd1E1D932F19a8Ce79A3b,0,4.0,32.0
express,703,0xD4b5D5F071397b42628fd1E1D932F19a8Ce79A3b,1,4.0,32.0
express,704,0xD4b5D5F071397b42628fd1E1D932F19a8Ce79A3b,2,4.0,32.0
express,705,0xD4b5D5F071397b42628fd1E1D932F19a8Ce79A3b,3,4.0,32.0
express,706,0xD4b5D5F071397b42628fd1E1D932F19a8Ce79A3b,4,4.0,32.0
express,707,0xD4b5D5F071397b42628fd1E1D932F19a8Ce79A3b,5,4.0,32.0
express,708,0xDDCA4EC9AE3d02c7817399E08143DEdB51D44F16,0,4.0,32.0
express,709,0xDDCA4EC9AE3d02c7817399E08143DEdB51D44F16,1,4.0,32.0
express,710,0x7CaE22a19D9DB483A7A76e313c2b34922B2235B2,0,4.0,32.0
express,711,0x7CaE22a19D9DB483A7A76e313c2b34922B2235B2,1,4.0,32.0
express,712,0x7CaE22a19D9DB483A7A76e313c2b34922B2235B2,2,4.0,32.0
express,713,0x7CaE22a19D9DB483A7A76e313c2b34922B2235B2,3,4.0,32.0
express,714,0xAe5c9B4e6B511e49ceb2f822916eae74EF27FAF9,4,4.0,32.0
express,715,0x7B7FfA1D358f69d7AFE4439CA25766ff00b7066F,0,4.0,32.0
express,716,0xcbFF4Bb1551fcaC60aE8fEdA141544902662526D,0,4.0,32.0
express,717,0x09b5932dC582fdEf98445401Ffac0C9B09Cac798,2,4.0,32.0
express,718,0x09b5932dC582fdEf98445401Ffac0C9B09Cac798,3,4.0,32.0
express,719,0xc2EA323c6bdF100E85d014929b7a1FF8420a9753,1,4.0,32.0
express,720,0xc2EA323c6bdF100E85d014929b7a1FF8420a9753,2,4.0,32.0
express,721,0xc2EA323c6bdF100E85d014929b7a1FF8420a9753,3,4.0,32.0
express,722,0xc2EA323c6bdF100E85d014929b7a1FF8420a9753,4,4.0,32.0
express,723,0xc2EA323c6bdF100E85d014929b7a1FF8420a9753,5,4.0,32.0
express,724,0xc2EA323c6bdF100E85d014929b7a1FF8420a9753,6,4.0,32.0
express,725,0xc2EA323c6bdF100E85d014929b7a1FF8420a9753,7,4.0,32.0
express,726,0xc2EA323c6bdF100E85d014929b7a1FF8420a9753,8,4.0,32.0
express,727,0xc2EA323c6bdF100E85d014929b7a1FF8420a9753,9,4.0,32.0
express,728,0xc2EA323c6bdF100E85d014929b7a1FF8420a9753,10,4.0,32.0
express,729,0xc2EA323c6bdF100E85d014929b7a1FF8420a9753,11,4.0,32.0
express,730,0xc2EA323c6bdF100E85d014929b7a1FF8420a9753,12,4.0,32.0
express,731,0xc2EA323c6bdF100E85d014929b7a1FF8420a9753,13,4.0,32.0
express,732,0xc2EA323c6bdF100E85d014929b7a1FF8420a9753,14,4.0,32.0
express,733,0xc2EA323c6bdF100E85d014929b7a1FF8420a9753,15,4.0,32.0
express,734,0xc2EA323c6bdF100E85d014929b7a1FF8420a9753,16,4.0,32.0
express,735,0xc2EA323c6bdF100E85d014929b7a1FF8420a9753,17,4.0,32.0
express,736,0xc2EA323c6bdF100E85d014929b7a1FF8420a9753,18,4.0,32.0
express,737,0xc2EA323c6bdF100E85d014929b7a1FF8420a9753,19,4.0,32.0
express,738,0xc2EA323c6bdF100E85d014929b7a1FF8420a9753,20,4.0,32.0
express,739,0xc2EA323c6bdF100E85d014929b7a1FF8420a9753,21,4.0,32.0
express,740,0xc2EA323c6bdF100E85d014929b7a1FF8420a9753,22,4.0,32.0
express,741,0xc2EA323c6bdF100E85d014929b7a1FF8420a9753,23,4.0,32.0
express,742,0xc2EA323c6bdF100E85d014929b7a1FF8420a9753,24,4.0,32.0
express,743,0xc2EA323c6bdF100E85d014929b7a1FF8420a9753,25,4.0,32.0
express,744,0xc2EA323c6bdF100E85d014929b7a1FF8420a9753,26,4.0,32.0
express,745,0xc2EA323c6bdF100E85d014929b7a1FF8420a9753,27,4.0,32.0
express,746,0xc2EA323c6bdF100E85d014929b7a1FF8420a9753,28,4.0,32.0
express,747,0xc2EA323c6bdF100E85d014929b7a1FF8420a9753,29,4.0,32.0
express,748,0xc2EA323c6bdF100E85d014929b7a1FF8420a9753,30,4.0,32.0
express,749,0xc2EA323c6bdF100E85d014929b7a1FF8420a9753,31,4.0,32.0
express,750,0xc2EA323c6bdF100E85d014929b7a1FF8420a9753,32,4.0,32.0
express,751,0xc2EA323c6bdF100E85d014929b7a1FF8420a9753,33,4.0,32.0
express,752,0xc2EA323c6bdF100E85d014929b7a1FF8420a9753,34,4.0,32.0
express,753,0xc2EA323c6bdF100E85d014929b7a1FF8420a9753,35,4.0,32.0
express,754,0xc2EA323c6bdF100E85d014929b7a1FF8420a9753,36,4.0,32.0
express,755,0xc2EA323c6bdF100E85d014929b7a1FF8420a9753,37,4.0,32.0
express,756,0xc2EA323c6bdF100E85d014929b7a1FF8420a9753,38,4.0,32.0
express,757,0xc2EA323c6bdF100E85d014929b7a1FF8420a9753,39,4.0,32.0
express,758,0xc2EA323c6bdF100E85d014929b7a1FF8420a9753,40,4.0,32.0
express,759,0xc2EA323c6bdF100E85d014929b7a1FF8420a9753,41,4.0,32.0
express,760,0xc2EA323c6bdF100E85d014929b7a1FF8420a9753,42,4.0,32.0
express,761,0xc2EA323c6bdF100E85d014929b7a1FF8420a9753,43,4.0,32.0
express,762,0xc2EA323c6bdF100E85d014929b7a1FF8420a9753,44,4.0,32.0
express,763,0xc2EA323c6bdF100E85d014929b7a1FF8420a9753,45,4.0,32.0
express,764,0xc2EA323c6bdF100E85d014929b7a1FF8420a9753,46,4.0,32.0
express,765,0xc2EA323c6bdF100E85d014929b7a1FF8420a9753,47,4.0,32.0
express,766,0xc2EA323c6bdF100E85d014929b7a1FF8420a9753,48,4.0,32.0
express,767,0xc2EA323c6bdF100E85d014929b7a1FF8420a9753,49,4.0,32.0
express,768,0xc2EA323c6bdF100E85d014929b7a1FF8420a9753,50,4.0,32.0
express,769,0xc2EA323c6bdF100E85d014929b7a1FF8420a9753,51,4.0,32.0
express,770,0xc2EA323c6bdF100E85d014929b7a1FF8420a9753,52,4.0,32.0
express,771,0x09b5932dC582fdEf98445401Ffac0C9B09Cac798,4,4.0,32.0
express,772,0x09b5932dC582fdEf98445401Ffac0C9B09Cac798,5,4.0,32.0
express,773,0x09b5932dC582fdEf98445401Ffac0C9B09Cac798,6,4.0,32.0
express,774,0x09b5932dC582fdEf98445401Ffac0C9B09Cac798,7,4.0,32.0
express,775,0x09b5932dC582fdEf98445401Ffac0C9B09Cac798,8,4.0,32.0
express,776,0x09b5932dC582fdEf98445401Ffac0C9B09Cac798,9,4.0,32.0
express,777,0x66e20bA42b71bb51B2B1Ef02751a1055680793ba,6,4.0,32.0
express,778,0x66e20bA42b71bb51B2B1Ef02751a1055680793ba,7,4.0,32.0
express,779,0x66e20bA42b71bb51B2B1Ef02751a1055680793ba,8,4.0,32.0
express,780,0x66e20bA42b71bb51B2B1Ef02751a1055680793ba,9,4.0,32.0
express,781,0xFa37cDD3e2787eE64a688d7f6A43944E990d1Db2,0,4.0,32.0
express,782,0xFa37cDD3e2787eE64a688d7f6A43944E990d1Db2,1,4.0,32.0
express,783,0xa9eB034b0dE946e404c65a3b14b8F7d0a24CC8f6,0,4.0,32.0
express,784,0xa9eB034b0dE946e404c65a3b14b8F7d0a24CC8f6,1,4.0,32.0
express,785,0x47b73A43a2979588dF06C616a7337D3a0B385f79,0,4.0,32.0
express,786,0x47b73A43a2979588dF06C616a7337D3a0B385f79,1,4.0,32.0
express,787,0x148aa878E2A9Fa898ef96492A24697a921B74688,0,4.0,32.0
express,788,0x148aa878E2A9Fa898ef96492A24697a921B74688,1,4.0,32.0
express,789,0x148aa878E2A9Fa898ef96492A24697a921B74688,2,4.0,32.0
express,790,0x148aa878E2A9Fa898ef96492A24697a921B74688,3,4.0,32.0
express,791,0x148aa878E2A9Fa898ef96492A24697a921B74688,4,4.0,32.0
express,792,0x148aa878E2A9Fa898ef96492A24697a921B74688,5,4.0,32.0
express,793,0x148aa878E2A9Fa898ef96492A24697a921B74688,6,4.0,32.0
express,794,0x148aa878E2A9Fa898ef96492A24697a921B74688,7,4.0,32.0
express,795,0x148aa878E2A9Fa898ef96492A24697a921B74688,8,4.0,32.0
express,796,0x148aa878E2A9Fa898ef96492A24697a921B74688,9,4.0,32.0
express,797,0x148aa878E2A9Fa898ef96492A24697a921B74688,10,4.0,32.0
express,798,0x148aa878E2A9Fa898ef96492A24697a921B74688,11,4.0,32.0
express,799,0x148aa878E2A9Fa898ef96492A24697a921B74688,12,4.0,32.0
express,800,0x148aa878E2A9Fa898ef96492A24697a921B74688,13,4.0,32.0
express,801,0x148aa878E2A9Fa898ef96492A24697a921B74688,14,4.0,32.0
express,802,0x148aa878E2A9Fa898ef96492A24697a921B74688,15,4.0,32.0
express,803,0x148aa878E2A9Fa898ef96492A24697a921B74688,16,4.0,32.0
express,804,0x148aa878E2A9Fa898ef96492A24697a921B74688,17,4.0,32.0
express,805,0x927771A34DcfbFAa0db53683F78fEA5537Afe9b4,19,4.0,32.0
express,806,0x927771A34DcfbFAa0db53683F78fEA5537Afe9b4,20,4.0,32.0
express,807,0x927771A34DcfbFAa0db53683F78fEA5537Afe9b4,21,4.0,32.0
express,808,0x927771A34DcfbFAa0db53683F78fEA5537Afe9b4,22,4.0,32.0
express,809,0x927771A34DcfbFAa0db53683F78fEA5537Afe9b4,23,4.0,32.0
express,810,0x927771A34DcfbFAa0db53683F78fEA5537Afe9b4,24,4.0,32.0
express,811,0x8Ae5cbE85Af0bEE492c07f61B07A7e6e1F85e243,0,4.0,32.0
express,812,0xb8F54C642056BB6fCd6B5aca3F78ffb8569438F0,0,4.0,32.0
express,813,0xb8F54C642056BB6fCd6B5aca3F78ffb8569438F0,1,4.0,32.0
express,814,0x9777ab70C7F5925Bd97739365c3e6E9a63eC9Fb8,0,4.0,32.0
express,815,0x9777ab70C7F5925Bd97739365c3e6E9a63eC9Fb8,1,4.0,32.0
express,816,0x9777ab70C7F5925Bd97739365c3e6E9a63eC9Fb8,2,4.0,32.0
express,817,0x9777ab70C7F5925Bd97739365c3e6E9a63eC9Fb8,3,4.0,32.0
express,818,0x643Ed728a1745d886CCA8c3fA6F955131d5Ae28d,0,4.0,32.0
express,819,0x31d871D06111bd805b291F46864637D8D176D51F,0,4.0,32.0
express,820,0x31d871D06111bd805b291F46864637D8D176D51F,1,4.0,32.0
express,821,0xBa38d1263e4D241967c06272c35bF8AE3f08e688,0,4.0,32.0
express,822,0xBa38d1263e4D241967c06272c35bF8AE3f08e688,1,4.0,32.0
express,823,0xBa38d1263e4D241967c06272c35bF8AE3f08e688,2,4.0,32.0
express,824,0xBa38d1263e4D241967c06272c35bF8AE3f08e688,3,4.0,32.0
express,825,0xc2EA323c6bdF100E85d014929b7a1FF8420a9753,53,4.0,32.0
express,826,0xc2EA323c6bdF100E85d014929b7a1FF8420a9753,54,4.0,32.0
express,827,0xc2EA323c6bdF100E85d014929b7a1FF8420a9753,55,4.0,32.0
express,828,0x187259033a0D8A801d89aAC24E53849083215BaF,0,4.0,32.0
express,829,0x61F76BC6F04D19BEaeC73BcdbDA4B1edE8d8cd29,28,4.0,32.0
express,830,0x61F76BC6F04D19BEaeC73BcdbDA4B1edE8d8cd29,29,4.0,32.0
express,831,0x107D2f32cf06639C4D7bE5AE11498FFB96464fD5,0,4.0,32.0
express,832,0x107D2f32cf06639C4D7bE5AE11498FFB96464fD5,1,4.0,32.0
express,833,0x31d871D06111bd805b291F46864637D8D176D51F,2,4.0,32.0
express,834,0x31d871D06111bd805b291F46864637D8D176D51F,3,4.0,32.0
express,835,0x8Aba615EbF656c9832610d0F74f5C4e0bDac88c4,10,4.0,32.0
express,836,0x8Aba615EbF656c9832610d0F74f5C4e0bDac88c4,11,4.0,32.0
express,837,0xf4Ff06eB201F2080d7D9FfA756499094A3625788,0,4.0,32.0
express,838,0xf4Ff06eB201F2080d7D9FfA756499094A3625788,1,4.0,32.0
express,839,0xC032F04A94C5c3bd3C264EbB9f1557E4D2434253,0,4.0,32.0
express,840,0x9dfbd3d803772C5B40F37EDab498e66C6Fa8E169,0,4.0,32.0
express,841,0x9dfbd3d803772C5B40F37EDab498e66C6Fa8E169,1,4.0,32.0
express,842,0x9dfbd3d803772C5B40F37EDab498e66C6Fa8E169,2,4.0,32.0
express,843,0x9dfbd3d803772C5B40F37EDab498e66C6Fa8E169,3,4.0,32.0
express,844,0x9dfbd3d803772C5B40F37EDab498e66C6Fa8E169,4,4.0,32.0
express,845,0x9dfbd3d803772C5B40F37EDab498e66C6Fa8E169,5,4.0,32.0
express,846,0x9dfbd3d803772C5B40F37EDab498e66C6Fa8E169,6,4.0,32.0
express,847,0x9dfbd3d803772C5B40F37EDab498e66C6Fa8E169,7,4.0,32.0
express,848,0x9dfbd3d803772C5B40F37EDab498e66C6Fa8E169,8,4.0,32.0
express,849,0x9dfbd3d803772C5B40F37EDab498e66C6Fa8E169,9,4.0,32.0
express,850,0x9dfbd3d803772C5B40F37EDab498e66C6Fa8E169,10,4.0,32.0
express,851,0x9dfbd3d803772C5B40F37EDab498e66C6Fa8E169,11,4.0,32.0
express,852,0x9dfbd3d803772C5B40F37EDab498e66C6Fa8E169,12,4.0,32.0
express,853,0x9dfbd3d803772C5B40F37EDab498e66C6Fa8E169,13,4.0,32.0
express,854,0x9dfbd3d803772C5B40F37EDab498e66C6Fa8E169,14,4.0,32.0
express,855,0x9dfbd3d803772C5B40F37EDab498e66C6Fa8E169,15,4.0,32.0
express,856,0x9dfbd3d803772C5B40F37EDab498e66C6Fa8E169,16,4.0,32.0
express,857,0x9dfbd3d803772C5B40F37EDab498e66C6Fa8E169,17,4.0,32.0
express,858,0x9dfbd3d803772C5B40F37EDab498e66C6Fa8E169,18,4.0,32.0
express,859,0x9dfbd3d803772C5B40F37EDab498e66C6Fa8E169,19,4.0,32.0
express,860,0x9dfbd3d803772C5B40F37EDab498e66C6Fa8E169,20,4.0,32.0
express,861,0x9dfbd3d803772C5B40F37EDab498e66C6Fa8E169,21,4.0,32.0
express,862,0x9dfbd3d803772C5B40F37EDab498e66C6Fa8E169,22,4.0,32.0
express,863,0x9dfbd3d803772C5B40F37EDab498e66C6Fa8E169,23,4.0,32.0
express,864,0x9dfbd3d803772C5B40F37EDab498e66C6Fa8E169,24,4.0,32.0
express,865,0xB5Bc214b48d54d065A64FcFA56aB74F0A3a7d5DE,0,4.0,32.0
express,866,0xB5Bc214b48d54d065A64FcFA56aB74F0A3a7d5DE,1,4.0,32.0
express,867,0x371086F01f0210BF6cD24Cb21983B6E3dA826281,0,4.0,32.0
express,868,0x874F4E2bb80bf1c5Ddf67128673269F8E08419aE,2,4.0,32.0
express,869,0x6823548E0487FE5fa03dd41B2E2c943e6C05a733,0,4.0,32.0
express,870,0x6823548E0487FE5fa03dd41B2E2c943e6C05a733,1,4.0,32.0
express,871,0x6823548E0487FE5fa03dd41B2E2c943e6C05a733,2,4.0,32.0
express,872,0x6823548E0487FE5fa03dd41B2E2c943e6C05a733,3,4.0,32.0
express,873,0x6823548E0487FE5fa03dd41B2E2c943e6C05a733,4,4.0,32.0
express,874,0x4A97717085bA68B3BcfbD4b00F2a221dFc0a369A,0,4.0,32.0
express,875,0x70F519ce921aA76cEB869FF39cF070C5B86F0e4b,0,4.0,32.0
express,876,0xA2bf96bdB6d68D1E6278cc5491516e2916E1ff65,0,4.0,32.0
express,877,0xc70b5228E7F0442DD93F8b44fc718F65f5cAb1Ec,0,4.0,32.0
express,878,0xc70b5228E7F0442DD93F8b44fc718F65f5cAb1Ec,1,4.0,32.0
express,879,0x38213679572B497FF2eA70782591996FA0F127BC,0,4.0,32.0
express,880,0x0DDEf86A8406097979B293ae9f9B28e5Ad3663c9,0,4.0,32.0
express,881,0x0DDEf86A8406097979B293ae9f9B28e5Ad3663c9,1,4.0,32.0
express,882,0xbb47FA60d73dF77962f70B260b8AE6d3EF71873a,0,4.0,32.0
express,883,0xbb47FA60d73dF77962f70B260b8AE6d3EF71873a,1,4.0,32.0
express,884,0xbb47FA60d73dF77962f70B260b8AE6d3EF71873a,2,4.0,32.0
express,885,0xbb47FA60d73dF77962f70B260b8AE6d3EF71873a,3,4.0,32.0
express,886,0xA5f43Bc53976D966E40DCAB05b51dbcc08e56923,0,4.0,32.0
express,887,0x096005aA7A1589Fb38f7A000134af506530Ccc06,0,4.0,32.0
express,888,0xf6A150FBeDf69a0221cD270A8643dC9A0FcECb9E,0,4.0,32.0
express,889,0xc32505d69534C9a9e807aBF40FC09cF9e4c84929,0,4.0,32.0
express,890,0xc32505d69534C9a9e807aBF40FC09cF9e4c84929,1,4.0,32.0
express,891,0x3Fe49eAE720d868E878BC227e3B5EDcdeDBf46f4,41,4.0,32.0
express,892,0x3Fe49eAE720d868E878BC227e3B5EDcdeDBf46f4,42,4.0,32.0
express,893,0x3Fe49eAE720d868E878BC227e3B5EDcdeDBf46f4,43,4.0,32.0
express,894,0x3Fe49eAE720d868E878BC227e3B5EDcdeDBf46f4,44,4.0,32.0
express,895,0x3Fe49eAE720d868E878BC227e3B5EDcdeDBf46f4,45,4.0,32.0
express,896,0x3Fe49eAE720d868E878BC227e3B5EDcdeDBf46f4,46,4.0,32.0
express,897,0x3Fe49eAE720d868E878BC227e3B5EDcdeDBf46f4,47,4.0,32.0
express,898,0x3Fe49eAE720d868E878BC227e3B5EDcdeDBf46f4,48,4.0,32.0
express,899,0x3Fe49eAE720d868E878BC227e3B5EDcdeDBf46f4,49,4.0,32.0
express,900,0x3Fe49eAE720d868E878BC227e3B5EDcdeDBf46f4,50,4.0,32.0
express,901,0x3Fe49eAE720d868E878BC227e3B5EDcdeDBf46f4,51,4.0,32.0
express,902,0x3Fe49eAE720d868E878BC227e3B5EDcdeDBf46f4,52,4.0,32.0
express,903,0x3Fe49eAE720d868E878BC227e3B5EDcdeDBf46f4,53,4.0,32.0
express,904,0x3Fe49eAE720d868E878BC227e3B5EDcdeDBf46f4,54,4.0,32.0
express,905,0x3Fe49eAE720d868E878BC227e3B5EDcdeDBf46f4,55,4.0,32.0
express,906,0x3Fe49eAE720d868E878BC227e3B5EDcdeDBf46f4,56,4.0,32.0
express,907,0x3Fe49eAE720d868E878BC227e3B5EDcdeDBf46f4,57,4.0,32.0
express,908,0x3Fe49eAE720d868E878BC227e3B5EDcdeDBf46f4,58,4.0,32.0
express,909,0x3Fe49eAE720d868E878BC227e3B5EDcdeDBf46f4,59,4.0,32.0
express,910,0x3Fe49eAE720d868E878BC227e3B5EDcdeDBf46f4,60,4.0,32.0
express,911,0x3Fe49eAE720d868E878BC227e3B5EDcdeDBf46f4,61,4.0,32.0
express,912,0x3Fe49eAE720d868E878BC227e3B5EDcdeDBf46f4,62,4.0,32.0
express,913,0x3Fe49eAE720d868E878BC227e3B5EDcdeDBf46f4,63,4.0,32.0
express,914,0x3Fe49eAE720d868E878BC227e3B5EDcdeDBf46f4,64,4.0,32.0
express,915,0x3Fe49eAE720d868E878BC227e3B5EDcdeDBf46f4,65,4.0,32.0
express,916,0x3Fe49eAE720d868E878BC227e3B5EDcdeDBf46f4,66,4.0,32.0
express,917,0x3Fe49eAE720d868E878BC227e3B5EDcdeDBf46f4,67,4.0,32.0
express,918,0x3Fe49eAE720d868E878BC227e3B5EDcdeDBf46f4,68,4.0,32.0
express,919,0x3Fe49eAE720d868E878BC227e3B5EDcdeDBf46f4,69,4.0,32.0
express,920,0x3Fe49eAE720d868E878BC227e3B5EDcdeDBf46f4,70,4.0,32.0
express,921,0x3Fe49eAE720d868E878BC227e3B5EDcdeDBf46f4,71,4.0,32.0
express,922,0x3Fe49eAE720d868E878BC227e3B5EDcdeDBf46f4,72,4.0,32.0
express,923,0x3Fe49eAE720d868E878BC227e3B5EDcdeDBf46f4,73,4.0,32.0
express,924,0x3Fe49eAE720d868E878BC227e3B5EDcdeDBf46f4,74,4.0,32.0
express,925,0x3Fe49eAE720d868E878BC227e3B5EDcdeDBf46f4,75,4.0,32.0
express,926,0x1aff7c95408366749369BBa1BE68584c35F3A90A,0,4.0,32.0
express,927,0x1aff7c95408366749369BBa1BE68584c35F3A90A,1,4.0,32.0
express,928,0xca337F35D218fe8b9f9B592CED34DC73956dB145,3,4.0,32.0
express,929,0xca337F35D218fe8b9f9B592CED34DC73956dB145,4,4.0,32.0
express,930,0xca337F35D218fe8b9f9B592CED34DC73956dB145,5,4.0,32.0
express,931,0xca337F35D218fe8b9f9B592CED34DC73956dB145,6,4.0,32.0
express,932,0xca337F35D218fe8b9f9B592CED34DC73956dB145,7,4.0,32.0
express,933,0xca337F35D218fe8b9f9B592CED34DC73956dB145,8,4.0,32.0
express,934,0xca337F35D218fe8b9f9B592CED34DC73956dB145,9,4.0,32.0
express,935,0x2d84269e8c35D220f6bFC07074BFC1D67aaD3560,2,4.0,32.0
express,936,0x14fCd50de18EDB499727D43e7bBac22c12CC67D0,1,4.0,32.0
express,937,0x14fCd50de18EDB499727D43e7bBac22c12CC67D0,2,4.0,32.0
express,938,0xd202c88f4aa0A1C9039bE45A9FA9520b894Bbe18,0,4.0,32.0
express,939,0x6192b6664CBDBB16Dbd39c817D34f9a47bA197fe,0,4.0,32.0
express,940,0x6192b6664CBDBB16Dbd39c817D34f9a47bA197fe,1,4.0,32.0
express,941,0x44A7F1763c10e3901b08363962ED96546AF1Cd3e,0,4.0,32.0
express,942,0x44A7F1763c10e3901b08363962ED96546AF1Cd3e,1,4.0,32.0
express,943,0x3Fe49eAE720d868E878BC227e3B5EDcdeDBf46f4,76,4.0,32.0
express,944,0x3Fe49eAE720d868E878BC227e3B5EDcdeDBf46f4,77,4.0,32.0
express,945,0x3Fe49eAE720d868E878BC227e3B5EDcdeDBf46f4,78,4.0,32.0
express,946,0x3Fe49eAE720d868E878BC227e3B5EDcdeDBf46f4,79,4.0,32.0
express,947,0x3Fe49eAE720d868E878BC227e3B5EDcdeDBf46f4,80,4.0,32.0
express,948,0x3Fe49eAE720d868E878BC227e3B5EDcdeDBf46f4,81,4.0,32.0
express,949,0x3Fe49eAE720d868E878BC227e3B5EDcdeDBf46f4,82,4.0,32.0
express,950,0x3Fe49eAE720d868E878BC227e3B5EDcdeDBf46f4,83,4.0,32.0
express,951,0x3Fe49eAE720d868E878BC227e3B5EDcdeDBf46f4,84,4.0,32.0
express,952,0x3Fe49eAE720d868E878BC227e3B5EDcdeDBf46f4,85,4.0,32.0
express,953,0x3Fe49eAE720d868E878BC227e3B5EDcdeDBf46f4,86,4.0,32.0
express,954,0x3Fe49eAE720d868E878BC227e3B5EDcdeDBf46f4,87,4.0,32.0
express,955,0x3Fe49eAE720d868E878BC227e3B5EDcdeDBf46f4,88,4.0,32.0
express,956,0x3Fe49eAE720d868E878BC227e3B5EDcdeDBf46f4,89,4.0,32.0
express,957,0x3Fe49eAE720d868E878BC227e3B5EDcdeDBf46f4,90,4.0,32.0
express,958,0x3Fe49eAE720d868E878BC227e3B5EDcdeDBf46f4,91,4.0,32.0
express,959,0x3Fe49eAE720d868E878BC227e3B5EDcdeDBf46f4,92,4.0,32.0
express,960,0x3Fe49eAE720d868E878BC227e3B5EDcdeDBf46f4,93,4.0,32.0
express,961,0x3Fe49eAE720d868E878BC227e3B5EDcdeDBf46f4,94,4.0,32.0
express,962,0x3Fe49eAE720d868E878BC227e3B5EDcdeDBf46f4,95,4.0,32.0
express,963,0x3Fe49eAE720d868E878BC227e3B5EDcdeDBf46f4,96,4.0,32.0
express,964,0x3Fe49eAE720d868E878BC227e3B5EDcdeDBf46f4,97,4.0,32.0
express,965,0x3Fe49eAE720d868E878BC227e3B5EDcdeDBf46f4,98,4.0,32.0
express,966,0x3Fe49eAE720d868E878BC227e3B5EDcdeDBf46f4,99,4.0,32.0
express,967,0x3Fe49eAE720d868E878BC227e3B5EDcdeDBf46f4,100,4.0,32.0
express,968,0x3Fe49eAE720d868E878BC227e3B5EDcdeDBf46f4,101,4.0,32.0
express,969,0x3Fe49eAE720d868E878BC227e3B5EDcdeDBf46f4,102,4.0,32.0
express,970,0x3Fe49eAE720d868E878BC227e3B5EDcdeDBf46f4,103,4.0,32.0
express,971,0x3Fe49eAE720d868E878BC227e3B5EDcdeDBf46f4,104,4.0,32.0
express,972,0x3Fe49eAE720d868E878BC227e3B5EDcdeDBf46f4,105,4.0,32.0
express,973,0x3Fe49eAE720d868E878BC227e3B5EDcdeDBf46f4,106,4.0,32.0
express,974,0x3Fe49eAE720d868E878BC227e3B5EDcdeDBf46f4,107,4.0,32.0
express,975,0x3Fe49eAE720d868E878BC227e3B5EDcdeDBf46f4,108,4.0,32.0
express,976,0x3Fe49eAE720d868E878BC227e3B5EDcdeDBf46f4,109,4.0,32.0
express,977,0x3Fe49eAE720d868E878BC227e3B5EDcdeDBf46f4,110,4.0,32.0
express,978,0x3Fe49eAE720d868E878BC227e3B5EDcdeDBf46f4,111,4.0,32.0
express,979,0x3Fe49eAE720d868E878BC227e3B5EDcdeDBf46f4,112,4.0,32.0
express,980,0x3Fe49eAE720d868E878BC227e3B5EDcdeDBf46f4,113,4.0,32.0
express,981,0x3Fe49eAE720d868E878BC227e3B5EDcdeDBf46f4,114,4.0,32.0
express,982,0x3Fe49eAE720d868E878BC227e3B5EDcdeDBf46f4,115,4.0,32.0
express,983,0x3Fe49eAE720d868E878BC227e3B5EDcdeDBf46f4,116,4.0,32.0
express,984,0x3Fe49eAE720d868E878BC227e3B5EDcdeDBf46f4,117,4.0,32.0
express,985,0x3Fe49eAE720d868E878BC227e3B5EDcdeDBf46f4,118,4.0,32.0
express,986,0x3Fe49eAE720d868E878BC227e3B5EDcdeDBf46f4,119,4.0,32.0
express,987,0x3Fe49eAE720d868E878BC227e3B5EDcdeDBf46f4,120,4.0,32.0
express,988,0x3Fe49eAE720d868E878BC227e3B5EDcdeDBf46f4,121,4.0,32.0
express,989,0x3Fe49eAE720d868E878BC227e3B5EDcdeDBf46f4,122,4.0,32.0
express,990,0x3Fe49eAE720d868E878BC227e3B5EDcdeDBf46f4,123,4.0,32.0
express,991,0x0e436ad072ddcf0305046c9cac44b812B74A8396,0,4.0,32.0
express,992,0x2D4ca1Fe4b201d26e4B905ba77A4f910b2EBcE17,1,4.0,32.0
express,993,0x2D4ca1Fe4b201d26e4B905ba77A4f910b2EBcE17,2,4.0,32.0
express,994,0xe60Cdf497A69f0Ed0C4Dc66Aa4dBE85ea32B2C7b,0,4.0,32.0
express,995,0xe60Cdf497A69f0Ed0C4Dc66Aa4dBE85ea32B2C7b,1,4.0,32.0
express,996,0xe60Cdf497A69f0Ed0C4Dc66Aa4dBE85ea32B2C7b,2,4.0,32.0
express,997,0xe60Cdf497A69f0Ed0C4Dc66Aa4dBE85ea32B2C7b,3,4.0,32.0
express,998,0x9e719e7EDDA6D3c500DabfE971c8E373b63C061B,0,4.0,32.0
express,999,0x9e719e7EDDA6D3c500DabfE971c8E373b63C061B,1,4.0,32.0
express,1000,0x9e719e7EDDA6D3c500DabfE971c8E373b63C061B,2,4.0,32.0
express,1001,0x9e719e7EDDA6D3c500DabfE971c8E373b63C061B,3,4.0,32.0
express,1002,0x9e719e7EDDA6D3c500DabfE971c8E373b63C061B,4,4.0,32.0
express,1003,0x9e719e7EDDA6D3c500DabfE971c8E373b63C061B,5,4.0,32.0
express,1004,0x07A6bb771eB95d06C58fa4206df17d6e19BaAdAE,0,4.0,32.0
express,1005,0x07A6bb771eB95d06C58fa4206df17d6e19BaAdAE,1,4.0,32.0
express,1006,0x07A6bb771eB95d06C58fa4206df17d6e19BaAdAE,2,4.0,32.0
express,1007,0x07A6bb771eB95d06C58fa4206df17d6e19BaAdAE,3,4.0,32.0
express,1008,0x07A6bb771eB95d06C58fa4206df17d6e19BaAdAE,4,4.0,32.0
express,1009,0x07A6bb771eB95d06C58fa4206df17d6e19BaAdAE,5,4.0,32.0
express,1010,0x07A6bb771eB95d06C58fa4206df17d6e19BaAdAE,6,4.0,32.0
express,1011,0x07A6bb771eB95d06C58fa4206df17d6e19BaAdAE,7,4.0,32.0
express,1012,0x07A6bb771eB95d06C58fa4206df17d6e19BaAdAE,8,4.0,32.0
express,1013,0x07A6bb771eB95d06C58fa4206df17d6e19BaAdAE,9,4.0,32.0
express,1014,0x07A6bb771eB95d06C58fa4206df17d6e19BaAdAE,10,4.0,32.0
express,1015,0x07A6bb771eB95d06C58fa4206df17d6e19BaAdAE,11,4.0,32.0
express,1016,0x07A6bb771eB95d06C58fa4206df17d6e19BaAdAE,12,4.0,32.0
express,1017,0x07A6bb771eB95d06C58fa4206df17d6e19BaAdAE,13,4.0,32.0
express,1018,0x5314fb0ad8c6Dc05235DF84d715f023E3847387a,0,4.0,32.0
express,1019,0x5314fb0ad8c6Dc05235DF84d715f023E3847387a,1,4.0,32.0
express,1020,0x5314fb0ad8c6Dc05235DF84d715f023E3847387a,2,4.0,32.0
express,1021,0x5314fb0ad8c6Dc05235DF84d715f023E3847387a,3,4.0,32.0
express,1022,0x8351eC91fa0f98bE76656596a1E4FDD69f6A30Ce,0,4.0,32.0
express,1023,0x8351eC91fa0f98bE76656596a1E4FDD69f6A30Ce,1,4.0,32.0
express,1024,0x8351eC91fa0f98bE76656596a1E4FDD69f6A30Ce,2,4.0,32.0
express,1025,0x8351eC91fa0f98bE76656596a1E4FDD69f6A30Ce,3,4.0,32.0
express,1026,0x8351eC91fa0f98bE76656596a1E4FDD69f6A30Ce,4,4.0,32.0
express,1027,0x0dDA2DA7448Df52e10a84400B6f01D0F4B1B2477,0,4.0,32.0
express,1028,0xA52b1d05AcF9ecD56556F4cE89B28b20E9Dd9651,9,4.0,32.0
express,1029,0xA52b1d05AcF9ecD56556F4cE89B28b20E9Dd9651,27,4.0,32.0
express,1030,0xA52b1d05AcF9ecD56556F4cE89B28b20E9Dd9651,43,4.0,32.0
express,1031,0xA52b1d05AcF9ecD56556F4cE89B28b20E9Dd9651,76,4.0,32.0
express,1032,0xA52b1d05AcF9ecD56556F4cE89B28b20E9Dd9651,89,4.0,32.0
express,1033,0xA52b1d05AcF9ecD56556F4cE89B28b20E9Dd9651,102,4.0,32.0
express,1034,0xA52b1d05AcF9ecD56556F4cE89B28b20E9Dd9651,115,4.0,32.0
express,1035,0xA52b1d05AcF9ecD56556F4cE89B28b20E9Dd9651,121,4.0,32.0
express,1036,0xA52b1d05AcF9ecD56556F4cE89B28b20E9Dd9651,123,4.0,32.0
express,1037,0xA52b1d05AcF9ecD56556F4cE89B28b20E9Dd9651,131,4.0,32.0
express,1038,0xA52b1d05AcF9ecD56556F4cE89B28b20E9Dd9651,144,4.0,32.0
express,1039,0xA52b1d05AcF9ecD56556F4cE89B28b20E9Dd9651,149,4.0,32.0
express,1040,0xA52b1d05AcF9ecD56556F4cE89B28b20E9Dd9651,151,4.0,32.0
express,1041,0xA52b1d05AcF9ecD56556F4cE89B28b20E9Dd9651,152,4.0,32.0
express,1042,0xA52b1d05AcF9ecD56556F4cE89B28b20E9Dd9651,157,4.0,32.0
express,1043,0xA52b1d05AcF9ecD56556F4cE89B28b20E9Dd9651,159,4.0,32.0
express,1044,0xA52b1d05AcF9ecD56556F4cE89B28b20E9Dd9651,176,4.0,32.0
express,1045,0xc2e10Ce2d11ba5D842239c3Ed609Ef404E4cA0b4,0,4.0,32.0
express,1046,0xa8aE9700F19230ca8BeB04bb6ecD17f205D50618,17,4.0,32.0
express,1047,0xDf6728AacC44e806315b3beF135D80b5c200F902,0,4.0,32.0
express,1048,0xDf6728AacC44e806315b3beF135D80b5c200F902,1,4.0,32.0
express,1049,0xDf6728AacC44e806315b3beF135D80b5c200F902,2,4.0,32.0
express,1050,0xDf6728AacC44e806315b3beF135D80b5c200F902,3,4.0,32.0
express,1051,0xB2441E1E0bf0f6Af87E62A3ecEf15a38d91482d9,0,4.0,32.0
express,1052,0xe26e4e9d1A42877600c9255275FD1439C23d8528,0,4.0,32.0
express,1053,0xC5B951370A8687D7Eb138ade5Cf0cdd35F30BFD8,0,4.0,32.0
express,1054,0x3Fe49eAE720d868E878BC227e3B5EDcdeDBf46f4,124,4.0,32.0
express,1055,0x3Fe49eAE720d868E878BC227e3B5EDcdeDBf46f4,125,4.0,32.0
express,1056,0x3Fe49eAE720d868E878BC227e3B5EDcdeDBf46f4,126,4.0,32.0
express,1057,0x3Fe49eAE720d868E878BC227e3B5EDcdeDBf46f4,127,4.0,32.0
express,1058,0x3Fe49eAE720d868E878BC227e3B5EDcdeDBf46f4,128,4.0,32.0
express,1059,0x3Fe49eAE720d868E878BC227e3B5EDcdeDBf46f4,129,4.0,32.0
express,1060,0x3Fe49eAE720d868E878BC227e3B5EDcdeDBf46f4,130,4.0,32.0
express,1061,0x3Fe49eAE720d868E878BC227e3B5EDcdeDBf46f4,131,4.0,32.0
express,1062,0x3Fe49eAE720d868E878BC227e3B5EDcdeDBf46f4,132,4.0,32.0
express,1063,0x3Fe49eAE720d868E878BC227e3B5EDcdeDBf46f4,133,4.0,32.0
express,1064,0x3Fe49eAE720d868E878BC227e3B5EDcdeDBf46f4,134,4.0,32.0
express,1065,0x3Fe49eAE720d868E878BC227e3B5EDcdeDBf46f4,135,4.0,32.0
express,1066,0x3Fe49eAE720d868E878BC227e3B5EDcdeDBf46f4,136,4.0,32.0
express,1067,0x3Fe49eAE720d868E878BC227e3B5EDcdeDBf46f4,137,4.0,32.0
express,1068,0x3Fe49eAE720d868E878BC227e3B5EDcdeDBf46f4,138,4.0,32.0
express,1069,0x3Fe49eAE720d868E878BC227e3B5EDcdeDBf46f4,139,4.0,32.0
express,1070,0x3Fe49eAE720d868E878BC227e3B5EDcdeDBf46f4,140,4.0,32.0
express,1071,0x3Fe49eAE720d868E878BC227e3B5EDcdeDBf46f4,141,4.0,32.0
express,1072,0x3Fe49eAE720d868E878BC227e3B5EDcdeDBf46f4,142,4.0,32.0
express,1073,0x3Fe49eAE720d868E878BC227e3B5EDcdeDBf46f4,143,4.0,32.0
express,1074,0x3Fe49eAE720d868E878BC227e3B5EDcdeDBf46f4,144,4.0,32.0
express,1075,0x3Fe49eAE720d868E878BC227e3B5EDcdeDBf46f4,145,4.0,32.0
express,1076,0x3Fe49eAE720d868E878BC227e3B5EDcdeDBf46f4,146,4.0,32.0
express,1077,0x3Fe49eAE720d868E878BC227e3B5EDcdeDBf46f4,147,4.0,32.0
express,1078,0x3Fe49eAE720d868E878BC227e3B5EDcdeDBf46f4,148,4.0,32.0
express,1079,0x3Fe49eAE720d868E878BC227e3B5EDcdeDBf46f4,149,4.0,32.0
express,1080,0x3Fe49eAE720d868E878BC227e3B5EDcdeDBf46f4,150,4.0,32.0
express,1081,0x3Fe49eAE720d868E878BC227e3B5EDcdeDBf46f4,151,4.0,32.0
express,1082,0x3Fe49eAE720d868E878BC227e3B5EDcdeDBf46f4,152,4.0,32.0
express,1083,0x3Fe49eAE720d868E878BC227e3B5EDcdeDBf46f4,153,4.0,32.0
express,1084,0xa8aE9700F19230ca8BeB04bb6ecD17f205D50618,18,4.0,32.0
express,1085,0xa8aE9700F19230ca8BeB04bb6ecD17f205D50618,19,4.0,32.0
express,1086,0xa8aE9700F19230ca8BeB04bb6ecD17f205D50618,20,4.0,32.0
express,1087,0xa8aE9700F19230ca8BeB04bb6ecD17f205D50618,21,4.0,32.0
express,1088,0xa8aE9700F19230ca8BeB04bb6ecD17f205D50618,22,4.0,32.0
express,1089,0xa8aE9700F19230ca8BeB04bb6ecD17f205D50618,23,4.0,32.0
express,1090,0xa8aE9700F19230ca8BeB04bb6ecD17f205D50618,24,4.0,32.0
express,1091,0xa8aE9700F19230ca8BeB04bb6ecD17f205D50618,25,4.0,32.0
express,1092,0xa8aE9700F19230ca8BeB04bb6ecD17f205D50618,26,4.0,32.0
express,1093,0xa8aE9700F19230ca8BeB04bb6ecD17f205D50618,27,4.0,32.0
express,1094,0xa8aE9700F19230ca8BeB04bb6ecD17f205D50618,28,4.0,32.0
express,1095,0xa8aE9700F19230ca8BeB04bb6ecD17f205D50618,29,4.0,32.0
express,1096,0xa8aE9700F19230ca8BeB04bb6ecD17f205D50618,30,4.0,32.0
express,1097,0xa8aE9700F19230ca8BeB04bb6ecD17f205D50618,31,4.0,32.0
express,1098,0x9C80cF5edeD46C2a9c9492AC1106e73e26C03E99,0,4.0,32.0
express,1099,0x9C80cF5edeD46C2a9c9492AC1106e73e26C03E99,1,4.0,32.0
express,1100,0x9C80cF5edeD46C2a9c9492AC1106e73e26C03E99,2,4.0,32.0
express,1101,0x9C80cF5edeD46C2a9c9492AC1106e73e26C03E99,3,4.0,32.0
express,1102,0x9C80cF5edeD46C2a9c9492AC1106e73e26C03E99,4,4.0,32.0
express,1103,0x9C80cF5edeD46C2a9c9492AC1106e73e26C03E99,5,4.0,32.0
express,1104,0x9C80cF5edeD46C2a9c9492AC1106e73e26C03E99,6,4.0,32.0
express,1105,0x9C80cF5edeD46C2a9c9492AC1106e73e26C03E99,7,4.0,32.0
express,1106,0xD4A5b97f24Ae7de6FC961652a05688F5Bb9bb19d,0,4.0,32.0
express,1107,0xD4A5b97f24Ae7de6FC961652a05688F5Bb9bb19d,1,4.0,32.0
express,1108,0xA52b1d05AcF9ecD56556F4cE89B28b20E9Dd9651,189,4.0,32.0
express,1109,0xA52b1d05AcF9ecD56556F4cE89B28b20E9Dd9651,190,4.0,32.0
express,1110,0xA52b1d05AcF9ecD56556F4cE89B28b20E9Dd9651,191,4.0,32.0
express,1111,0xA52b1d05AcF9ecD56556F4cE89B28b20E9Dd9651,192,4.0,32.0
express,1112,0xA52b1d05AcF9ecD56556F4cE89B28b20E9Dd9651,193,4.0,32.0
express,1113,0xA52b1d05AcF9ecD56556F4cE89B28b20E9Dd9651,194,4.0,32.0
express,1114,0xA52b1d05AcF9ecD56556F4cE89B28b20E9Dd9651,195,4.0,32.0
express,1115,0xA52b1d05AcF9ecD56556F4cE89B28b20E9Dd9651,196,4.0,32.0
express,1116,0xA52b1d05AcF9ecD56556F4cE89B28b20E9Dd9651,197,4.0,32.0
express,1117,0xA52b1d05AcF9ecD56556F4cE89B28b20E9Dd9651,198,4.0,32.0
express,1118,0xA52b1d05AcF9ecD56556F4cE89B28b20E9Dd9651,199,4.0,32.0
express,1119,0xA52b1d05AcF9ecD56556F4cE89B28b20E9Dd9651,200,4.0,32.0
express,1120,0xA52b1d05AcF9ecD56556F4cE89B28b20E9Dd9651,201,4.0,32.0
express,1121,0xA52b1d05AcF9ecD56556F4cE89B28b20E9Dd9651,202,4.0,32.0
express,1122,0xA52b1d05AcF9ecD56556F4cE89B28b20E9Dd9651,203,4.0,32.0
express,1123,0xA52b1d05AcF9ecD56556F4cE89B28b20E9Dd9651,204,4.0,32.0
express,1124,0xA52b1d05AcF9ecD56556F4cE89B28b20E9Dd9651,205,4.0,32.0
express,1125,0xA52b1d05AcF9ecD56556F4cE89B28b20E9Dd9651,206,4.0,32.0
express,1126,0xA52b1d05AcF9ecD56556F4cE89B28b20E9Dd9651,207,4.0,32.0
express,1127,0xA52b1d05AcF9ecD56556F4cE89B28b20E9Dd9651,208,4.0,32.0
express,1128,0xA52b1d05AcF9ecD56556F4cE89B28b20E9Dd9651,209,4.0,32.0
express,1129,0xA52b1d05AcF9ecD56556F4cE89B28b20E9Dd9651,210,4.0,32.0
express,1130,0xA52b1d05AcF9ecD56556F4cE89B28b20E9Dd9651,211,4.0,32.0
express,1131,0xA52b1d05AcF9ecD56556F4cE89B28b20E9Dd9651,212,4.0,32.0
express,1132,0xA52b1d05AcF9ecD56556F4cE89B28b20E9Dd9651,213,4.0,32.0
express,1133,0xA52b1d05AcF9ecD56556F4cE89B28b20E9Dd9651,214,4.0,32.0
express,1134,0xA52b1d05AcF9ecD56556F4cE89B28b20E9Dd9651,215,4.0,32.0
express,1135,0xA52b1d05AcF9ecD56556F4cE89B28b20E9Dd9651,216,4.0,32.0
express,1136,0xA52b1d05AcF9ecD56556F4cE89B28b20E9Dd9651,217,4.0,32.0
express,1137,0xA52b1d05AcF9ecD56556F4cE89B28b20E9Dd9651,218,4.0,32.0
express,1138,0xA52b1d05AcF9ecD56556F4cE89B28b20E9Dd9651,219,4.0,32.0
express,1139,0xA52b1d05AcF9ecD56556F4cE89B28b20E9Dd9651,220,4.0,32.0
express,1140,0xA52b1d05AcF9ecD56556F4cE89B28b20E9Dd9651,221,4.0,32.0
express,1141,0xA52b1d05AcF9ecD56556F4cE89B28b20E9Dd9651,222,4.0,32.0
express,1142,0xA52b1d05AcF9ecD56556F4cE89B28b20E9Dd9651,223,4.0,32.0
express,1143,0xA52b1d05AcF9ecD56556F4cE89B28b20E9Dd9651,224,4.0,32.0
express,1144,0xA52b1d05AcF9ecD56556F4cE89B28b20E9Dd9651,225,4.0,32.0
express,1145,0xA52b1d05AcF9ecD56556F4cE89B28b20E9Dd9651,226,4.0,32.0
express,1146,0xA52b1d05AcF9ecD56556F4cE89B28b20E9Dd9651,227,4.0,32.0
express,1147,0xA52b1d05AcF9ecD56556F4cE89B28b20E9Dd9651,228,4.0,32.0
express,1148,0x6F1126Fb9A0424B535a1e963825a01F3fA9e85Ac,0,4.0,32.0
express,1149,0x6F1126Fb9A0424B535a1e963825a01F3fA9e85Ac,1,4.0,32.0
express,1150,0xA52b1d05AcF9ecD56556F4cE89B28b20E9Dd9651,229,4.0,32.0
express,1151,0xA52b1d05AcF9ecD56556F4cE89B28b20E9Dd9651,230,4.0,32.0
express,1152,0xA52b1d05AcF9ecD56556F4cE89B28b20E9Dd9651,231,4.0,32.0
express,1153,0xA52b1d05AcF9ecD56556F4cE89B28b20E9Dd9651,232,4.0,32.0
express,1154,0xA52b1d05AcF9ecD56556F4cE89B28b20E9Dd9651,233,4.0,32.0
express,1155,0xA52b1d05AcF9ecD56556F4cE89B28b20E9Dd9651,234,4.0,32.0
express,1156,0xA52b1d05AcF9ecD56556F4cE89B28b20E9Dd9651,235,4.0,32.0
express,1157,0xA52b1d05AcF9ecD56556F4cE89B28b20E9Dd9651,236,4.0,32.0
express,1158,0xA52b1d05AcF9ecD56556F4cE89B28b20E9Dd9651,237,4.0,32.0
express,1159,0xA52b1d05AcF9ecD56556F4cE89B28b20E9Dd9651,238,4.0,32.0
express,1160,0xA52b1d05AcF9ecD56556F4cE89B28b20E9Dd9651,239,4.0,32.0
express,1161,0xA52b1d05AcF9ecD56556F4cE89B28b20E9Dd9651,240,4.0,32.0
express,1162,0xA52b1d05AcF9ecD56556F4cE89B28b20E9Dd9651,241,4.0,32.0
express,1163,0xA52b1d05AcF9ecD56556F4cE89B28b20E9Dd9651,242,4.0,32.0
express,1164,0xA52b1d05AcF9ecD56556F4cE89B28b20E9Dd9651,243,4.0,32.0
express,1165,0xA52b1d05AcF9ecD56556F4cE89B28b20E9Dd9651,244,4.0,32.0
express,1166,0xA52b1d05AcF9ecD56556F4cE89B28b20E9Dd9651,245,4.0,32.0
express,1167,0xA52b1d05AcF9ecD56556F4cE89B28b20E9Dd9651,246,4.0,32.0
express,1168,0xA52b1d05AcF9ecD56556F4cE89B28b20E9Dd9651,247,4.0,32.0
express,1169,0xA52b1d05AcF9ecD56556F4cE89B28b20E9Dd9651,248,4.0,32.0
express,1170,0xA52b1d05AcF9ecD56556F4cE89B28b20E9Dd9651,249,4.0,32.0
express,1171,0xA52b1d05AcF9ecD56556F4cE89B28b20E9Dd9651,250,4.0,32.0
express,1172,0xA52b1d05AcF9ecD56556F4cE89B28b20E9Dd9651,251,4.0,32.0
express,1173,0xA52b1d05AcF9ecD56556F4cE89B28b20E9Dd9651,252,4.0,32.0
express,1174,0xA52b1d05AcF9ecD56556F4cE89B28b20E9Dd9651,253,4.0,32.0
express,1175,0xA52b1d05AcF9ecD56556F4cE89B28b20E9Dd9651,254,4.0,32.0
express,1176,0xA52b1d05AcF9ecD56556F4cE89B28b20E9Dd9651,255,4.0,32.0
express,1177,0xA52b1d05AcF9ecD56556F4cE89B28b20E9Dd9651,256,4.0,32.0
express,1178,0xA52b1d05AcF9ecD56556F4cE89B28b20E9Dd9651,257,4.0,32.0
express,1179,0xA52b1d05AcF9ecD56556F4cE89B28b20E9Dd9651,258,4.0,32.0
express,1180,0xA52b1d05AcF9ecD56556F4cE89B28b20E9Dd9651,259,4.0,32.0
express,1181,0xA52b1d05AcF9ecD56556F4cE89B28b20E9Dd9651,260,4.0,32.0
express,1182,0xA52b1d05AcF9ecD56556F4cE89B28b20E9Dd9651,261,4.0,32.0
express,1183,0xA52b1d05AcF9ecD56556F4cE89B28b20E9Dd9651,262,4.0,32.0
express,1184,0xA52b1d05AcF9ecD56556F4cE89B28b20E9Dd9651,263,4.0,32.0
express,1185,0xA52b1d05AcF9ecD56556F4cE89B28b20E9Dd9651,264,4.0,32.0
express,1186,0xA52b1d05AcF9ecD56556F4cE89B28b20E9Dd9651,265,4.0,32.0
express,1187,0xA52b1d05AcF9ecD56556F4cE89B28b20E9Dd9651,266,4.0,32.0
express,1188,0xA52b1d05AcF9ecD56556F4cE89B28b20E9Dd9651,267,4.0,32.0
express,1189,0xA52b1d05AcF9ecD56556F4cE89B28b20E9Dd9651,268,4.0,32.0
express,1190,0xA52b1d05AcF9ecD56556F4cE89B28b20E9Dd9651,269,4.0,32.0
express,1191,0xA52b1d05AcF9ecD56556F4cE89B28b20E9Dd9651,270,4.0,32.0
express,1192,0xA52b1d05AcF9ecD56556F4cE89B28b20E9Dd9651,271,4.0,32.0
express,1193,0xA52b1d05AcF9ecD56556F4cE89B28b20E9Dd9651,272,4.0,32.0
express,1194,0xA52b1d05AcF9ecD56556F4cE89B28b20E9Dd9651,273,4.0,32.0
express,1195,0xA52b1d05AcF9ecD56556F4cE89B28b20E9Dd9651,274,4.0,32.0
express,1196,0xA52b1d05AcF9ecD56556F4cE89B28b20E9Dd9651,275,4.0,32.0
express,1197,0xA52b1d05AcF9ecD56556F4cE89B28b20E9Dd9651,276,4.0,32.0
express,1198,0xA52b1d05AcF9ecD56556F4cE89B28b20E9Dd9651,277,4.0,32.0
express,1199,0xA52b1d05AcF9ecD56556F4cE89B28b20E9Dd9651,278,4.0,32.0
express,1200,0xA52b1d05AcF9ecD56556F4cE89B28b20E9Dd9651,279,4.0,32.0
express,1201,0xA52b1d05AcF9ecD56556F4cE89B28b20E9Dd9651,280,4.0,32.0
express,1202,0xA52b1d05AcF9ecD56556F4cE89B28b20E9Dd9651,281,4.0,32.0
express,1203,0xA52b1d05AcF9ecD56556F4cE89B28b20E9Dd9651,282,4.0,32.0
express,1204,0xA52b1d05AcF9ecD56556F4cE89B28b20E9Dd9651,283,4.0,32.0
express,1205,0xA52b1d05AcF9ecD56556F4cE89B28b20E9Dd9651,284,4.0,32.0
express,1206,0xA52b1d05AcF9ecD56556F4cE89B28b20E9Dd9651,285,4.0,32.0
express,1207,0xA52b1d05AcF9ecD56556F4cE89B28b20E9Dd9651,286,4.0,32.0
express,1208,0xA52b1d05AcF9ecD56556F4cE89B28b20E9Dd9651,287,4.0,32.0
express,1209,0xA52b1d05AcF9ecD56556F4cE89B28b20E9Dd9651,288,4.0,32.0
express,1210,0xA52b1d05AcF9ecD56556F4cE89B28b20E9Dd9651,289,4.0,32.0
express,1211,0xA52b1d05AcF9ecD56556F4cE89B28b20E9Dd9651,290,4.0,32.0
express,1212,0xA52b1d05AcF9ecD56556F4cE89B28b20E9Dd9651,291,4.0,32.0
express,1213,0xA52b1d05AcF9ecD56556F4cE89B28b20E9Dd9651,292,4.0,32.0
express,1214,0xA52b1d05AcF9ecD56556F4cE89B28b20E9Dd9651,293,4.0,32.0
express,1215,0xA52b1d05AcF9ecD56556F4cE89B28b20E9Dd9651,294,4.0,32.0
express,1216,0xA52b1d05AcF9ecD56556F4cE89B28b20E9Dd9651,295,4.0,32.0
express,1217,0xA52b1d05AcF9ecD56556F4cE89B28b20E9Dd9651,296,4.0,32.0
express,1218,0xA52b1d05AcF9ecD56556F4cE89B28b20E9Dd9651,297,4.0,32.0
express,1219,0xA52b1d05AcF9ecD56556F4cE89B28b20E9Dd9651,298,4.0,32.0
express,1220,0xA52b1d05AcF9ecD56556F4cE89B28b20E9Dd9651,299,4.0,32.0
express,1221,0xA52b1d05AcF9ecD56556F4cE89B28b20E9Dd9651,300,4.0,32.0
express,1222,0xA52b1d05AcF9ecD56556F4cE89B28b20E9Dd9651,301,4.0,32.0
express,1223,0xA52b1d05AcF9ecD56556F4cE89B28b20E9Dd9651,302,4.0,32.0
express,1224,0xA52b1d05AcF9ecD56556F4cE89B28b20E9Dd9651,303,4.0,32.0
express,1225,0xA52b1d05AcF9ecD56556F4cE89B28b20E9Dd9651,304,4.0,32.0
express,1226,0xA52b1d05AcF9ecD56556F4cE89B28b20E9Dd9651,305,4.0,32.0
express,1227,0xA52b1d05AcF9ecD56556F4cE89B28b20E9Dd9651,306,4.0,32.0
express,1228,0xA52b1d05AcF9ecD56556F4cE89B28b20E9Dd9651,307,4.0,32.0
express,1229,0xA52b1d05AcF9ecD56556F4cE89B28b20E9Dd9651,308,4.0,32.0
express,1230,0xA52b1d05AcF9ecD56556F4cE89B28b20E9Dd9651,309,4.0,32.0
express,1231,0xA52b1d05AcF9ecD56556F4cE89B28b20E9Dd9651,310,4.0,32.0
express,1232,0xA52b1d05AcF9ecD56556F4cE89B28b20E9Dd9651,311,4.0,32.0
express,1233,0xA52b1d05AcF9ecD56556F4cE89B28b20E9Dd9651,312,4.0,32.0
express,1234,0xA52b1d05AcF9ecD56556F4cE89B28b20E9Dd9651,313,4.0,32.0
express,1235,0xA52b1d05AcF9ecD56556F4cE89B28b20E9Dd9651,314,4.0,32.0
express,1236,0xA52b1d05AcF9ecD56556F4cE89B28b20E9Dd9651,315,4.0,32.0
express,1237,0xA52b1d05AcF9ecD56556F4cE89B28b20E9Dd9651,316,4.0,32.0
express,1238,0xA52b1d05AcF9ecD56556F4cE89B28b20E9Dd9651,317,4.0,32.0
express,1239,0xA52b1d05AcF9ecD56556F4cE89B28b20E9Dd9651,318,4.0,32.0
express,1240,0xA52b1d05AcF9ecD56556F4cE89B28b20E9Dd9651,319,4.0,32.0
express,1241,0xA52b1d05AcF9ecD56556F4cE89B28b20E9Dd9651,320,4.0,32.0
express,1242,0xA52b1d05AcF9ecD56556F4cE89B28b20E9Dd9651,321,4.0,32.0
express,1243,0xA52b1d05AcF9ecD56556F4cE89B28b20E9Dd9651,322,4.0,32.0
express,1244,0xA52b1d05AcF9ecD56556F4cE89B28b20E9Dd9651,323,4.0,32.0
express,1245,0xA52b1d05AcF9ecD56556F4cE89B28b20E9Dd9651,324,4.0,32.0
express,1246,0xA52b1d05AcF9ecD56556F4cE89B28b20E9Dd9651,325,4.0,32.0
express,1247,0xA52b1d05AcF9ecD56556F4cE89B28b20E9Dd9651,326,4.0,32.0
express,1248,0xA52b1d05AcF9ecD56556F4cE89B28b20E9Dd9651,327,4.0,32.0
express,1249,0xA52b1d05AcF9ecD56556F4cE89B28b20E9Dd9651,328,4.0,32.0
express,1250,0xA52b1d05AcF9ecD56556F4cE89B28b20E9Dd9651,329,4.0,32.0
express,1251,0xA52b1d05AcF9ecD56556F4cE89B28b20E9Dd9651,330,4.0,32.0
express,1252,0xA52b1d05AcF9ecD56556F4cE89B28b20E9Dd9651,331,4.0,32.0
express,1253,0xA52b1d05AcF9ecD56556F4cE89B28b20E9Dd9651,332,4.0,32.0
express,1254,0xA52b1d05AcF9ecD56556F4cE89B28b20E9Dd9651,333,4.0,32.0
express,1255,0xA52b1d05AcF9ecD56556F4cE89B28b20E9Dd9651,334,4.0,32.0
express,1256,0xA52b1d05AcF9ecD56556F4cE89B28b20E9Dd9651,335,4.0,32.0
express,1257,0xA52b1d05AcF9ecD56556F4cE89B28b20E9Dd9651,336,4.0,32.0
express,1258,0xA52b1d05AcF9ecD56556F4cE89B28b20E9Dd9651,337,4.0,32.0
express,1259,0xA52b1d05AcF9ecD56556F4cE89B28b20E9Dd9651,338,4.0,32.0
express,1260,0xA52b1d05AcF9ecD56556F4cE89B28b20E9Dd9651,339,4.0,32.0
express,1261,0xA52b1d05AcF9ecD56556F4cE89B28b20E9Dd9651,340,4.0,32.0
express,1262,0xA52b1d05AcF9ecD56556F4cE89B28b20E9Dd9651,341,4.0,32.0
express,1263,0xA52b1d05AcF9ecD56556F4cE89B28b20E9Dd9651,342,4.0,32.0
express,1264,0xA52b1d05AcF9ecD56556F4cE89B28b20E9Dd9651,343,4.0,32.0
express,1265,0xA52b1d05AcF9ecD56556F4cE89B28b20E9Dd9651,344,4.0,32.0
express,1266,0xA52b1d05AcF9ecD56556F4cE89B28b20E9Dd9651,345,4.0,32.0
express,1267,0xA52b1d05AcF9ecD56556F4cE89B28b20E9Dd9651,346,4.0,32.0
express,1268,0xA52b1d05AcF9ecD56556F4cE89B28b20E9Dd9651,347,4.0,32.0
express,1269,0xA52b1d05AcF9ecD56556F4cE89B28b20E9Dd9651,348,4.0,32.0
express,1270,0xA52b1d05AcF9ecD56556F4cE89B28b20E9Dd9651,349,4.0,32.0
express,1271,0x756e6546018bF117D2578Ce6B909532e5a23f328,0,4.0,32.0
express,1272,0x756e6546018bF117D2578Ce6B909532e5a23f328,1,4.0,32.0
express,1273,0x001AaeCBc3aEAc4D73a66944b07D9F8eA1445503,0,4.0,32.0
express,1274,0x001AaeCBc3aEAc4D73a66944b07D9F8eA1445503,1,4.0,32.0
express,1275,0x001AaeCBc3aEAc4D73a66944b07D9F8eA1445503,2,4.0,32.0
express,1276,0x001AaeCBc3aEAc4D73a66944b07D9F8eA1445503,3,4.0,32.0
express,1277,0x0c734E31029EbE57bF8C20eAE3F486f48C7134d2,0,4.0,32.0
express,1278,0xEf504d7808568613715c94bBa0B251D093E80163,0,4.0,32.0
express,1279,0xEf504d7808568613715c94bBa0B251D093E80163,1,4.0,32.0
express,1280,0xEf504d7808568613715c94bBa0B251D093E80163,2,4.0,32.0
express,1281,0xEf504d7808568613715c94bBa0B251D093E80163,3,4.0,32.0
express,1282,0x821d1D843C22609E8cBC1DF852378f400bAa0074,0,4.0,32.0
express,1283,0x821d1D843C22609E8cBC1DF852378f400bAa0074,1,4.0,32.0
express,1284,0x821d1D843C22609E8cBC1DF852378f400bAa0074,2,4.0,32.0
express,1285,0x334a09261cfcb5874a955e4853FcE90BdE11D4ae,0,4.0,32.0
express,1286,0x334a09261cfcb5874a955e4853FcE90BdE11D4ae,1,4.0,32.0
express,1287,0x334a09261cfcb5874a955e4853FcE90BdE11D4ae,2,4.0,32.0
express,1288,0x334a09261cfcb5874a955e4853FcE90BdE11D4ae,3,4.0,32.0
express,1289,0x334a09261cfcb5874a955e4853FcE90BdE11D4ae,4,4.0,32.0
express,1290,0x334a09261cfcb5874a955e4853FcE90BdE11D4ae,5,4.0,32.0
express,1291,0x334a09261cfcb5874a955e4853FcE90BdE11D4ae,6,4.0,32.0
express,1292,0x334a09261cfcb5874a955e4853FcE90BdE11D4ae,7,4.0,32.0
express,1293,0x334a09261cfcb5874a955e4853FcE90BdE11D4ae,8,4.0,32.0
express,1294,0x334a09261cfcb5874a955e4853FcE90BdE11D4ae,9,4.0,32.0
express,1295,0xd293C9b785917f81270f14fa33a9173c18AE7CC0,0,4.0,32.0
express,1296,0xacb8ba3CB8A13E9545406A71a22646d2A68c9D30,0,4.0,32.0
express,1297,0xa9d12EE45aFF9BAFc691dA59BC56eF9D5007fe43,0,4.0,32.0
express,1298,0x69366E127515e0354e604eBB0dFB6d5df1111379,4,4.0,32.0
express,1299,0x69366E127515e0354e604eBB0dFB6d5df1111379,5,4.0,32.0
express,1300,0x69366E127515e0354e604eBB0dFB6d5df1111379,6,4.0,32.0
express,1301,0x69366E127515e0354e604eBB0dFB6d5df1111379,7,4.0,32.0
express,1302,0x69366E127515e0354e604eBB0dFB6d5df1111379,8,4.0,32.0
express,1303,0x69366E127515e0354e604eBB0dFB6d5df1111379,9,4.0,32.0
express,1304,0x69366E127515e0354e604eBB0dFB6d5df1111379,10,4.0,32.0
express,1305,0x69366E127515e0354e604eBB0dFB6d5df1111379,11,4.0,32.0
express,1306,0x69366E127515e0354e604eBB0dFB6d5df1111379,12,4.0,32.0
express,1307,0x69366E127515e0354e604eBB0dFB6d5df1111379,13,4.0,32.0
express,1308,0x6A781EC10Bf64AD1f1e36857a52792cB2C2b3Ece,0,4.0,32.0
express,1309,0x6A781EC10Bf64AD1f1e36857a52792cB2C2b3Ece,1,4.0,32.0
express,1310,0x6A781EC10Bf64AD1f1e36857a52792cB2C2b3Ece,2,4.0,32.0
express,1311,0x6A781EC10Bf64AD1f1e36857a52792cB2C2b3Ece,3,4.0,32.0
express,1312,0x7763C7f19477A719223Ef5a0992a1d172EA8c29F,0,4.0,32.0
express,1313,0x7763C7f19477A719223Ef5a0992a1d172EA8c29F,1,4.0,32.0
standard,0,0x543DBa54e98Feb402dc11a4aD476C9aB892E81dC,82,4.0,32.0
standard,1,0x543DBa54e98Feb402dc11a4aD476C9aB892E81dC,83,4.0,32.0
standard,2,0x543DBa54e98Feb402dc11a4aD476C9aB892E81dC,84,4.0,32.0
standard,3,0x543DBa54e98Feb402dc11a4aD476C9aB892E81dC,85,4.0,32.0
standard,4,0x543DBa54e98Feb402dc11a4aD476C9aB892E81dC,86,4.0,32.0
standard,5,0x543DBa54e98Feb402dc11a4aD476C9aB892E81dC,87,4.0,32.0
standard,6,0x543DBa54e98Feb402dc11a4aD476C9aB892E81dC,88,4.0,32.0
standard,7,0x543DBa54e98Feb402dc11a4aD476C9aB892E81dC,89,4.0,32.0
standard,8,0x543DBa54e98Feb402dc11a4aD476C9aB892E81dC,90,4.0,32.0
standard,9,0x543DBa54e98Feb402dc11a4aD476C9aB892E81dC,91,4.0,32.0
standard,10,0x543DBa54e98Feb402dc11a4aD476C9aB892E81dC,92,4.0,32.0
standard,11,0x543DBa54e98Feb402dc11a4aD476C9aB892E81dC,93,4.0,32.0
standard,12,0x543DBa54e98Feb402dc11a4aD476C9aB892E81dC,94,4.0,32.0
standard,13,0x543DBa54e98Feb402dc11a4aD476C9aB892E81dC,95,4.0,32.0
standard,14,0x543DBa54e98Feb402dc11a4aD476C9aB892E81dC,96,4.0,32.0
standard,15,0x543DBa54e98Feb402dc11a4aD476C9aB892E81dC,97,4.0,32.0
standard,16,0x543DBa54e98Feb402dc11a4aD476C9aB892E81dC,98,4.0,32.0
standard,17,0x543DBa54e98Feb402dc11a4aD476C9aB892E81dC,99,4.0,32.0
standard,18,0x543DBa54e98Feb402dc11a4aD476C9aB892E81dC,100,4.0,32.0
standard,19,0x543DBa54e98Feb402dc11a4aD476C9aB892E81dC,101,4.0,32.0
standard,20,0x543DBa54e98Feb402dc11a4aD476C9aB892E81dC,102,4.0,32.0
standard,21,0x543DBa54e98Feb402dc11a4aD476C9aB892E81dC,103,4.0,32.0
standard,22,0x543DBa54e98Feb402dc11a4aD476C9aB892E81dC,104,4.0,32.0
standard,23,0x410A22B5c662B9e3A03DCa5672c06Ac8f6506B36,38,4.0,32.0
standard,24,0x8236d80c86FF9F8168a174B86Da7898E415E27A6,0,4.0,32.0
standard,25,0x8236d80c86FF9F8168a174B86Da7898E415E27A6,1,4.0,32.0
standard,26,0x8236d80c86FF9F8168a174B86Da7898E415E27A6,2,4.0,32.0
standard,27,0x8236d80c86FF9F8168a174B86Da7898E415E27A6,3,4.0,32.0
standard,28,0x8236d80c86FF9F8168a174B86Da7898E415E27A6,4,4.0,32.0
standard,29,0x8236d80c86FF9F8168a174B86Da7898E415E27A6,5,4.0,32.0
standard,30,0x8236d80c86FF9F8168a174B86Da7898E415E27A6,6,4.0,32.0
standard,31,0x8236d80c86FF9F8168a174B86Da7898E415E27A6,7,4.0,32.0
standard,32,0x8236d80c86FF9F8168a174B86Da7898E415E27A6,8,4.0,32.0
standard,33,0x8236d80c86FF9F8168a174B86Da7898E415E27A6,9,4.0,32.0
standard,34,0x543DBa54e98Feb402dc11a4aD476C9aB892E81dC,105,4.0,32.0
standard,35,0x543DBa54e98Feb402dc11a4aD476C9aB892E81dC,106,4.0,32.0
standard,36,0x543DBa54e98Feb402dc11a4aD476C9aB892E81dC,107,4.0,32.0
standard,37,0x543DBa54e98Feb402dc11a4aD476C9aB892E81dC,108,4.0,32.0
standard,38,0x543DBa54e98Feb402dc11a4aD476C9aB892E81dC,109,4.0,32.0
standard,39,0x543DBa54e98Feb402dc11a4aD476C9aB892E81dC,110,4.0,32.0
standard,40,0x543DBa54e98Feb402dc11a4aD476C9aB892E81dC,111,4.0,32.0
standard,41,0x543DBa54e98Feb402dc11a4aD476C9aB892E81dC,112,4.0,32.0
standard,42,0x543DBa54e98Feb402dc11a4aD476C9aB892E81dC,113,4.0,32.0
standard,43,0x543DBa54e98Feb402dc11a4aD476C9aB892E81dC,114,4.0,32.0
standard,44,0x543DBa54e98Feb402dc11a4aD476C9aB892E81dC,115,4.0,32.0
standard,45,0x543DBa54e98Feb402dc11a4aD476C9aB892E81dC,116,4.0,32.0
standard,46,0x543DBa54e98Feb402dc11a4aD476C9aB892E81dC,117,4.0,32.0
standard,47,0x543DBa54e98Feb402dc11a4aD476C9aB892E81dC,118,4.0,32.0
standard,48,0x543DBa54e98Feb402dc11a4aD476C9aB892E81dC,119,4.0,32.0
standard,49,0x543DBa54e98Feb402dc11a4aD476C9aB892E81dC,120,4.0,32.0
standard,50,0x543DBa54e98Feb402dc11a4aD476C9aB892E81dC,121,4.0,32.0
standard,51,0x543DBa54e98Feb402dc11a4aD476C9aB892E81dC,122,4.0,32.0
standard,52,0x543DBa54e98Feb402dc11a4aD476C9aB892E81dC,123,4.0,32.0
standard,53,0x543DBa54e98Feb402dc11a4aD476C9aB892E81dC,124,4.0,32.0
standard,54,0xe40F7a44f74B9bEACc64F9cFE132dC14EcefF923,0,4.0,32.0
standard,55,0xe40F7a44f74B9bEACc64F9cFE132dC14EcefF923,1,4.0,32.0
standard,56,0xe40F7a44f74B9bEACc64F9cFE132dC14EcefF923,2,4.0,32.0
standard,57,0x730b8e0438B739E0D1E969743f3669ab178A7B9d,0,4.0,32.0
standard,58,0x86cb5e1A76916178293BB508498Bb0108FeB755B,0,4.0,32.0
standard,59,0xab41cAcBE49c26993c4C33f2abd2a7633CdDEfE6,0,4.0,32.0
standard,60,0xab41cAcBE49c26993c4C33f2abd2a7633CdDEfE6,1,4.0,32.0
standard,61,0xFDD68651Fb32E80919e7156aD84cc9A7ea195f1D,0,4.0,32.0
standard,62,0x37F6fAb61e720F372B5AA5B3965bf93142855Ab6,0,4.0,32.0
standard,63,0x37F6fAb61e720F372B5AA5B3965bf93142855Ab6,1,4.0,32.0
standard,64,0x37F6fAb61e720F372B5AA5B3965bf93142855Ab6,2,4.0,32.0
standard,65,0x37F6fAb61e720F372B5AA5B3965bf93142855Ab6,3,4.0,32.0
standard,66,0xdE6a109307d840aa9Ffb0a7ce7F84D49bAD4147E,0,4.0,32.0
standard,67,0xdE6a109307d840aa9Ffb0a7ce7F84D49bAD4147E,1,4.0,32.0
standard,68,0xdE6a109307d840aa9Ffb0a7ce7F84D49bAD4147E,2,4.0,32.0
standard,69,0xdE6a109307d840aa9Ffb0a7ce7F84D49bAD4147E,3,4.0,32.0
standard,70,0xdE6a109307d840aa9Ffb0a7ce7F84D49bAD4147E,4,4.0,32.0
standard,71,0xdE6a109307d840aa9Ffb0a7ce7F84D49bAD4147E,5,4.0,32.0
standard,72,0xdE6a109307d840aa9Ffb0a7ce7F84D49bAD4147E,6,4.0,32.0
standard,73,0xdE6a109307d840aa9Ffb0a7ce7F84D49bAD4147E,7,4.0,32.0
standard,74,0xdE6a109307d840aa9Ffb0a7ce7F84D49bAD4147E,8,4.0,32.0
standard,75,0xdE6a109307d840aa9Ffb0a7ce7F84D49bAD4147E,9,4.0,32.0
standard,76,0xdE6a109307d840aa9Ffb0a7ce7F84D49bAD4147E,10,4.0,32.0
standard,77,0xdE6a109307d840aa9Ffb0a7ce7F84D49bAD4147E,11,4.0,32.0
standard,78,0xdE6a109307d840aa9Ffb0a7ce7F84D49bAD4147E,12,4.0,32.0
standard,79,0xdE6a109307d840aa9Ffb0a7ce7F84D49bAD4147E,13,4.0,32.0
standard,80,0x2A49ee6eBfD0149C62DD1365431967a15E6143BA,0,4.0,32.0
standard,81,0x2A49ee6eBfD0149C62DD1365431967a15E6143BA,1,4.0,32.0
standard,82,0x2A49ee6eBfD0149C62DD1365431967a15E6143BA,2,4.0,32.0
standard,83,0x2A49ee6eBfD0149C62DD1365431967a15E6143BA,3,4.0,32.0
standard,84,0x2A49ee6eBfD0149C62DD1365431967a15E6143BA,4,4.0,32.0
standard,85,0x2A49ee6eBfD0149C62DD1365431967a15E6143BA,5,4.0,32.0
standard,86,0x2A49ee6eBfD0149C62DD1365431967a15E6143BA,6,4.0,32.0
standard,87,0x2A49ee6eBfD0149C62DD1365431967a15E6143BA,7,4.0,32.0
standard,88,0x2A49ee6eBfD0149C62DD1365431967a15E6143BA,8,4.0,32.0
standard,89,0x2A49ee6eBfD0149C62DD1365431967a15E6143BA,9,4.0,32.0
standard,90,0x2A49ee6eBfD0149C62DD1365431967a15E6143BA,10,4.0,32.0
standard,91,0x2A49ee6eBfD0149C62DD1365431967a15E6143BA,11,4.0,32.0
standard,92,0x2A49ee6eBfD0149C62DD1365431967a15E6143BA,12,4.0,32.0
standard,93,0x2A49ee6eBfD0149C62DD1365431967a15E6143BA,13,4.0,32.0
standard,94,0x2A49ee6eBfD0149C62DD1365431967a15E6143BA,14,4.0,32.0
standard,95,0x2A49ee6eBfD0149C62DD1365431967a15E6143BA,15,4.0,32.0
standard,96,0x2A49ee6eBfD0149C62DD1365431967a15E6143BA,16,4.0,32.0
standard,97,0x2A49ee6eBfD0149C62DD1365431967a15E6143BA,17,4.0,32.0
standard,98,0x2A49ee6eBfD0149C62DD1365431967a15E6143BA,18,4.0,32.0
standard,99,0x2A49ee6eBfD0149C62DD1365431967a15E6143BA,19,4.0,32.0
standard,100,0x2A49ee6eBfD0149C62DD1365431967a15E6143BA,20,4.0,32.0
standard,101,0x2A49ee6eBfD0149C62DD1365431967a15E6143BA,21,4.0,32.0
standard,102,0x2A49ee6eBfD0149C62DD1365431967a15E6143BA,22,4.0,32.0
standard,103,0x2A49ee6eBfD0149C62DD1365431967a15E6143BA,23,4.0,32.0
standard,104,0x2A49ee6eBfD0149C62DD1365431967a15E6143BA,24,4.0,32.0
standard,105,0x2A49ee6eBfD0149C62DD1365431967a15E6143BA,25,4.0,32.0
standard,106,0x2A49ee6eBfD0149C62DD1365431967a15E6143BA,26,4.0,32.0
standard,107,0x2A49ee6eBfD0149C62DD1365431967a15E6143BA,27,4.0,32.0
standard,108,0x2A49ee6eBfD0149C62DD1365431967a15E6143BA,28,4.0,32.0
standard,109,0x2A49ee6eBfD0149C62DD1365431967a15E6143BA,29,4.0,32.0
standard,110,0x2A49ee6eBfD0149C62DD1365431967a15E6143BA,30,4.0,32.0
standard,111,0x2A49ee6eBfD0149C62DD1365431967a15E6143BA,31,4.0,32.0
standard,112,0x2A49ee6eBfD0149C62DD1365431967a15E6143BA,32,4.0,32.0
standard,113,0x2A49ee6eBfD0149C62DD1365431967a15E6143BA,33,4.0,32.0
standard,114,0x2A49ee6eBfD0149C62DD1365431967a15E6143BA,34,4.0,32.0
standard,115,0x2A49ee6eBfD0149C62DD1365431967a15E6143BA,35,4.0,32.0
standard,116,0x2A49ee6eBfD0149C62DD1365431967a15E6143BA,36,4.0,32.0
standard,117,0x2A49ee6eBfD0149C62DD1365431967a15E6143BA,37,4.0,32.0
standard,118,0x2A49ee6eBfD0149C62DD1365431967a15E6143BA,38,4.0,32.0
standard,119,0x2A49ee6eBfD0149C62DD1365431967a15E6143BA,39,4.0,32.0
standard,120,0x2A49ee6eBfD0149C62DD1365431967a15E6143BA,40,4.0,32.0
standard,121,0x2A49ee6eBfD0149C62DD1365431967a15E6143BA,41,4.0,32.0
standard,122,0x2A49ee6eBfD0149C62DD1365431967a15E6143BA,42,4.0,32.0
standard,123,0x2A49ee6eBfD0149C62DD1365431967a15E6143BA,43,4.0,32.0
standard,124,0x2A49ee6eBfD0149C62DD1365431967a15E6143BA,44,4.0,32.0
standard,125,0x2A49ee6eBfD0149C62DD1365431967a15E6143BA,45,4.0,32.0
standard,126,0x2A49ee6eBfD0149C62DD1365431967a15E6143BA,46,4.0,32.0
standard,127,0x2A49ee6eBfD0149C62DD1365431967a15E6143BA,47,4.0,32.0
standard,128,0x2A49ee6eBfD0149C62DD1365431967a15E6143BA,48,4.0,32.0
standard,129,0x2A49ee6eBfD0149C62DD1365431967a15E6143BA,49,4.0,32.0
standard,130,0x2A49ee6eBfD0149C62DD1365431967a15E6143BA,50,4.0,32.0
standard,131,0x2A49ee6eBfD0149C62DD1365431967a15E6143BA,51,4.0,32.0
standard,132,0x2A49ee6eBfD0149C62DD1365431967a15E6143BA,52,4.0,32.0
standard,133,0x2A49ee6eBfD0149C62DD1365431967a15E6143BA,53,4.0,32.0
standard,134,0x2A49ee6eBfD0149C62DD1365431967a15E6143BA,54,4.0,32.0
standard,135,0x2A49ee6eBfD0149C62DD1365431967a15E6143BA,55,4.0,32.0
standard,136,0x2A49ee6eBfD0149C62DD1365431967a15E6143BA,56,4.0,32.0
standard,137,0x2A49ee6eBfD0149C62DD1365431967a15E6143BA,57,4.0,32.0
standard,138,0x2A49ee6eBfD0149C62DD1365431967a15E6143BA,58,4.0,32.0
standard,139,0x2A49ee6eBfD0149C62DD1365431967a15E6143BA,59,4.0,32.0
standard,140,0x2A49ee6eBfD0149C62DD1365431967a15E6143BA,60,4.0,32.0
standard,141,0x2A49ee6eBfD0149C62DD1365431967a15E6143BA,61,4.0,32.0
standard,142,0x2A49ee6eBfD0149C62DD1365431967a15E6143BA,62,4.0,32.0
standard,143,0x2A49ee6eBfD0149C62DD1365431967a15E6143BA,63,4.0,32.0
standard,144,0x2A49ee6eBfD0149C62DD1365431967a15E6143BA,64,4.0,32.0
standard,145,0x2A49ee6eBfD0149C62DD1365431967a15E6143BA,65,4.0,32.0
standard,146,0x2A49ee6eBfD0149C62DD1365431967a15E6143BA,66,4.0,32.0
standard,147,0x2A49ee6eBfD0149C62DD1365431967a15E6143BA,67,4.0,32.0
standard,148,0x2A49ee6eBfD0149C62DD1365431967a15E6143BA,68,4.0,32.0
standard,149,0x2A49ee6eBfD0149C62DD1365431967a15E6143BA,69,4.0,32.0
standard,150,0x2A49ee6eBfD0149C62DD1365431967a15E6143BA,70,4.0,32.0
standard,151,0x2A49ee6eBfD0149C62DD1365431967a15E6143BA,71,4.0,32.0
standard,152,0x2A49ee6eBfD0149C62DD1365431967a15E6143BA,72,4.0,32.0
standard,153,0x2A49ee6eBfD0149C62DD1365431967a15E6143BA,73,4.0,32.0
standard,154,0x2A49ee6eBfD0149C62DD1365431967a15E6143BA,74,4.0,32.0
standard,155,0x2A49ee6eBfD0149C62DD1365431967a15E6143BA,75,4.0,32.0
standard,156,0x2A49ee6eBfD0149C62DD1365431967a15E6143BA,76,4.0,32.0
standard,157,0x2A49ee6eBfD0149C62DD1365431967a15E6143BA,77,4.0,32.0
standard,158,0x2A49ee6eBfD0149C62DD1365431967a15E6143BA,78,4.0,32.0
standard,159,0x2A49ee6eBfD0149C62DD1365431967a15E6143BA,79,4.0,32.0
standard,160,0x2A49ee6eBfD0149C62DD1365431967a15E6143BA,80,4.0,32.0
standard,161,0x2A49ee6eBfD0149C62DD1365431967a15E6143BA,81,4.0,32.0
standard,162,0x2A49ee6eBfD0149C62DD1365431967a15E6143BA,82,4.0,32.0
standard,163,0x2A49ee6eBfD0149C62DD1365431967a15E6143BA,83,4.0,32.0
standard,164,0x2A49ee6eBfD0149C62DD1365431967a15E6143BA,84,4.0,32.0
standard,165,0x2A49ee6eBfD0149C62DD1365431967a15E6143BA,85,4.0,32.0
standard,166,0x2A49ee6eBfD0149C62DD1365431967a15E6143BA,86,4.0,32.0
standard,167,0x2A49ee6eBfD0149C62DD1365431967a15E6143BA,87,4.0,32.0
standard,168,0x2A49ee6eBfD0149C62DD1365431967a15E6143BA,88,4.0,32.0
standard,169,0x2A49ee6eBfD0149C62DD1365431967a15E6143BA,89,4.0,32.0
standard,170,0x2A49ee6eBfD0149C62DD1365431967a15E6143BA,90,4.0,32.0
standard,171,0x2A49ee6eBfD0149C62DD1365431967a15E6143BA,91,4.0,32.0
standard,172,0x2A49ee6eBfD0149C62DD1365431967a15E6143BA,92,4.0,32.0
standard,173,0x2A49ee6eBfD0149C62DD1365431967a15E6143BA,93,4.0,32.0
standard,174,0x2A49ee6eBfD0149C62DD1365431967a15E6143BA,94,4.0,32.0
standard,175,0x2A49ee6eBfD0149C62DD1365431967a15E6143BA,95,4.0,32.0
standard,176,0x2A49ee6eBfD0149C62DD1365431967a15E6143BA,96,4.0,32.0
standard,177,0x2A49ee6eBfD0149C62DD1365431967a15E6143BA,97,4.0,32.0
standard,178,0x2A49ee6eBfD0149C62DD1365431967a15E6143BA,98,4.0,32.0
standard,179,0x2A49ee6eBfD0149C62DD1365431967a15E6143BA,99,4.0,32.0
standard,180,0x2A49ee6eBfD0149C62DD1365431967a15E6143BA,100,4.0,32.0
standard,181,0x2A49ee6eBfD0149C62DD1365431967a15E6143BA,101,4.0,32.0
standard,182,0x2A49ee6eBfD0149C62DD1365431967a15E6143BA,102,4.0,32.0
standard,183,0x2A49ee6eBfD0149C62DD1365431967a15E6143BA,103,4.0,32.0
standard,184,0x2A49ee6eBfD0149C62DD1365431967a15E6143BA,104,4.0,32.0
standard,185,0x2A49ee6eBfD0149C62DD1365431967a15E6143BA,105,4.0,32.0
standard,186,0x2A49ee6eBfD0149C62DD1365431967a15E6143BA,106,4.0,32.0
standard,187,0x2A49ee6eBfD0149C62DD1365431967a15E6143BA,107,4.0,32.0
standard,188,0x2A49ee6eBfD0149C62DD1365431967a15E6143BA,108,4.0,32.0
standard,189,0x2A49ee6eBfD0149C62DD1365431967a15E6143BA,109,4.0,32.0
standard,190,0x2A49ee6eBfD0149C62DD1365431967a15E6143BA,110,4.0,32.0
standard,191,0x2A49ee6eBfD0149C62DD1365431967a15E6143BA,111,4.0,32.0
standard,192,0x2A49ee6eBfD0149C62DD1365431967a15E6143BA,112,4.0,32.0
standard,193,0x2A49ee6eBfD0149C62DD1365431967a15E6143BA,113,4.0,32.0
standard,194,0x2A49ee6eBfD0149C62DD1365431967a15E6143BA,114,4.0,32.0
standard,195,0x2A49ee6eBfD0149C62DD1365431967a15E6143BA,115,4.0,32.0
standard,196,0x2A49ee6eBfD0149C62DD1365431967a15E6143BA,116,4.0,32.0
standard,197,0x2A49ee6eBfD0149C62DD1365431967a15E6143BA,117,4.0,32.0
standard,198,0x2A49ee6eBfD0149C62DD1365431967a15E6143BA,118,4.0,32.0
standard,199,0x2A49ee6eBfD0149C62DD1365431967a15E6143BA,119,4.0,32.0
standard,200,0x2A49ee6eBfD0149C62DD1365431967a15E6143BA,120,4.0,32.0
standard,201,0x2A49ee6eBfD0149C62DD1365431967a15E6143BA,121,4.0,32.0
standard,202,0x2A49ee6eBfD0149C62DD1365431967a15E6143BA,122,4.0,32.0
standard,203,0x2A49ee6eBfD0149C62DD1365431967a15E6143BA,123,4.0,32.0
standard,204,0x2A49ee6eBfD0149C62DD1365431967a15E6143BA,124,4.0,32.0
standard,205,0x2A49ee6eBfD0149C62DD1365431967a15E6143BA,125,4.0,32.0
standard,206,0x2A49ee6eBfD0149C62DD1365431967a15E6143BA,126,4.0,32.0
standard,207,0x2A49ee6eBfD0149C62DD1365431967a15E6143BA,127,4.0,32.0
standard,208,0x2A49ee6eBfD0149C62DD1365431967a15E6143BA,128,4.0,32.0
standard,209,0x2A49ee6eBfD0149C62DD1365431967a15E6143BA,129,4.0,32.0
standard,210,0x2A49ee6eBfD0149C62DD1365431967a15E6143BA,130,4.0,32.0
standard,211,0x2A49ee6eBfD0149C62DD1365431967a15E6143BA,131,4.0,32.0
standard,212,0x2A49ee6eBfD0149C62DD1365431967a15E6143BA,132,4.0,32.0
standard,213,0x2A49ee6eBfD0149C62DD1365431967a15E6143BA,133,4.0,32.0
standard,214,0x2A49ee6eBfD0149C62DD1365431967a15E6143BA,134,4.0,32.0
standard,215,0x2A49ee6eBfD0149C62DD1365431967a15E6143BA,135,4.0,32.0
standard,216,0x2A49ee6eBfD0149C62DD1365431967a15E6143BA,136,4.0,32.0
standard,217,0x2A49ee6eBfD0149C62DD1365431967a15E6143BA,137,4.0,32.0
standard,218,0x2A49ee6eBfD0149C62DD1365431967a15E6143BA,138,4.0,32.0
standard,219,0x2A49ee6eBfD0149C62DD1365431967a15E6143BA,139,4.0,32.0
standard,220,0x2A49ee6eBfD0149C62DD1365431967a15E6143BA,140,4.0,32.0
standard,221,0x2A49ee6eBfD0149C62DD1365431967a15E6143BA,141,4.0,32.0
standard,222,0x2A49ee6eBfD0149C62DD1365431967a15E6143BA,142,4.0,32.0
standard,223,0x2A49ee6eBfD0149C62DD1365431967a15E6143BA,143,4.0,32.0
standard,224,0x2A49ee6eBfD0149C62DD1365431967a15E6143BA,144,4.0,32.0
standard,225,0x2A49ee6eBfD0149C62DD1365431967a15E6143BA,145,4.0,32.0
standard,226,0x2A49ee6eBfD0149C62DD1365431967a15E6143BA,146,4.0,32.0
standard,227,0x2A49ee6eBfD0149C62DD1365431967a15E6143BA,147,4.0,32.0
standard,228,0x2A49ee6eBfD0149C62DD1365431967a15E6143BA,148,4.0,32.0
standard,229,0x2A49ee6eBfD0149C62DD1365431967a15E6143BA,149,4.0,32.0
standard,230,0x2A49ee6eBfD0149C62DD1365431967a15E6143BA,150,4.0,32.0
standard,231,0x2A49ee6eBfD0149C62DD1365431967a15E6143BA,151,4.0,32.0
standard,232,0x2A49ee6eBfD0149C62DD1365431967a15E6143BA,152,4.0,32.0
standard,233,0x2A49ee6eBfD0149C62DD1365431967a15E6143BA,153,4.0,32.0
standard,234,0x2A49ee6eBfD0149C62DD1365431967a15E6143BA,154,4.0,32.0
standard,235,0x2A49ee6eBfD0149C62DD1365431967a15E6143BA,155,4.0,32.0
standard,236,0x2A49ee6eBfD0149C62DD1365431967a15E6143BA,156,4.0,32.0
standard,237,0x2A49ee6eBfD0149C62DD1365431967a15E6143BA,157,4.0,32.0
standard,238,0x2A49ee6eBfD0149C62DD1365431967a15E6143BA,158,4.0,32.0
standard,239,0x2A49ee6eBfD0149C62DD1365431967a15E6143BA,159,4.0,32.0
standard,240,0x2A49ee6eBfD0149C62DD1365431967a15E6143BA,160,4.0,32.0
standard,241,0x2A49ee6eBfD0149C62DD1365431967a15E6143BA,161,4.0,32.0
standard,242,0x2A49ee6eBfD0149C62DD1365431967a15E6143BA,162,4.0,32.0
standard,243,0x2A49ee6eBfD0149C62DD1365431967a15E6143BA,163,4.0,32.0
standard,244,0x2A49ee6eBfD0149C62DD1365431967a15E6143BA,164,4.0,32.0
standard,245,0x2A49ee6eBfD0149C62DD1365431967a15E6143BA,165,4.0,32.0
standard,246,0x2A49ee6eBfD0149C62DD1365431967a15E6143BA,166,4.0,32.0
standard,247,0x2A49ee6eBfD0149C62DD1365431967a15E6143BA,167,4.0,32.0
standard,248,0x2A49ee6eBfD0149C62DD1365431967a15E6143BA,168,4.0,32.0
standard,249,0x2A49ee6eBfD0149C62DD1365431967a15E6143BA,169,4.0,32.0
standard,250,0x2A49ee6eBfD0149C62DD1365431967a15E6143BA,170,4.0,32.0
standard,251,0x2A49ee6eBfD0149C62DD1365431967a15E6143BA,171,4.0,32.0
standard,252,0x2A49ee6eBfD0149C62DD1365431967a15E6143BA,172,4.0,32.0
standard,253,0x2A49ee6eBfD0149C62DD1365431967a15E6143BA,173,4.0,32.0
standard,254,0x2A49ee6eBfD0149C62DD1365431967a15E6143BA,174,4.0,32.0
standard,255,0xECf80D01EbCDb8C6f275f9D20548aA9A7A15b0C0,6,4.0,32.0
standard,256,0xECf80D01EbCDb8C6f275f9D20548aA9A7A15b0C0,7,4.0,32.0
standard,257,0xECf80D01EbCDb8C6f275f9D20548aA9A7A15b0C0,8,4.0,32.0
standard,258,0xECf80D01EbCDb8C6f275f9D20548aA9A7A15b0C0,9,4.0,32.0
standard,259,0xECf80D01EbCDb8C6f275f9D20548aA9A7A15b0C0,10,4.0,32.0
standard,260,0xECf80D01EbCDb8C6f275f9D20548aA9A7A15b0C0,11,4.0,32.0
standard,261,0xAEbB51307aA362Aab2F20d4A5652C8c35cb824b6,20,4.0,32.0
standard,262,0xAEbB51307aA362Aab2F20d4A5652C8c35cb824b6,21,4.0,32.0
standard,263,0xAEbB51307aA362Aab2F20d4A5652C8c35cb824b6,22,4.0,32.0
standard,264,0xAEbB51307aA362Aab2F20d4A5652C8c35cb824b6,23,4.0,32.0
standard,265,0xAEbB51307aA362Aab2F20d4A5652C8c35cb824b6,24,4.0,32.0
standard,266,0xAEbB51307aA362Aab2F20d4A5652C8c35cb824b6,25,4.0,32.0
standard,267,0xAEbB51307aA362Aab2F20d4A5652C8c35cb824b6,26,4.0,32.0
standard,268,0xAEbB51307aA362Aab2F20d4A5652C8c35cb824b6,27,4.0,32.0
standard,269,0xAEbB51307aA362Aab2F20d4A5652C8c35cb824b6,28,4.0,32.0
standard,270,0xAEbB51307aA362Aab2F20d4A5652C8c35cb824b6,29,4.0,32.0
standard,271,0xf7fA7F45995F85482614E4c7FdCC037Cfa124d4A,0,4.0,32.0
standard,272,0xf7fA7F45995F85482614E4c7FdCC037Cfa124d4A,1,4.0,32.0
standard,273,0xf7fA7F45995F85482614E4c7FdCC037Cfa124d4A,2,4.0,32.0
standard,274,0xf7fA7F45995F85482614E4c7FdCC037Cfa124d4A,3,4.0,32.0
standard,275,0xf7fA7F45995F85482614E4c7FdCC037Cfa124d4A,4,4.0,32.0
standard,276,0x410A22B5c662B9e3A03DCa5672c06Ac8f6506B36,39,4.0,32.0
standard,277,0x410A22B5c662B9e3A03DCa5672c06Ac8f6506B36,40,4.0,32.0
standard,278,0x410A22B5c662B9e3A03DCa5672c06Ac8f6506B36,41,4.0,32.0
standard,279,0x410A22B5c662B9e3A03DCa5672c06Ac8f6506B36,42,4.0,32.0
standard,280,0x410A22B5c662B9e3A03DCa5672c06Ac8f6506B36,43,4.0,32.0
standard,281,0x410A22B5c662B9e3A03DCa5672c06Ac8f6506B36,44,4.0,32.0
standard,282,0x410A22B5c662B9e3A03DCa5672c06Ac8f6506B36,45,4.0,32.0
standard,283,0x410A22B5c662B9e3A03DCa5672c06Ac8f6506B36,46,4.0,32.0
standard,284,0x07F0505b04b256E60537E3cc79303B38b89F2F56,0,4.0,32.0
standard,285,0x07F0505b04b256E60537E3cc79303B38b89F2F56,1,4.0,32.0
standard,286,0xC2a62c6cfcBA21A863D594c28aE87D4690c82412,10,4.0,32.0
standard,287,0xC2a62c6cfcBA21A863D594c28aE87D4690c82412,11,4.0,32.0
standard,288,0xC2a62c6cfcBA21A863D594c28aE87D4690c82412,12,4.0,32.0
standard,289,0xC2a62c6cfcBA21A863D594c28aE87D4690c82412,13,4.0,32.0
standard,290,0xC2a62c6cfcBA21A863D594c28aE87D4690c82412,14,4.0,32.0
standard,291,0xC2a62c6cfcBA21A863D594c28aE87D4690c82412,15,4.0,32.0
standard,292,0xC2a62c6cfcBA21A863D594c28aE87D4690c82412,16,4.0,32.0
standard,293,0xC2a62c6cfcBA21A863D594c28aE87D4690c82412,17,4.0,32.0
standard,294,0xC2a62c6cfcBA21A863D594c28aE87D4690c82412,18,4.0,32.0
standard,295,0xC2a62c6cfcBA21A863D594c28aE87D4690c82412,19,4.0,32.0
standard,296,0xC2a62c6cfcBA21A863D594c28aE87D4690c82412,20,4.0,32.0
standard,297,0xC2a62c6cfcBA21A863D594c28aE87D4690c82412,21,4.0,32.0
standard,298,0xC2a62c6cfcBA21A863D594c28aE87D4690c82412,22,4.0,32.0
standard,299,0xC2a62c6cfcBA21A863D594c28aE87D4690c82412,23,4.0,32.0
standard,300,0xC2a62c6cfcBA21A863D594c28aE87D4690c82412,24,4.0,32.0
standard,301,0xC2a62c6cfcBA21A863D594c28aE87D4690c82412,25,4.0,32.0
standard,302,0xC2a62c6cfcBA21A863D594c28aE87D4690c82412,26,4.0,32.0
standard,303,0x17208d13C1B60a2532A5bD02cc93dfAC9f836c05,0,4.0,32.0
standard,304,0x17208d13C1B60a2532A5bD02cc93dfAC9f836c05,1,4.0,32.0
standard,305,0x2DCA2A6de4955fAE58210e13d46D01B1126ac364,0,4.0,32.0
standard,306,0x4b66f1cedA1C3F38aB9edB5C22EaF24a2d13B97d,0,4.0,32.0
standard,307,0xc0eC48417C28ad1ad061dA245C91e18C9c9F9276,0,4.0,32.0
standard,308,0xc0eC48417C28ad1ad061dA245C91e18C9c9F9276,1,4.0,32.0
standard,309,0xc0eC48417C28ad1ad061dA245C91e18C9c9F9276,2,4.0,32.0
standard,310,0xc0eC48417C28ad1ad061dA245C91e18C9c9F9276,3,4.0,32.0
standard,311,0xc0eC48417C28ad1ad061dA245C91e18C9c9F9276,4,4.0,32.0
standard,312,0xd8bE6eB9F43C1CA72e7cad1900d5ED68Cad9a8E6,2,4.0,32.0
standard,313,0xDe3bEFd5aa40dC302c0Efb0983fC512c06062bcE,4,4.0,32.0
standard,314,0xfB75920e037176F361aaEb173547Dc6Db1fEb4D4,6,4.0,32.0
standard,315,0xfB75920e037176F361aaEb173547Dc6Db1fEb4D4,7,4.0,32.0
standard,316,0x927771A34DcfbFAa0db53683F78fEA5537Afe9b4,2,4.0,32.0
standard,317,0xc0eC48417C28ad1ad061dA245C91e18C9c9F9276,5,4.0,32.0
standard,318,0xc0eC48417C28ad1ad061dA245C91e18C9c9F9276,6,4.0,32.0
standard,319,0xc0eC48417C28ad1ad061dA245C91e18C9c9F9276,7,4.0,32.0
standard,320,0xc0eC48417C28ad1ad061dA245C91e18C9c9F9276,8,4.0,32.0
standard,321,0xc0eC48417C28ad1ad061dA245C91e18C9c9F9276,9,4.0,32.0
standard,322,0xc0eC48417C28ad1ad061dA245C91e18C9c9F9276,10,4.0,32.0
standard,323,0xc0eC48417C28ad1ad061dA245C91e18C9c9F9276,11,4.0,32.0
standard,324,0xc0eC48417C28ad1ad061dA245C91e18C9c9F9276,12,4.0,32.0
standard,325,0xc0eC48417C28ad1ad061dA245C91e18C9c9F9276,13,4.0,32.0
standard,326,0xc0eC48417C28ad1ad061dA245C91e18C9c9F9276,14,4.0,32.0
standard,327,0xc0eC48417C28ad1ad061dA245C91e18C9c9F9276,15,4.0,32.0
standard,328,0xb8dff64ddccFd6cB8032F4D8cA930A36Bdc3c47d,0,4.0,32.0
standard,329,0xb8dff64ddccFd6cB8032F4D8cA930A36Bdc3c47d,1,4.0,32.0
standard,330,0xb8dff64ddccFd6cB8032F4D8cA930A36Bdc3c47d,2,4.0,32.0
standard,331,0xb8dff64ddccFd6cB8032F4D8cA930A36Bdc3c47d,3,4.0,32.0
standard,332,0xb8dff64ddccFd6cB8032F4D8cA930A36Bdc3c47d,4,4.0,32.0
standard,333,0xb8dff64ddccFd6cB8032F4D8cA930A36Bdc3c47d,5,4.0,32.0
standard,334,0xb8dff64ddccFd6cB8032F4D8cA930A36Bdc3c47d,6,4.0,32.0
standard,335,0xb8dff64ddccFd6cB8032F4D8cA930A36Bdc3c47d,7,4.0,32.0
standard,336,0xb8dff64ddccFd6cB8032F4D8cA930A36Bdc3c47d,8,4.0,32.0
standard,337,0x4a1D58B784bf1808472F108DBEF2ab41c97C02b7,10,4.0,32.0
standard,338,0x4a1D58B784bf1808472F108DBEF2ab41c97C02b7,11,4.0,32.0
standard,339,0x4a1D58B784bf1808472F108DBEF2ab41c97C02b7,12,4.0,32.0
standard,340,0x5061840caeE4439eEe98Dd0EcA18249F2F2F52A0,0,4.0,32.0
standard,341,0x5061840caeE4439eEe98Dd0EcA18249F2F2F52A0,1,4.0,32.0
standard,342,0x5061840caeE4439eEe98Dd0EcA18249F2F2F52A0,2,4.0,32.0
standard,343,0x5061840caeE4439eEe98Dd0EcA18249F2F2F52A0,3,4.0,32.0
standard,344,0x09b5932dC582fdEf98445401Ffac0C9B09Cac798,0,4.0,32.0
standard,345,0x09b5932dC582fdEf98445401Ffac0C9B09Cac798,1,4.0,32.0
standard,346,0xECf80D01EbCDb8C6f275f9D20548aA9A7A15b0C0,18,4.0,32.0
standard,347,0xECf80D01EbCDb8C6f275f9D20548aA9A7A15b0C0,19,4.0,32.0
standard,348,0xECf80D01EbCDb8C6f275f9D20548aA9A7A15b0C0,20,4.0,32.0
standard,349,0xECf80D01EbCDb8C6f275f9D20548aA9A7A15b0C0,21,4.0,32.0
standard,350,0xECf80D01EbCDb8C6f275f9D20548aA9A7A15b0C0,22,4.0,32.0
standard,351,0xECf80D01EbCDb8C6f275f9D20548aA9A7A15b0C0,23,4.0,32.0
standard,352,0xECf80D01EbCDb8C6f275f9D20548aA9A7A15b0C0,24,4.0,32.0
standard,353,0xECf80D01EbCDb8C6f275f9D20548aA9A7A15b0C0,25,4.0,32.0
standard,354,0x5061840caeE4439eEe98Dd0EcA18249F2F2F52A0,4,4.0,32.0
standard,355,0x5061840caeE4439eEe98Dd0EcA18249F2F2F52A0,5,4.0,32.0
standard,356,0x5061840caeE4439eEe98Dd0EcA18249F2F2F52A0,6,4.0,32.0
standard,357,0x5061840caeE4439eEe98Dd0EcA18249F2F2F52A0,7,4.0,32.0
standard,358,0xb699d7EAF5ea699eF53ADa8a44D89920a6107FD1,0,4.0,32.0
standard,359,0xb699d7EAF5ea699eF53ADa8a44D89920a6107FD1,1,4.0,32.0
standard,360,0xb699d7EAF5ea699eF53ADa8a44D89920a6107FD1,2,4.0,32.0
standard,361,0xb699d7EAF5ea699eF53ADa8a44D89920a6107FD1,3,4.0,32.0
standard,362,0xb699d7EAF5ea699eF53ADa8a44D89920a6107FD1,4,4.0,32.0
standard,363,0x3993A11D14B39a816E122E04575D867eb5fa2F14,64,4.0,32.0
standard,364,0xECf80D01EbCDb8C6f275f9D20548aA9A7A15b0C0,26,4.0,32.0
standard,365,0x3993A11D14B39a816E122E04575D867eb5fa2F14,65,4.0,32.0
standard,366,0x3993A11D14B39a816E122E04575D867eb5fa2F14,66,4.0,32.0
standard,367,0x3993A11D14B39a816E122E04575D867eb5fa2F14,67,4.0,32.0
standard,368,0x3993A11D14B39a816E122E04575D867eb5fa2F14,68,4.0,32.0
standard,369,0x9802eAA903C1c39B73a57C1b9C5C63e3875A6195,0,4.0,32.0
standard,370,0x9802eAA903C1c39B73a57C1b9C5C63e3875A6195,1,4.0,32.0
standard,371,0x9802eAA903C1c39B73a57C1b9C5C63e3875A6195,2,4.0,32.0
standard,372,0x155cc72801817589c388beD27Ab3678B42a744E0,8,4.0,32.0
standard,373,0x155cc72801817589c388beD27Ab3678B42a744E0,9,4.0,32.0
standard,374,0xc451aA44d336C30d75A778b968467445A6bfb59a,4,4.0,32.0
standard,375,0xc451aA44d336C30d75A778b968467445A6bfb59a,5,4.0,32.0
standard,376,0xc451aA44d336C30d75A778b968467445A6bfb59a,6,4.0,32.0
standard,377,0xc451aA44d336C30d75A778b968467445A6bfb59a,7,4.0,32.0
standard,378,0x856b5e6B28B85ec8c3e2Ef4e49c1Ca54ad50E3Fc,6,4.0,32.0
standard,379,0x5F19d09553B513c383e8e6bd3Ab9C67F912B0bf3,40,4.0,32.0
standard,380,0x5F19d09553B513c383e8e6bd3Ab9C67F912B0bf3,41,4.0,32.0
standard,381,0x5F19d09553B513c383e8e6bd3Ab9C67F912B0bf3,42,4.0,32.0
standard,382,0x5F19d09553B513c383e8e6bd3Ab9C67F912B0bf3,43,4.0,32.0
standard,383,0x5F19d09553B513c383e8e6bd3Ab9C67F912B0bf3,44,4.0,32.0
standard,384,0x5F19d09553B513c383e8e6bd3Ab9C67F912B0bf3,45,4.0,32.0
standard,385,0x5F19d09553B513c383e8e6bd3Ab9C67F912B0bf3,46,4.0,32.0
standard,386,0x5F19d09553B513c383e8e6bd3Ab9C67F912B0bf3,47,4.0,32.0
standard,387,0x5F19d09553B513c383e8e6bd3Ab9C67F912B0bf3,48,4.0,32.0
standard,388,0x5F19d09553B513c383e8e6bd3Ab9C67F912B0bf3,49,4.0,32.0
standard,389,0x5F19d09553B513c383e8e6bd3Ab9C67F912B0bf3,50,4.0,32.0
standard,390,0x5F19d09553B513c383e8e6bd3Ab9C67F912B0bf3,51,4.0,32.0
standard,391,0x5F19d09553B513c383e8e6bd3Ab9C67F912B0bf3,52,4.0,32.0
standard,392,0x5F19d09553B513c383e8e6bd3Ab9C67F912B0bf3,53,4.0,32.0
standard,393,0x5F19d09553B513c383e8e6bd3Ab9C67F912B0bf3,54,4.0,32.0
standard,394,0x5F19d09553B513c383e8e6bd3Ab9C67F912B0bf3,55,4.0,32.0
standard,395,0x5F19d09553B513c383e8e6bd3Ab9C67F912B0bf3,56,4.0,32.0
standard,396,0x5F19d09553B513c383e8e6bd3Ab9C67F912B0bf3,57,4.0,32.0
standard,397,0x5F19d09553B513c383e8e6bd3Ab9C67F912B0bf3,58,4.0,32.0
standard,398,0x155cc72801817589c388beD27Ab3678B42a744E0,10,4.0,32.0
standard,399,0x155cc72801817589c388beD27Ab3678B42a744E0,11,4.0,32.0
standard,400,0x2aB7c535b1875a4212Eb41e45a905d5F72495B73,2,4.0,32.0
standard,401,0x2aB7c535b1875a4212Eb41e45a905d5F72495B73,3,4.0,32.0
standard,402,0xb18208080441E2C2E1FC7744B975480e75519d99,22,4.0,32.0
standard,403,0xD4b5D5F071397b42628fd1E1D932F19a8Ce79A3b,6,4.0,32.0
standard,404,0x9802eAA903C1c39B73a57C1b9C5C63e3875A6195,3,4.0,32.0
standard,405,0x9802eAA903C1c39B73a57C1b9C5C63e3875A6195,4,4.0,32.0
standard,406,0x9802eAA903C1c39B73a57C1b9C5C63e3875A6195,5,4.0,32.0
standard,407,0x9802eAA903C1c39B73a57C1b9C5C63e3875A6195,6,4.0,32.0
standard,408,0x9802eAA903C1c39B73a57C1b9C5C63e3875A6195,7,4.0,32.0
standard,409,0xa06D6c19E662A1f3608e259753Cd040395F18406,4,4.0,32.0
standard,410,0xa06D6c19E662A1f3608e259753Cd040395F18406,5,4.0,32.0
standard,411,0x83d5972fB93A3BB0dd26e365d030dc1003FDc26c,0,4.0,32.0
standard,412,0x83d5972fB93A3BB0dd26e365d030dc1003FDc26c,1,4.0,32.0
standard,413,0x83d5972fB93A3BB0dd26e365d030dc1003FDc26c,2,4.0,32.0
standard,414,0x83d5972fB93A3BB0dd26e365d030dc1003FDc26c,3,4.0,32.0
standard,415,0x83d5972fB93A3BB0dd26e365d030dc1003FDc26c,4,4.0,32.0
standard,416,0x83d5972fB93A3BB0dd26e365d030dc1003FDc26c,5,4.0,32.0
standard,417,0x83d5972fB93A3BB0dd26e365d030dc1003FDc26c,6,4.0,32.0
standard,418,0x83d5972fB93A3BB0dd26e365d030dc1003FDc26c,7,4.0,32.0
standard,419,0x202e9C76B39F7E1e67F7Cb4F69b0b208491f7514,0,4.0,32.0
standard,420,0x62b90BCa9e9668f2C1e7Cb1a9dAa3BC41D7E00F6,0,4.0,32.0
standard,421,0x62b90BCa9e9668f2C1e7Cb1a9dAa3BC41D7E00F6,1,4.0,32.0
standard,422,0x62b90BCa9e9668f2C1e7Cb1a9dAa3BC41D7E00F6,2,4.0,32.0
standard,423,0x62b90BCa9e9668f2C1e7Cb1a9dAa3BC41D7E00F6,3,4.0,32.0
standard,424,0x62b90BCa9e9668f2C1e7Cb1a9dAa3BC41D7E00F6,4,4.0,32.0
standard,425,0x62b90BCa9e9668f2C1e7Cb1a9dAa3BC41D7E00F6,5,4.0,32.0
standard,426,0x62b90BCa9e9668f2C1e7Cb1a9dAa3BC41D7E00F6,6,4.0,32.0
standard,427,0x62b90BCa9e9668f2C1e7Cb1a9dAa3BC41D7E00F6,7,4.0,32.0
standard,428,0x6e607a4b0Dc7FF62d035F9E54FC33bAAF43A6245,0,4.0,32.0
standard,429,0x24b231f6296A65eb43f4232B8ab1C19E6BBAd409,0,4.0,32.0
standard,430,0xddB825A19dD9f3531035C4E2a42b170710AcE165,0,4.0,32.0
standard,431,0xddB825A19dD9f3531035C4E2a42b170710AcE165,1,4.0,32.0
standard,432,0x11FDC6c0bec40DF6c39f62865350441E30A1e5a2,0,4.0,32.0
standard,433,0x11FDC6c0bec40DF6c39f62865350441E30A1e5a2,1,4.0,32.0
standard,434,0x11FDC6c0bec40DF6c39f62865350441E30A1e5a2,2,4.0,32.0
standard,435,0x11FDC6c0bec40DF6c39f62865350441E30A1e5a2,3,4.0,32.0
standard,436,0x11FDC6c0bec40DF6c39f62865350441E30A1e5a2,4,4.0,32.0
standard,437,0x11FDC6c0bec40DF6c39f62865350441E30A1e5a2,5,4.0,32.0
standard,438,0x11FDC6c0bec40DF6c39f62865350441E30A1e5a2,6,4.0,32.0
standard,439,0x11FDC6c0bec40DF6c39f62865350441E30A1e5a2,7,4.0,32.0
standard,440,0xa805395cd14Da055Ba3F05fF400bCbB68E4b66B0,0,4.0,32.0
standard,441,0x9B6d791482053d988c6F846F230BE4a50Ece5000,0,4.0,32.0
standard,442,0x9B6d791482053d988c6F846F230BE4a50Ece5000,1,4.0,32.0
standard,443,0x9B6d791482053d988c6F846F230BE4a50Ece5000,2,4.0,32.0
standard,444,0x9B6d791482053d988c6F846F230BE4a50Ece5000,3,4.0,32.0
standard,445,0x9B6d791482053d988c6F846F230BE4a50Ece5000,4,4.0,32.0
standard,446,0x9B6d791482053d988c6F846F230BE4a50Ece5000,5,4.0,32.0
standard,447,0x9B6d791482053d988c6F846F230BE4a50Ece5000,6,4.0,32.0
standard,448,0x9B6d791482053d988c6F846F230BE4a50Ece5000,7,4.0,32.0
standard,449,0x3498e8A0BB496Dd801F9a46A867ff3DeC314b9Ad,0,4.0,32.0
standard,450,0x3498e8A0BB496Dd801F9a46A867ff3DeC314b9Ad,1,4.0,32.0
standard,451,0x3498e8A0BB496Dd801F9a46A867ff3DeC314b9Ad,2,4.0,32.0
standard,452,0x3498e8A0BB496Dd801F9a46A867ff3DeC314b9Ad,3,4.0,32.0
standard,453,0x927771A34DcfbFAa0db53683F78fEA5537Afe9b4,25,4.0,32.0
standard,454,0x927771A34DcfbFAa0db53683F78fEA5537Afe9b4,26,4.0,32.0
standard,455,0xaA1B77f558955aF7e5DF8C20357F4065329675b6,0,4.0,32.0
standard,456,0xaA1B77f558955aF7e5DF8C20357F4065329675b6,1,4.0,32.0
standard,457,0x9A3327a9D22d8d51d103E7e3085Ba16bc6d1406e,0,4.0,32.0
standard,458,0x9A3327a9D22d8d51d103E7e3085Ba16bc6d1406e,1,4.0,32.0
standard,459,0x9A3327a9D22d8d51d103E7e3085Ba16bc6d1406e,2,4.0,32.0
standard,460,0x9A3327a9D22d8d51d103E7e3085Ba16bc6d1406e,3,4.0,32.0
standard,461,0x9A3327a9D22d8d51d103E7e3085Ba16bc6d1406e,4,4.0,32.0
standard,462,0x9A3327a9D22d8d51d103E7e3085Ba16bc6d1406e,5,4.0,32.0
standard,463,0x9A3327a9D22d8d51d103E7e3085Ba16bc6d1406e,6,4.0,32.0
standard,464,0x9A3327a9D22d8d51d103E7e3085Ba16bc6d1406e,7,4.0,32.0
standard,465,0xa06D6c19E662A1f3608e259753Cd040395F18406,6,4.0,32.0
standard,466,0xa06D6c19E662A1f3608e259753Cd040395F18406,7,4.0,32.0
standard,467,0xF9F091bD6cc6d53Ce5cd3d4469aF0a975C030501,0,4.0,32.0
standard,468,0xF9F091bD6cc6d53Ce5cd3d4469aF0a975C030501,1,4.0,32.0
standard,469,0xF9F091bD6cc6d53Ce5cd3d4469aF0a975C030501,2,4.0,32.0
standard,470,0xF9F091bD6cc6d53Ce5cd3d4469aF0a975C030501,3,4.0,32.0
standard,471,0xF9F091bD6cc6d53Ce5cd3d4469aF0a975C030501,4,4.0,32.0
standard,472,0xF9F091bD6cc6d53Ce5cd3d4469aF0a975C030501,5,4.0,32.0
standard,473,0xF9F091bD6cc6d53Ce5cd3d4469aF0a975C030501,6,4.0,32.0
standard,474,0xF9F091bD6cc6d53Ce5cd3d4469aF0a975C030501,7,4.0,32.0
standard,475,0xf14dB14F588f984B432FB01260345080528e0FaE,0,4.0,32.0
standard,476,0xf14dB14F588f984B432FB01260345080528e0FaE,1,4.0,32.0
standard,477,0x609391EEe517fb2dB9Cf7262B0FE5EC2A1410484,0,4.0,32.0
standard,478,0x609391EEe517fb2dB9Cf7262B0FE5EC2A1410484,1,4.0,32.0
standard,479,0x609391EEe517fb2dB9Cf7262B0FE5EC2A1410484,2,4.0,32.0
standard,480,0x609391EEe517fb2dB9Cf7262B0FE5EC2A1410484,3,4.0,32.0
standard,481,0x609391EEe517fb2dB9Cf7262B0FE5EC2A1410484,4,4.0,32.0
standard,482,0x609391EEe517fb2dB9Cf7262B0FE5EC2A1410484,5,4.0,32.0
standard,483,0xb8F54C642056BB6fCd6B5aca3F78ffb8569438F0,2,4.0,32.0
standard,484,0xb8F54C642056BB6fCd6B5aca3F78ffb8569438F0,3,4.0,32.0
standard,485,0x2571149F71228A4b91F4Ed6ed5eF9a1618BFDBF9,0,4.0,32.0
standard,486,0x39d19dE7D3f36992cA145d431Fc09b9Aa9928c4b,0,4.0,32.0
standard,487,0x24b231f6296A65eb43f4232B8ab1C19E6BBAd409,1,4.0,32.0
standard,488,0x56F45Fa3E02162b6F2A4d00950276Add90ec9EFa,0,4.0,32.0
standard,489,0x56F45Fa3E02162b6F2A4d00950276Add90ec9EFa,1,4.0,32.0
standard,490,0xc328cA0b35549d993674407EBF3C547A2984F240,0,4.0,32.0
standard,491,0xc328cA0b35549d993674407EBF3C547A2984F240,1,4.0,32.0
standard,492,0xc328cA0b35549d993674407EBF3C547A2984F240,2,4.0,32.0
standard,493,0xc328cA0b35549d993674407EBF3C547A2984F240,3,4.0,32.0
standard,494,0xc328cA0b35549d993674407EBF3C547A2984F240,4,4.0,32.0
standard,495,0xc328cA0b35549d993674407EBF3C547A2984F240,5,4.0,32.0
standard,496,0xc328cA0b35549d993674407EBF3C547A2984F240,6,4.0,32.0
standard,497,0xc328cA0b35549d993674407EBF3C547A2984F240,7,4.0,32.0
standard,498,0xC06b82f4D00088A85BA449830692dBfA894d812A,0,4.0,32.0
standard,499,0xC06b82f4D00088A85BA449830692dBfA894d812A,1,4.0,32.0
standard,500,0xA59e63eEe2f1a8F0517Aa2ABa896fe76584c1Ae3,0,4.0,32.0
standard,501,0xA59e63eEe2f1a8F0517Aa2ABa896fe76584c1Ae3,1,4.0,32.0
standard,502,0xa06D6c19E662A1f3608e259753Cd040395F18406,8,4.0,32.0
standard,503,0xa06D6c19E662A1f3608e259753Cd040395F18406,9,4.0,32.0
standard,504,0xa06D6c19E662A1f3608e259753Cd040395F18406,10,4.0,32.0
standard,505,0xa06D6c19E662A1f3608e259753Cd040395F18406,11,4.0,32.0
standard,506,0xa06D6c19E662A1f3608e259753Cd040395F18406,12,4.0,32.0
standard,507,0xa06D6c19E662A1f3608e259753Cd040395F18406,13,4.0,32.0
standard,508,0x68f47397B8B665bEa18D8205e491c21d2041355E,0,4.0,32.0
standard,509,0x68f47397B8B665bEa18D8205e491c21d2041355E,1,4.0,32.0
standard,510,0x64cb5817D21Fe30Ae7d05676e365Ccb0378F9A57,0,4.0,32.0
standard,511,0x4CE5D4e9C6b12C2E2Fb9E7aC39BB9407c95E2e84,0,4.0,32.0
standard,512,0x1aff7c95408366749369BBa1BE68584c35F3A90A,2,4.0,32.0
standard,513,0xB3815c0c2Ce48B0236E5411532Efd0747de31Fc4,0,4.0,32.0
standard,514,0x5F19d09553B513c383e8e6bd3Ab9C67F912B0bf3,59,4.0,32.0
standard,515,0x5F19d09553B513c383e8e6bd3Ab9C67F912B0bf3,60,4.0,32.0
standard,516,0x5F19d09553B513c383e8e6bd3Ab9C67F912B0bf3,61,4.0,32.0
standard,517,0x5F19d09553B513c383e8e6bd3Ab9C67F912B0bf3,62,4.0,32.0
standard,518,0x5F19d09553B513c383e8e6bd3Ab9C67F912B0bf3,63,4.0,32.0
standard,519,0x4938a3B69dB009CCbCAd978F656F2eCa37Bd1AEd,0,4.0,32.0
standard,520,0x4938a3B69dB009CCbCAd978F656F2eCa37Bd1AEd,1,4.0,32.0
standard,521,0x4938a3B69dB009CCbCAd978F656F2eCa37Bd1AEd,2,4.0,32.0
standard,522,0x8D8968327eF5B1a80A28e9d810c49e25723ef520,0,4.0,32.0
standard,523,0xBB53dC534b2203b7BA8D3FD93059F0A2B401fe20,0,4.0,32.0
standard,524,0x0C6d8747Def4C81b6B6a4dEDc8d2B3c589216229,0,4.0,32.0
standard,525,0xe60Cdf497A69f0Ed0C4Dc66Aa4dBE85ea32B2C7b,4,4.0,32.0
standard,526,0xe60Cdf497A69f0Ed0C4Dc66Aa4dBE85ea32B2C7b,5,4.0,32.0
standard,527,0x07A6bb771eB95d06C58fa4206df17d6e19BaAdAE,14,4.0,32.0
standard,528,0x07A6bb771eB95d06C58fa4206df17d6e19BaAdAE,15,4.0,32.0
standard,529,0x397D26285ac9e922Cd698b1bfE576d2D6253e92F,0,4.0,32.0
standard,530,0x397D26285ac9e922Cd698b1bfE576d2D6253e92F,1,4.0,32.0
standard,531,0x397D26285ac9e922Cd698b1bfE576d2D6253e92F,2,4.0,32.0
standard,532,0x397D26285ac9e922Cd698b1bfE576d2D6253e92F,3,4.0,32.0
standard,533,0x397D26285ac9e922Cd698b1bfE576d2D6253e92F,4,4.0,32.0
standard,534,0xBD1cf77299d45F61eC4281FfE264b5B9Dd75195b,0,4.0,32.0
standard,535,0xCff5F7853D8a6d414e17f30Be2EF5b7ee642d9e9,0,4.0,32.0
standard,536,0xf642E232f9A73B5D04E5677ea4bF04CE50335459,0,4.0,32.0
standard,537,0x6e3d75F9de07a27697daA5db74AFCD3A03ac5F42,0,4.0,32.0
standard,538,0x6e3d75F9de07a27697daA5db74AFCD3A03ac5F42,1,4.0,32.0
standard,539,0x6e3d75F9de07a27697daA5db74AFCD3A03ac5F42,2,4.0,32.0
standard,540,0x6e3d75F9de07a27697daA5db74AFCD3A03ac5F42,3,4.0,32.0
standard,541,0x6e3d75F9de07a27697daA5db74AFCD3A03ac5F42,4,4.0,32.0
standard,542,0x6e3d75F9de07a27697daA5db74AFCD3A03ac5F42,5,4.0,32.0
standard,543,0x3597956eF12D6f841855D3f97F193152239e24cf,0,4.0,32.0
standard,544,0xC59B46BdaDF4b9e63B279E89E762B84A33E5532F,0,4.0,32.0
standard,545,0xC59B46BdaDF4b9e63B279E89E762B84A33E5532F,1,4.0,32.0
standard,546,0xBa38d1263e4D241967c06272c35bF8AE3f08e688,4,4.0,32.0
standard,547,0x20203A66C58F48c8b63cB4Aa25Ee050B0fC7d3Ad,0,4.0,32.0
standard,548,0xA52b1d05AcF9ecD56556F4cE89B28b20E9Dd9651,180,4.0,32.0
standard,549,0xF52C1e43d2cDc630FDBC3Fca1e5F9e015D0D636b,0,4.0,32.0
standard,550,0xaabC622455E489f27ffe18697bB6F09c8FeE7287,2,4.0,32.0
standard,551,0xaabC622455E489f27ffe18697bB6F09c8FeE7287,3,4.0,32.0
standard,552,0xA52b1d05AcF9ecD56556F4cE89B28b20E9Dd9651,350,4.0,32.0
standard,553,0xA52b1d05AcF9ecD56556F4cE89B28b20E9Dd9651,351,4.0,32.0
standard,554,0xA52b1d05AcF9ecD56556F4cE89B28b20E9Dd9651,352,4.0,32.0
standard,555,0xA52b1d05AcF9ecD56556F4cE89B28b20E9Dd9651,353,4.0,32.0
standard,556,0xA52b1d05AcF9ecD56556F4cE89B28b20E9Dd9651,354,4.0,32.0
standard,557,0xA52b1d05AcF9ecD56556F4cE89B28b20E9Dd9651,355,4.0,32.0
standard,558,0xA52b1d05AcF9ecD56556F4cE89B28b20E9Dd9651,356,4.0,32.0
standard,559,0xA52b1d05AcF9ecD56556F4cE89B28b20E9Dd9651,357,4.0,32.0
standard,560,0xA52b1d05AcF9ecD56556F4cE89B28b20E9Dd9651,358,4.0,32.0
standard,561,0xA52b1d05AcF9ecD56556F4cE89B28b20E9Dd9651,359,4.0,32.0
standard,562,0x856b5e6B28B85ec8c3e2Ef4e49c1Ca54ad50E3Fc,7,4.0,32.0
standard,563,0x16b0B201d92499619Bd28B02E7718971c1849FFc,0,4.0,32.0
standard,564,0x16b0B201d92499619Bd28B02E7718971c1849FFc,1,4.0,32.0
standard,565,0x16b0B201d92499619Bd28B02E7718971c1849FFc,2,4.0,32.0
standard,566,0x16b0B201d92499619Bd28B02E7718971c1849FFc,3,4.0,32.0
standard,567,0x16b0B201d92499619Bd28B02E7718971c1849FFc,4,4.0,32.0
standard,568,0x16b0B201d92499619Bd28B02E7718971c1849FFc,5,4.0,32.0
standard,569,0x4E17015EA1F9E736E0bd8FD77BA7E4C035f973aC,0,4.0,32.0
standard,570,0xd7CeDaebefbaFD182b7f7B73d12908c69bD1E16B,0,4.0,32.0
standard,571,0xd7CeDaebefbaFD182b7f7B73d12908c69bD1E16B,1,4.0,32.0
standard,572,0x33ee9a47Ab32b8D0F3FEc21eb6b5Dd0B1e4FA0e5,0,4.0,32.0
standard,573,0x33ee9a47Ab32b8D0F3FEc21eb6b5Dd0B1e4FA0e5,1,4.0,32.0
standard,574,0x33ee9a47Ab32b8D0F3FEc21eb6b5Dd0B1e4FA0e5,2,4.0,32.0
standard,575,0x33ee9a47Ab32b8D0F3FEc21eb6b5Dd0B1e4FA0e5,3,4.0,32.0
standard,576,0x33ee9a47Ab32b8D0F3FEc21eb6b5Dd0B1e4FA0e5,4,4.0,32.0
standard,577,0x2642d9f76D547eEfBE53Bf4c2dafaFaBDF135655,0,4.0,32.0
standard,578,0x2642d9f76D547eEfBE53Bf4c2dafaFaBDF135655,1,4.0,32.0
standard,579,0xa8A145779dff4556fA37AA271F3f1b08C3A310d8,0,4.0,32.0
standard,580,0x69366E127515e0354e604eBB0dFB6d5df1111379,14,4.0,32.0
standard,581,0x69366E127515e0354e604eBB0dFB6d5df1111379,15,4.0,32.0
standard,582,0x69366E127515e0354e604eBB0dFB6d5df1111379,16,4.0,32.0
standard,583,0x69366E127515e0354e604eBB0dFB6d5df1111379,17,4.0,32.0
standard,584,0x9b889DA7e6F0Da5B3f545e77cf642DF003E6cF36,0,4.0,32.0
standard,585,0x7eA108a27Ab04Ac1eBE61F58570EA02c7F5be252,0,4.0,32.0
standard,586,0x7eA108a27Ab04Ac1eBE61F58570EA02c7F5be252,1,4.0,32.0
standard,587,0x54f3c408c3FF48e45c4aB1ef07Eedd6C58565dba,0,4.0,32.0
standard,588,0x54f3c408c3FF48e45c4aB1ef07Eedd6C58565dba,1,4.0,32.0
standard,589,0x54f3c408c3FF48e45c4aB1ef07Eedd6C58565dba,2,4.0,32.0
standard,590,0x54f3c408c3FF48e45c4aB1ef07Eedd6C58565dba,3,4.0,32.0
standard,591,0x6F9DC32c23139C4866D884121bED649c15Bf1BD1,0,4.0,32.0
standard,592,0x6F9DC32c23139C4866D884121bED649c15Bf1BD1,1,4.0,32.0
standard,593,0x6F9DC32c23139C4866D884121bED649c15Bf1BD1,2,4.0,32.0
standard,594,0x6F9DC32c23139C4866D884121bED649c15Bf1BD1,3,4.0,32.0
standard,595,0x6F9DC32c23139C4866D884121bED649c15Bf1BD1,4,4.0,32.0
standard,596,0x6F9DC32c23139C4866D884121bED649c15Bf1BD1,5,4.0,32.0
standard,597,0x6F9DC32c23139C4866D884121bED649c15Bf1BD1,6,4.0,32.0
standard,598,0x6F9DC32c23139C4866D884121bED649c15Bf1BD1,7,4.0,32.0
standard,599,0x6F9DC32c23139C4866D884121bED649c15Bf1BD1,8,4.0,32.0
standard,600,0x6F9DC32c23139C4866D884121bED649c15Bf1BD1,9,4.0,32.0
standard,601,0x6F9DC32c23139C4866D884121bED649c15Bf1BD1,10,4.0,32.0
standard,602,0x6F9DC32c23139C4866D884121bED649c15Bf1BD1,11,4.0,32.0
standard,603,0x6F9DC32c23139C4866D884121bED649c15Bf1BD1,12,4.0,32.0
standard,604,0x6F9DC32c23139C4866D884121bED649c15Bf1BD1,13,4.0,32.0
standard,605,0x6F9DC32c23139C4866D884121bED649c15Bf1BD1,14,4.0,32.0
standard,606,0x6F9DC32c23139C4866D884121bED649c15Bf1BD1,15,4.0,32.0
standard,607,0x6F9DC32c23139C4866D884121bED649c15Bf1BD1,16,4.0,32.0
standard,608,0x6F9DC32c23139C4866D884121bED649c15Bf1BD1,17,4.0,32.0
standard,609,0x6F9DC32c23139C4866D884121bED649c15Bf1BD1,18,4.0,32.0
standard,610,0x6F9DC32c23139C4866D884121bED649c15Bf1BD1,19,4.0,32.0
standard,611,0x6F9DC32c23139C4866D884121bED649c15Bf1BD1,20,4.0,32.0
standard,612,0x6F9DC32c23139C4866D884121bED649c15Bf1BD1,21,4.0,32.0
standard,613,0x6F9DC32c23139C4866D884121bED649c15Bf1BD1,22,4.0,32.0
standard,614,0x6F9DC32c23139C4866D884121bED649c15Bf1BD1,23,4.0,32.0
standard,615,0x6F9DC32c23139C4866D884121bED649c15Bf1BD1,24,4.0,32.0
standard,616,0x6F9DC32c23139C4866D884121bED649c15Bf1BD1,25,4.0,32.0
standard,617,0x6F9DC32c23139C4866D884121bED649c15Bf1BD1,26,4.0,32.0
standard,618,0x6F9DC32c23139C4866D884121bED649c15Bf1BD1,27,4.0,32.0
standard,619,0x6F9DC32c23139C4866D884121bED649c15Bf1BD1,28,4.0,32.0
standard,620,0x6F9DC32c23139C4866D884121bED649c15Bf1BD1,29,4.0,32.0
standard,621,0x6F9DC32c23139C4866D884121bED649c15Bf1BD1,30,4.0,32.0
standard,622,0x6F9DC32c23139C4866D884121bED649c15Bf1BD1,31,4.0,32.0
standard,623,0x6F9DC32c23139C4866D884121bED649c15Bf1BD1,32,4.0,32.0
standard,624,0x6F9DC32c23139C4866D884121bED649c15Bf1BD1,33,4.0,32.0
standard,625,0x6F9DC32c23139C4866D884121bED649c15Bf1BD1,34,4.0,32.0
standard,626,0x6F9DC32c23139C4866D884121bED649c15Bf1BD1,35,4.0,32.0
standard,627,0x6F9DC32c23139C4866D884121bED649c15Bf1BD1,36,4.0,32.0
standard,628,0x6F9DC32c23139C4866D884121bED649c15Bf1BD1,37,4.0,32.0
standard,629,0x6F9DC32c23139C4866D884121bED649c15Bf1BD1,38,4.0,32.0
standard,630,0x6F9DC32c23139C4866D884121bED649c15Bf1BD1,39,4.0,32.0
standard,631,0x6F9DC32c23139C4866D884121bED649c15Bf1BD1,40,4.0,32.0
standard,632,0x6F9DC32c23139C4866D884121bED649c15Bf1BD1,41,4.0,32.0
standard,633,0x6F9DC32c23139C4866D884121bED649c15Bf1BD1,42,4.0,32.0
standard,634,0x6F9DC32c23139C4866D884121bED649c15Bf1BD1,43,4.0,32.0
standard,635,0x6F9DC32c23139C4866D884121bED649c15Bf1BD1,44,4.0,32.0
standard,636,0x6F9DC32c23139C4866D884121bED649c15Bf1BD1,45,4.0,32.0
standard,637,0x6F9DC32c23139C4866D884121bED649c15Bf1BD1,46,4.0,32.0
standard,638,0x6F9DC32c23139C4866D884121bED649c15Bf1BD1,47,4.0,32.0
standard,639,0x6F9DC32c23139C4866D884121bED649c15Bf1BD1,48,4.0,32.0
standard,640,0x6F9DC32c23139C4866D884121bED649c15Bf1BD1,49,4.0,32.0
standard,641,0x6F9DC32c23139C4866D884121bED649c15Bf1BD1,50,4.0,32.0
standard,642,0x6F9DC32c23139C4866D884121bED649c15Bf1BD1,51,4.0,32.0
standard,643,0x6F9DC32c23139C4866D884121bED649c15Bf1BD1,52,4.0,32.0
standard,644,0x6F9DC32c23139C4866D884121bED649c15Bf1BD1,53,4.0,32.0
standard,645,0x6F9DC32c23139C4866D884121bED649c15Bf1BD1,54,4.0,32.0
standard,646,0x6F9DC32c23139C4866D884121bED649c15Bf1BD1,55,4.0,32.0
standard,647,0x6F9DC32c23139C4866D884121bED649c15Bf1BD1,56,4.0,32.0
standard,648,0x6F9DC32c23139C4866D884121bED649c15Bf1BD1,57,4.0,32.0
standard,649,0x6F9DC32c23139C4866D884121bED649c15Bf1BD1,58,4.0,32.0
standard,650,0x6F9DC32c23139C4866D884121bED649c15Bf1BD1,59,4.0,32.0
standard,651,0x6F9DC32c23139C4866D884121bED649c15Bf1BD1,60,4.0,32.0
standard,652,0x6F9DC32c23139C4866D884121bED649c15Bf1BD1,61,4.0,32.0
standard,653,0x6F9DC32c23139C4866D884121bED649c15Bf1BD1,62,4.0,32.0
standard,654,0x6F9DC32c23139C4866D884121bED649c15Bf1BD1,63,4.0,32.0
standard,655,0x6F9DC32c23139C4866D884121bED649c15Bf1BD1,64,4.0,32.0
standard,656,0x6F9DC32c23139C4866D884121bED649c15Bf1BD1,65,4.0,32.0
standard,657,0x6F9DC32c23139C4866D884121bED649c15Bf1BD1,66,4.0,32.0
standard,658,0x6F9DC32c23139C4866D884121bED649c15Bf1BD1,67,4.0,32.0
standard,659,0x6F9DC32c23139C4866D884121bED649c15Bf1BD1,68,4.0,32.0
standard,660,0x6F9DC32c23139C4866D884121bED649c15Bf1BD1,69,4.0,32.0
standard,661,0x6F9DC32c23139C4866D884121bED649c15Bf1BD1,70,4.0,32.0
standard,662,0x6F9DC32c23139C4866D884121bED649c15Bf1BD1,71,4.0,32.0
standard,663,0x6F9DC32c23139C4866D884121bED649c15Bf1BD1,72,4.0,32.0
standard,664,0x6F9DC32c23139C4866D884121bED649c15Bf1BD1,73,4.0,32.0
standard,665,0x6F9DC32c23139C4866D884121bED649c15Bf1BD1,74,4.0,32.0
standard,666,0x6F9DC32c23139C4866D884121bED649c15Bf1BD1,75,4.0,32.0
standard,667,0x6F9DC32c23139C4866D884121bED649c15Bf1BD1,76,4.0,32.0
standard,668,0x6F9DC32c23139C4866D884121bED649c15Bf1BD1,77,4.0,32.0
standard,669,0x6F9DC32c23139C4866D884121bED649c15Bf1BD1,78,4.0,32.0
standard,670,0x6F9DC32c23139C4866D884121bED649c15Bf1BD1,79,4.0,32.0
standard,671,0x6F9DC32c23139C4866D884121bED649c15Bf1BD1,80,4.0,32.0
standard,672,0x6F9DC32c23139C4866D884121bED649c15Bf1BD1,81,4.0,32.0
standard,673,0x6F9DC32c23139C4866D884121bED649c15Bf1BD1,82,4.0,32.0
standard,674,0x6F9DC32c23139C4866D884121bED649c15Bf1BD1,83,4.0,32.0
standard,675,0x6F9DC32c23139C4866D884121bED649c15Bf1BD1,84,4.0,32.0
standard,676,0x6F9DC32c23139C4866D884121bED649c15Bf1BD1,85,4.0,32.0
standard,677,0x6F9DC32c23139C4866D884121bED649c15Bf1BD1,86,4.0,32.0
standard,678,0x6F9DC32c23139C4866D884121bED649c15Bf1BD1,87,4.0,32.0
standard,679,0x6F9DC32c23139C4866D884121bED649c15Bf1BD1,88,4.0,32.0
standard,680,0x6F9DC32c23139C4866D884121bED649c15Bf1BD1,89,4.0,32.0
standard,681,0x6F9DC32c23139C4866D884121bED649c15Bf1BD1,90,4.0,32.0
standard,682,0x6F9DC32c23139C4866D884121bED649c15Bf1BD1,91,4.0,32.0
standard,683,0x6F9DC32c23139C4866D884121bED649c15Bf1BD1,92,4.0,32.0
standard,684,0x6F9DC32c23139C4866D884121bED649c15Bf1BD1,93,4.0,32.0
standard,685,0x6F9DC32c23139C4866D884121bED649c15Bf1BD1,94,4.0,32.0
standard,686,0x6F9DC32c23139C4866D884121bED649c15Bf1BD1,95,4.0,32.0
standard,687,0x6F9DC32c23139C4866D884121bED649c15Bf1BD1,96,4.0,32.0
standard,688,0x6F9DC32c23139C4866D884121bED649c15Bf1BD1,97,4.0,32.0
standard,689,0x6F9DC32c23139C4866D884121bED649c15Bf1BD1,98,4.0,32.0
standard,690,0x6F9DC32c23139C4866D884121bED649c15Bf1BD1,99,4.0,32.0
standard,691,0x6F9DC32c23139C4866D884121bED649c15Bf1BD1,100,4.0,32.0
standard,692,0x6F9DC32c23139C4866D884121bED649c15Bf1BD1,101,4.0,32.0
standard,693,0x6F9DC32c23139C4866D884121bED649c15Bf1BD1,102,4.0,32.0
standard,694,0x6F9DC32c23139C4866D884121bED649c15Bf1BD1,103,4.0,32.0
standard,695,0x6F9DC32c23139C4866D884121bED649c15Bf1BD1,104,4.0,32.0
standard,696,0x6F9DC32c23139C4866D884121bED649c15Bf1BD1,105,4.0,32.0
standard,697,0x6F9DC32c23139C4866D884121bED649c15Bf1BD1,106,4.0,32.0
standard,698,0x6F9DC32c23139C4866D884121bED649c15Bf1BD1,107,4.0,32.0
standard,699,0x6F9DC32c23139C4866D884121bED649c15Bf1BD1,108,4.0,32.0
standard,700,0x6F9DC32c23139C4866D884121bED649c15Bf1BD1,109,4.0,32.0
standard,701,0x6F9DC32c23139C4866D884121bED649c15Bf1BD1,110,4.0,32.0
standard,702,0x6F9DC32c23139C4866D884121bED649c15Bf1BD1,111,4.0,32.0
standard,703,0x6F9DC32c23139C4866D884121bED649c15Bf1BD1,112,4.0,32.0
standard,704,0x6F9DC32c23139C4866D884121bED649c15Bf1BD1,113,4.0,32.0
standard,705,0x6F9DC32c23139C4866D884121bED649c15Bf1BD1,114,4.0,32.0
standard,706,0x6F9DC32c23139C4866D884121bED649c15Bf1BD1,115,4.0,32.0
standard,707,0x6F9DC32c23139C4866D884121bED649c15Bf1BD1,116,4.0,32.0
standard,708,0x6F9DC32c23139C4866D884121bED649c15Bf1BD1,117,4.0,32.0
standard,709,0x6F9DC32c23139C4866D884121bED649c15Bf1BD1,118,4.0,32.0
standard,710,0x6F9DC32c23139C4866D884121bED649c15Bf1BD1,119,4.0,32.0
standard,711,0x6F9DC32c23139C4866D884121bED649c15Bf1BD1,120,4.0,32.0
standard,712,0x6F9DC32c23139C4866D884121bED649c15Bf1BD1,121,4.0,32.0
standard,713,0x6F9DC32c23139C4866D884121bED649c15Bf1BD1,122,4.0,32.0
standard,714,0x6F9DC32c23139C4866D884121bED649c15Bf1BD1,123,4.0,32.0
standard,715,0x6F9DC32c23139C4866D884121bED649c15Bf1BD1,124,4.0,32.0
standard,716,0x6F9DC32c23139C4866D884121bED649c15Bf1BD1,125,4.0,32.0
standard,717,0x6F9DC32c23139C4866D884121bED649c15Bf1BD1,126,4.0,32.0
standard,718,0x6F9DC32c23139C4866D884121bED649c15Bf1BD1,127,4.0,32.0
standard,719,0x6F9DC32c23139C4866D884121bED649c15Bf1BD1,128,4.0,32.0
standard,720,0x6F9DC32c23139C4866D884121bED649c15Bf1BD1,129,4.0,32.0
standard,721,0x6F9DC32c23139C4866D884121bED649c15Bf1BD1,130,4.0,32.0
standard,722,0x6F9DC32c23139C4866D884121bED649c15Bf1BD1,131,4.0,32.0
standard,723,0x6F9DC32c23139C4866D884121bED649c15Bf1BD1,132,4.0,32.0
standard,724,0x6F9DC32c23139C4866D884121bED649c15Bf1BD1,133,4.0,32.0
standard,725,0x6F9DC32c23139C4866D884121bED649c15Bf1BD1,134,4.0,32.0
standard,726,0x6F9DC32c23139C4866D884121bED649c15Bf1BD1,135,4.0,32.0
standard,727,0x6F9DC32c23139C4866D884121bED649c15Bf1BD1,136,4.0,32.0
standard,728,0x6F9DC32c23139C4866D884121bED649c15Bf1BD1,137,4.0,32.0
standard,729,0x6F9DC32c23139C4866D884121bED649c15Bf1BD1,138,4.0,32.0
standard,730,0x6F9DC32c23139C4866D884121bED649c15Bf1BD1,139,4.0,32.0
standard,731,0x6F9DC32c23139C4866D884121bED649c15Bf1BD1,140,4.0,32.0
standard,732,0x6F9DC32c23139C4866D884121bED649c15Bf1BD1,141,4.0,32.0
standard,733,0x6F9DC32c23139C4866D884121bED649c15Bf1BD1,142,4.0,32.0
standard,734,0x6F9DC32c23139C4866D884121bED649c15Bf1BD1,143,4.0,32.0
standard,735,0x6F9DC32c23139C4866D884121bED649c15Bf1BD1,144,4.0,32.0
standard,736,0x6F9DC32c23139C4866D884121bED649c15Bf1BD1,145,4.0,32.0
standard,737,0x6F9DC32c23139C4866D884121bED649c15Bf1BD1,146,4.0,32.0
standard,738,0x6F9DC32c23139C4866D884121bED649c15Bf1BD1,147,4.0,32.0
standard,739,0x6F9DC32c23139C4866D884121bED649c15Bf1BD1,148,4.0,32.0
standard,740,0x6F9DC32c23139C4866D884121bED649c15Bf1BD1,149,4.0,32.0
standard,741,0x6F9DC32c23139C4866D884121bED649c15Bf1BD1,150,4.0,32.0
standard,742,0x6F9DC32c23139C4866D884121bED649c15Bf1BD1,151,4.0,32.0
standard,743,0x6F9DC32c23139C4866D884121bED649c15Bf1BD1,152,4.0,32.0
standard,744,0x6F9DC32c23139C4866D884121bED649c15Bf1BD1,153,4.0,32.0
standard,745,0x6F9DC32c23139C4866D884121bED649c15Bf1BD1,154,4.0,32.0
standard,746,0x6F9DC32c23139C4866D884121bED649c15Bf1BD1,155,4.0,32.0
standard,747,0x6F9DC32c23139C4866D884121bED649c15Bf1BD1,156,4.0,32.0
standard,748,0x6F9DC32c23139C4866D884121bED649c15Bf1BD1,157,4.0,32.0
standard,749,0x6F9DC32c23139C4866D884121bED649c15Bf1BD1,158,4.0,32.0
standard,750,0x6F9DC32c23139C4866D884121bED649c15Bf1BD1,159,4.0,32.0
standard,751,0x6F9DC32c23139C4866D884121bED649c15Bf1BD1,160,4.0,32.0
standard,752,0x6F9DC32c23139C4866D884121bED649c15Bf1BD1,161,4.0,32.0
standard,753,0x6F9DC32c23139C4866D884121bED649c15Bf1BD1,162,4.0,32.0
standard,754,0x6F9DC32c23139C4866D884121bED649c15Bf1BD1,163,4.0,32.0
standard,755,0x6F9DC32c23139C4866D884121bED649c15Bf1BD1,164,4.0,32.0
standard,756,0x6F9DC32c23139C4866D884121bED649c15Bf1BD1,165,4.0,32.0
standard,757,0x6F9DC32c23139C4866D884121bED649c15Bf1BD1,166,4.0,32.0
standard,758,0x6F9DC32c23139C4866D884121bED649c15Bf1BD1,167,4.0,32.0
standard,759,0x6F9DC32c23139C4866D884121bED649c15Bf1BD1,168,4.0,32.0
standard,760,0x6F9DC32c23139C4866D884121bED649c15Bf1BD1,169,4.0,32.0
standard,761,0x6F9DC32c23139C4866D884121bED649c15Bf1BD1,170,4.0,32.0
standard,762,0x6F9DC32c23139C4866D884121bED649c15Bf1BD1,171,4.0,32.0
standard,763,0x6F9DC32c23139C4866D884121bED649c15Bf1BD1,172,4.0,32.0
standard,764,0x6F9DC32c23139C4866D884121bED649c15Bf1BD1,173,4.0,32.0
standard,765,0x6F9DC32c23139C4866D884121bED649c15Bf1BD1,174,4.0,32.0
standard,766,0x6F9DC32c23139C4866D884121bED649c15Bf1BD1,175,4.0,32.0
standard,767,0x6F9DC32c23139C4866D884121bED649c15Bf1BD1,176,4.0,32.0
standard,768,0x6F9DC32c23139C4866D884121bED649c15Bf1BD1,177,4.0,32.0
standard,769,0x6F9DC32c23139C4866D884121bED649c15Bf1BD1,178,4.0,32.0
standard,770,0x6F9DC32c23139C4866D884121bED649c15Bf1BD1,179,4.0,32.0
standard,771,0x6F9DC32c23139C4866D884121bED649c15Bf1BD1,180,4.0,32.0
standard,772,0x6F9DC32c23139C4866D884121bED649c15Bf1BD1,181,4.0,32.0
standard,773,0x6F9DC32c23139C4866D884121bED649c15Bf1BD1,182,4.0,32.0
standard,774,0x6F9DC32c23139C4866D884121bED649c15Bf1BD1,183,4.0,32.0
standard,775,0x6F9DC32c23139C4866D884121bED649c15Bf1BD1,184,4.0,32.0
standard,776,0x6F9DC32c23139C4866D884121bED649c15Bf1BD1,185,4.0,32.0
standard,777,0x6F9DC32c23139C4866D884121bED649c15Bf1BD1,186,4.0,32.0
standard,778,0x6F9DC32c23139C4866D884121bED649c15Bf1BD1,187,4.0,32.0
standard,779,0x6F9DC32c23139C4866D884121bED649c15Bf1BD1,188,4.0,32.0
standard,780,0x6F9DC32c23139C4866D884121bED649c15Bf1BD1,189,4.0,32.0
standard,781,0x6F9DC32c23139C4866D884121bED649c15Bf1BD1,190,4.0,32.0
standard,782,0x6F9DC32c23139C4866D884121bED649c15Bf1BD1,191,4.0,32.0
standard,783,0x6F9DC32c23139C4866D884121bED649c15Bf1BD1,192,4.0,32.0
standard,784,0x6F9DC32c23139C4866D884121bED649c15Bf1BD1,193,4.0,32.0
standard,785,0x6F9DC32c23139C4866D884121bED649c15Bf1BD1,194,4.0,32.0
standard,786,0x6F9DC32c23139C4866D884121bED649c15Bf1BD1,195,4.0,32.0
standard,787,0x6F9DC32c23139C4866D884121bED649c15Bf1BD1,196,4.0,32.0
standard,788,0x6F9DC32c23139C4866D884121bED649c15Bf1BD1,197,4.0,32.0
standard,789,0x6F9DC32c23139C4866D884121bED649c15Bf1BD1,198,4.0,32.0
standard,790,0x6F9DC32c23139C4866D884121bED649c15Bf1BD1,199,4.0,32.0
standard,791,0xAe5c9B4e6B511e49ceb2f822916eae74EF27FAF9,5,4.0,32.0
standard,792,0xAe5c9B4e6B511e49ceb2f822916eae74EF27FAF9,6,4.0,32.0
